SHIPMENT_NUMBER,CARRIER_ID,VEHICLE_SIZE,VEHICLE_BUILD_UP,FIRST_COLLECTION_POST_CODE,LAST_DELIVERY_POST_CODE,FIRST_COLLECTION_LATITUDE,FIRST_COLLECTION_LONGITUDE,LAST_DELIVERY_LATITUDE,LAST_DELIVERY_LONGITUDE,FIRST_COLLECTION_SCHEDULE_EARLIEST,FIRST_COLLECTION_SCHEDULE_LATEST,LAST_DELIVERY_SCHEDULE_EARLIEST,LAST_DELIVERY_SCHEDULE_LATEST,on_time_estimation
SEZHUK-230918-245388,CAUK000250,Tractor Unit,Curtain-Side 13.6M Trailer,S80 3FY,MITCHELSTOWN,53.293393,-1.074008,52.276579,-8.258109,2023-10-09 00:00:00+00:00,2023-10-09 23:59:00+00:00,2023-10-10 11:25:00+00:00,2023-10-10 11:55:00+00:00,False
SEZHUK-230919-245487,CAUK000863,Tractor Unit,Curtain-Side 13.6M Trailer,NG13 0EP,S43 3FG,53.700876,-1.417148,53.258602,-1.320728,2023-11-30 09:30:00+00:00,2023-11-30 10:00:00+00:00,2023-11-30 15:30:00+00:00,2023-11-30 16:00:00+00:00,True
SEZHUK-230919-245488,CAUK000863,Tractor Unit,Curtain-Side 13.6M Trailer,NG13 0EP,S43 3FG,53.700876,-1.417148,53.258602,-1.320728,2023-10-12 09:30:00+00:00,2023-10-12 10:00:00+00:00,2023-10-12 15:30:00+00:00,2023-10-12 16:00:00+00:00,True
SEZHUK-230919-245489,CAUK000863,Tractor Unit,Curtain-Side 13.6M Trailer,NG13 0EP,S43 3FG,53.700876,-1.417148,53.258602,-1.320728,2023-11-09 11:00:00+00:00,2023-11-09 13:00:00+00:00,2023-11-09 17:00:00+00:00,2023-11-09 19:00:00+00:00,True
SEZHUK-230919-245490,CAUK000863,Tractor Unit,Curtain-Side 13.6M Trailer,NG13 0EP,S43 3FG,53.700876,-1.417148,53.258602,-1.320728,2023-11-02 11:00:00+00:00,2023-11-02 13:00:00+00:00,2023-11-02 17:00:00+00:00,2023-11-02 19:00:00+00:00,True
SEZHUK-230919-245491,CAUK000863,Tractor Unit,Curtain-Side 13.6M Trailer,NG13 0EP,S43 3FG,53.700876,-1.417148,53.258602,-1.320728,2023-10-26 11:00:00+00:00,2023-10-26 13:00:00+00:00,2023-10-26 17:00:00+00:00,2023-10-26 19:00:00+00:00,True
SEZHUK-230919-245493,CAUK000863,Tractor Unit,Curtain-Side 13.6M Trailer,NG13 0EP,S43 3FG,53.700876,-1.417148,53.258602,-1.320728,2023-11-16 11:00:00+00:00,2023-11-16 13:00:00+00:00,2023-11-16 17:00:00+00:00,2023-11-16 19:00:00+00:00,True
SEZHUK-230919-245494,CAUK000863,Tractor Unit,Curtain-Side 13.6M Trailer,NG13 0EP,S43 3FG,53.700876,-1.417148,53.258602,-1.320728,2023-10-05 09:30:00+00:00,2023-10-05 10:00:00+00:00,2023-10-05 15:30:00+00:00,2023-10-05 16:00:00+00:00,True
SEZHUK-230919-245495,CAUK000863,Tractor Unit,Curtain-Side 13.6M Trailer,NG13 0EP,S43 3FG,53.700876,-1.417148,53.258602,-1.320728,2023-11-23 11:00:00+00:00,2023-11-23 13:00:00+00:00,2023-11-23 17:00:00+00:00,2023-11-23 19:00:00+00:00,True
SEZHUK-230919-245496,CAUK000863,Tractor Unit,Curtain-Side 13.6M Trailer,NG13 0EP,S43 3FG,53.700876,-1.417148,53.258602,-1.320728,2023-10-19 11:00:00+00:00,2023-10-19 13:00:00+00:00,2023-10-19 17:00:00+00:00,2023-10-19 19:00:00+00:00,True
SEZHUK-230921-246294,CAUK000912,3.5 T Van,Box,S35 2PW,LS27 0FU,53.476793,-1.471546,53.734398,-1.604189,2023-10-01 03:15:00+00:00,2023-10-01 03:45:00+00:00,2023-10-01 05:00:00+00:00,2023-10-01 05:30:00+00:00,True
SEZHUK-230922-246664,CAUK000155,Tractor Unit,Curtain Side,CV23 8BQ,G75 0ZZ,52.334853,-1.18045,55.735089,-4.168719,2023-10-25 16:00:00+00:00,2023-10-25 17:00:00+00:00,2023-10-25 23:00:00+00:00,2023-10-25 23:59:00+00:00,False
SEZHUK-230922-246665,CAUK000155,Tractor Unit,Curtain Side,CV23 8BQ,G75 0ZZ,52.334853,-1.18045,55.735089,-4.168719,2023-10-26 16:00:00+00:00,2023-10-26 17:00:00+00:00,2023-10-26 23:00:00+00:00,2023-10-26 23:59:00+00:00,True
SEZHUK-230922-246666,CAUK000155,Tractor Unit,Curtain Side,CV23 8BQ,G75 0ZZ,52.334853,-1.18045,55.735089,-4.168719,2023-10-27 16:00:00+00:00,2023-10-27 17:00:00+00:00,2023-10-27 23:00:00+00:00,2023-10-27 23:59:00+00:00,True
SEZHUK-230922-246668,CAUK000155,Tractor Unit,Curtain Side,CV23 8BQ,G75 0ZZ,52.334853,-1.18045,55.735089,-4.168719,2023-10-30 16:00:00+00:00,2023-10-30 17:00:00+00:00,2023-10-30 23:00:00+00:00,2023-10-30 23:59:00+00:00,True
SEZHUK-230922-246669,CAUK000155,Tractor Unit,Curtain Side,CV23 8BQ,G75 0ZZ,52.334853,-1.18045,55.735089,-4.168719,2023-10-31 14:00:00+00:00,2023-10-31 15:00:00+00:00,2023-10-31 23:00:00+00:00,2023-10-31 23:59:00+00:00,True
SEZHUK-230922-246672,CAUK000155,Tractor Unit,Curtain Side,CV23 8BQ,G75 0ZZ,52.334853,-1.18045,55.735089,-4.168719,2023-11-03 16:00:00+00:00,2023-11-03 17:00:00+00:00,2023-11-03 23:00:00+00:00,2023-11-03 23:59:00+00:00,True
SEZHUK-230925-247262,CAUK001009,3.5T Van,LWB Van,CA3 0EH,DE74 2TR,54.922111,-2.957338,52.829374,-1.332134,2023-10-06 16:45:00+00:00,2023-10-06 17:45:00+00:00,2023-10-06 21:10:00+00:00,2023-10-06 22:10:00+00:00,True
SEZHUK-230925-247268,CAUK001009,3.5T Van,LWB Van,L24 8RF,DE74 2TR,53.349124,-2.876108,52.829374,-1.332134,2023-10-06 18:25:00+00:00,2023-10-06 19:25:00+00:00,2023-10-06 21:15:00+00:00,2023-10-06 22:15:00+00:00,True
SEZHUK-230925-247273,CAUK001009,3.5T Van,LWB Van,DE74 2TR,RG2 0RP,52.829374,-1.332134,51.432237,-0.984601,2023-10-06 04:00:00+00:00,2023-10-06 05:00:00+00:00,2023-10-06 07:45:00+00:00,2023-10-06 08:45:00+00:00,True
SEZHUK-230925-247275,CAUK001009,3.5T Van,LWB Van,BS32 0BF,DE74 2TR,51.54695,-2.551256,52.829374,-1.332134,2023-10-02 15:15:00+00:00,2023-10-02 16:15:00+00:00,2023-10-02 19:30:00+00:00,2023-10-02 20:30:00+00:00,True
SEZHUK-230925-247276,CAUK001009,3.5T Van,LWB Van,WR4 0SZ,DE74 2TR,52.201285,-2.16588,52.829374,-1.332134,2023-10-02 17:00:00+00:00,2023-10-02 18:00:00+00:00,2023-10-02 19:30:00+00:00,2023-10-02 20:30:00+00:00,True
SEZHUK-230925-247286,CAUK001009,3.5T Van,LWB Van,DE74 2TR,L24 8RF,52.829374,-1.332134,53.349124,-2.876108,2023-10-07 04:45:00+00:00,2023-10-07 05:45:00+00:00,2023-10-07 09:00:00+00:00,2023-10-07 10:00:00+00:00,True
SEZHUK-230925-247287,CAUK001009,3.5T Van,LWB Van,NP10 9DQ,DE74 2TR,51.582459,-3.043825,52.829374,-1.332134,2023-10-07 08:30:00+00:00,2023-10-07 09:30:00+00:00,2023-10-07 12:30:00+00:00,2023-10-07 13:30:00+00:00,True
SEZHUK-230925-247290,CAUK001009,3.5T Van,LWB Van,BS32 0BF,DE74 2TR,51.54695,-2.551256,52.829374,-1.332134,2023-10-05 15:15:00+00:00,2023-10-05 16:15:00+00:00,2023-10-05 19:30:00+00:00,2023-10-05 20:30:00+00:00,True
SEZHUK-230925-247295,CAUK001009,3.5T Van,LWB Van,DE74 2TR,EN1 1TX,52.829374,-1.332134,51.650981,-0.054718,2023-10-05 04:50:00+00:00,2023-10-05 05:50:00+00:00,2023-10-05 08:20:00+00:00,2023-10-05 09:20:00+00:00,True
SEZHUK-230925-247305,CAUK001009,3.5T Van,LWB Van,DE74 2TR,RG2 0RP,52.829374,-1.332134,51.432237,-0.984601,2023-10-05 04:00:00+00:00,2023-10-05 05:00:00+00:00,2023-10-05 07:45:00+00:00,2023-10-05 08:45:00+00:00,True
SEZHUK-230925-247308,CAUK001009,3.5T Van,LWB Van,CA3 0EH,DE74 2TR,54.922111,-2.957338,52.829374,-1.332134,2023-10-03 16:45:00+00:00,2023-10-03 17:45:00+00:00,2023-10-03 21:10:00+00:00,2023-10-03 22:10:00+00:00,True
SEZHUK-230925-247321,CAUK001009,3.5T Van,LWB Van,DE74 2TR,RG2 0RP,52.829374,-1.332134,51.432237,-0.984601,2023-10-03 04:00:00+00:00,2023-10-03 05:00:00+00:00,2023-10-03 07:45:00+00:00,2023-10-03 08:45:00+00:00,True
SEZHUK-230925-247326,CAUK001009,3.5T Van,LWB Van,CA3 0EH,DE74 2TR,54.922111,-2.957338,52.829374,-1.332134,2023-10-04 16:45:00+00:00,2023-10-04 17:45:00+00:00,2023-10-04 21:10:00+00:00,2023-10-04 22:10:00+00:00,True
SEZHUK-230925-247330,CAUK001009,3.5T Van,LWB Van,DE74 2TR,CO4 9QJ,52.829374,-1.332134,51.920887,0.927015,2023-10-04 04:50:00+00:00,2023-10-04 05:50:00+00:00,2023-10-04 08:50:00+00:00,2023-10-04 09:50:00+00:00,True
SEZHUK-230925-247331,CAUK001009,3.5T Van,LWB Van,CO4 9QJ,DE74 2TR,51.920887,0.927015,52.829374,-1.332134,2023-10-04 17:30:00+00:00,2023-10-04 18:30:00+00:00,2023-10-04 21:10:00+00:00,2023-10-04 22:10:00+00:00,True
SEZHUK-230926-247516,CAUK000863,Tractor Unit,Curtain-Side 13.6M Trailer,CA10 2EY,DN8 5TE,54.622276,-2.710485,53.566639,-0.919839,2023-10-02 08:00:00+00:00,2023-10-02 15:00:00+00:00,2023-10-02 08:00:00+00:00,2023-10-02 15:00:00+00:00,False
SEZHUK-230926-247519,CAUK000034,Tractor Unit,Curtain-Side 13.6M Trailer,CA10 2EY,DN8 5TE,54.622276,-2.710485,53.566639,-0.919839,2023-10-02 08:00:00+00:00,2023-10-02 14:00:00+00:00,2023-10-02 08:00:00+00:00,2023-10-02 15:00:00+00:00,True
SEZHUK-230927-247976,CAUK000912,3.5 T Van,Box,S35 2PW,LE3 8DX,53.476793,-1.471546,52.641456,-1.216005,2023-10-03 00:30:00+00:00,2023-10-03 01:00:00+00:00,2023-10-03 03:00:00+00:00,2023-10-03 03:30:00+00:00,True
SEZHUK-230927-247978,CAUK000912,3.5 T Van,Box,BD5 8LZ,LS27 0FU,53.767093,-1.742286,53.734398,-1.604189,2023-10-03 03:15:00+00:00,2023-10-03 03:45:00+00:00,2023-10-03 05:00:00+00:00,2023-10-03 05:30:00+00:00,False
SEZHUK-230927-247990,CAUK000912,3.5 T Van,Box,S35 2PW,LE3 8DX,53.476793,-1.471546,52.641456,-1.216005,2023-10-04 00:30:00+00:00,2023-10-04 01:00:00+00:00,2023-10-04 03:00:00+00:00,2023-10-04 03:30:00+00:00,False
SEZHUK-230927-248070,CAUK000250,Tractor Unit,Curtain-Side 13.6M Trailer,S80 3FY,NAAS,53.293393,-1.074008,53.207122,-6.742479,2023-10-04 00:00:00+00:00,2023-10-04 23:59:00+00:00,2023-10-06 08:25:00+00:00,2023-10-06 08:55:00+00:00,True
SEZHUK-230927-248093,CAUK000912,3.5 T Van,Box,S35 2PW,LE3 8DX,53.476793,-1.471546,52.641456,-1.216005,2023-10-05 00:30:00+00:00,2023-10-05 01:00:00+00:00,2023-10-05 03:00:00+00:00,2023-10-05 03:30:00+00:00,True
SEZHUK-230927-248095,CAUK000912,3.5 T Van,Box,S35 2PW,LS27 0FU,53.476793,-1.471546,53.734398,-1.604189,2023-10-05 03:15:00+00:00,2023-10-05 03:45:00+00:00,2023-10-05 05:00:00+00:00,2023-10-05 05:30:00+00:00,True
SEZHUK-230927-248108,CAUK000912,3.5 T Van,Box,S35 2PW,LE3 8DX,53.476793,-1.471546,52.641456,-1.216005,2023-10-06 00:30:00+00:00,2023-10-06 01:00:00+00:00,2023-10-06 03:00:00+00:00,2023-10-06 03:30:00+00:00,True
SEZHUK-230927-248111,CAUK000912,3.5 T Van,Box,S35 2PW,LS27 0FU,53.476793,-1.471546,53.734398,-1.604189,2023-10-06 03:15:00+00:00,2023-10-06 03:45:00+00:00,2023-10-06 05:00:00+00:00,2023-10-06 05:30:00+00:00,True
SEZHUK-230927-248123,CAUK000912,3.5 T Van,Box,S35 2PW,LE3 8DX,53.476793,-1.471546,52.641456,-1.216005,2023-10-07 00:30:00+00:00,2023-10-07 01:00:00+00:00,2023-10-07 03:00:00+00:00,2023-10-07 03:30:00+00:00,True
SEZHUK-230927-248125,CAUK000912,3.5 T Van,Box,S35 2PW,LS27 0FU,53.476793,-1.471546,53.734398,-1.604189,2023-10-07 03:15:00+00:00,2023-10-07 03:45:00+00:00,2023-10-07 05:00:00+00:00,2023-10-07 05:30:00+00:00,True
SEZHUK-230927-248136,CAUK000912,3.5 T Van,Box,S35 2PW,LE3 8DX,53.476793,-1.471546,52.641456,-1.216005,2023-10-08 00:30:00+00:00,2023-10-08 01:00:00+00:00,2023-10-08 03:00:00+00:00,2023-10-08 03:30:00+00:00,True
SEZHUK-230927-248138,CAUK000912,3.5 T Van,Box,S35 2PW,LS27 0FU,53.476793,-1.471546,53.734398,-1.604189,2023-10-08 03:15:00+00:00,2023-10-08 03:45:00+00:00,2023-10-08 05:00:00+00:00,2023-10-08 05:30:00+00:00,True
SEZHUK-230927-248155,CAUK000912,3.5 T Van,Box,S35 2PW,LE3 8DX,53.476793,-1.471546,52.641456,-1.216005,2023-10-01 00:30:00+00:00,2023-10-01 01:00:00+00:00,2023-10-01 03:00:00+00:00,2023-10-01 03:30:00+00:00,True
SEZHUK-230928-248240,CAUK000863,Tractor Unit,Curtain-Side 13.6M Trailer,DN3 3FG,HP5 1QJ,53.537133,-1.037405,51.692773,-0.592602,2023-10-02 06:00:00+00:00,2023-10-02 18:00:00+00:00,2023-10-03 08:00:00+00:00,2023-10-03 14:59:00+00:00,True
SEZHUK-230928-248315,CAUK000034,Tractor Unit,Curtain-Side 13.6M Trailer,NP26 3RA,RM20 3LG,51.585139,-2.844668,51.476241,0.268788,2023-10-02 06:00:00+00:00,2023-10-02 06:30:00+00:00,2023-10-02 10:30:00+00:00,2023-10-02 11:00:00+00:00,False
SEZHUK-230928-248317,CAUK000428,Tractor Unit,Curtain-Side 13.6M Trailer,AL10 9TR,CT2 7PX,51.772167,-0.250353,51.293329,1.092989,2023-10-02 06:00:00+00:00,2023-10-02 06:30:00+00:00,2023-10-02 11:30:00+00:00,2023-10-02 12:00:00+00:00,True
SEZHUK-230928-248333,CAUK000310,Tractor Unit,Curtain-Side 13.6M Trailer,DE14 2WT,OX11 7HJ,52.800481,-1.663328,51.619119,-1.256837,2023-10-02 14:00:00+00:00,2023-10-02 14:30:00+00:00,2023-10-02 18:00:00+00:00,2023-10-02 18:30:00+00:00,True
SEZHUK-230928-248334,CAUK000310,Tractor Unit,Curtain-Side 13.6M Trailer,DE14 2WT,NN8 6GR,52.800481,-1.663328,52.30156,-0.733166,2023-10-02 07:00:00+00:00,2023-10-02 07:30:00+00:00,2023-10-02 10:30:00+00:00,2023-10-02 11:00:00+00:00,True
SEZHUK-230928-248352,CAUK000863,Tractor Unit,Curtain-Side 13.6M Trailer,S80 3FY,SP4 7GQ,53.293393,-1.074008,51.17534,-1.753679,2023-10-02 10:00:00+00:00,2023-10-02 10:59:00+00:00,2023-10-02 17:55:00+00:00,2023-10-02 18:25:00+00:00,True
SEZHUK-230928-248359,CAUK000034,Tractor Unit,Curtain-Side 13.6M Trailer,L11 0JA,CV9 2SQ,53.462845,-2.896967,52.583936,-1.557171,2023-10-02 10:00:00+00:00,2023-10-02 10:01:00+00:00,2023-10-02 17:55:00+00:00,2023-10-02 18:25:00+00:00,True
SEZHUK-230928-248368,CAUK000222,Tractor Unit,Curtain-Side 13.6M Trailer,DE14 2WT,B69 3EH,52.800481,-1.663328,52.509485,-2.020513,2023-10-04 14:00:00+00:00,2023-10-05 16:00:00+00:00,2023-10-05 12:00:00+00:00,2023-10-05 16:00:00+00:00,True
SEZHUK-230928-248399,CAUK000770,Tractor Unit,Curtain-Side 13.6M Trailer,S80 3FY,OX16 2AA,53.293393,-1.074008,52.081463,-1.329055,2023-10-02 05:00:00+00:00,2023-10-02 05:59:00+00:00,2023-10-02 10:25:00+00:00,2023-10-02 10:55:00+00:00,True
SEZHUK-230929-248494,CAUK000618,Tractor Unit,Curtain-Side 13.6M Trailer,DE14 2WT,PA4 8DJ,52.800481,-1.663328,55.873398,-4.404767,2023-10-02 13:00:00+00:00,2023-10-02 13:30:00+00:00,2023-10-03 07:30:00+00:00,2023-10-03 08:00:00+00:00,True
SEZHUK-230929-248496,CAUK000854,Tractor Unit,Curtain-Side 13.6M Trailer,DG16 5HT,GU19 5JB,55.003467,-3.042858,51.372105,-0.681987,2023-10-02 06:00:00+00:00,2023-10-02 14:00:00+00:00,2023-10-03 08:00:00+00:00,2023-10-03 15:59:00+00:00,True
SEZHUK-230929-248502,CAUK000096,Tractor Unit,Curtain-Side 13.6M Trailer,PL7 5JY,DY9 7DP,50.38645,-4.020841,52.457769,-2.122196,2023-10-03 07:00:00+00:00,2023-10-03 07:00:00+00:00,2023-10-03 10:30:00+00:00,2023-10-03 11:00:00+00:00,False
SEZHUK-230929-248504,CAUK000124,Tractor Unit,Curtain-Side 13.6M Trailer,WS10 7WL,LE67 1UA,52.543992,-2.030867,52.701119,-1.339519,2023-10-06 08:00:00+00:00,2023-10-06 08:30:00+00:00,2023-10-06 11:30:00+00:00,2023-10-06 12:00:00+00:00,True
SEZHUK-230929-248505,CAUK000124,Tractor Unit,Curtain-Side 13.6M Trailer,WS10 7WL,LE67 1UA,52.543992,-2.030867,52.701119,-1.339519,2023-10-24 08:49:00+00:00,2023-10-24 09:19:00+00:00,2023-10-26 12:30:00+00:00,2023-10-26 13:00:00+00:00,True
SEZHUK-230929-248513,CAUK000766,Tractor Unit,Box,BD12 7ER,HP2 7PZ,53.753295,-1.722689,51.771553,-0.439081,2023-10-04 22:00:00+00:00,2023-10-04 22:30:00+00:00,2023-10-05 02:00:00+00:00,2023-10-05 02:30:00+00:00,False
SEZHUK-230929-248517,CAUK000490,Tractor Unit,Box,BD12 7ER,CW1 6FB,53.753295,-1.722689,53.087056,-2.416485,2023-10-03 16:00:00+00:00,2023-10-03 16:30:00+00:00,2023-10-03 19:00:00+00:00,2023-10-03 19:30:00+00:00,False
SEZHUK-230929-248518,CAUK000490,Tractor Unit,Box,BD12 7ER,CW1 6FB,53.753295,-1.722689,53.087056,-2.416485,2023-10-04 16:00:00+00:00,2023-10-04 16:30:00+00:00,2023-10-04 19:00:00+00:00,2023-10-04 19:30:00+00:00,True
SEZHUK-230929-248519,CAUK000490,Tractor Unit,Box,BD12 7ER,CW1 6FB,53.753295,-1.722689,53.087056,-2.416485,2023-10-05 16:00:00+00:00,2023-10-05 16:30:00+00:00,2023-10-05 19:00:00+00:00,2023-10-05 19:30:00+00:00,False
SEZHUK-230929-248520,CAUK000490,Tractor Unit,Box,BD12 7ER,CW1 6FB,53.753295,-1.722689,53.087056,-2.416485,2023-10-06 16:00:00+00:00,2023-10-06 16:30:00+00:00,2023-10-06 19:00:00+00:00,2023-10-06 19:30:00+00:00,True
SEZHUK-230929-248537,CAUK000863,Tractor Unit,Curtain-Side 13.6M Trailer,DN11 9HE,SN3 4FN,53.437296,-1.068189,51.595572,-1.740649,2023-10-02 13:00:00+00:00,2023-10-02 13:59:00+00:00,2023-10-03 06:55:00+00:00,2023-10-03 07:25:00+00:00,True
SEZHUK-230929-248556,CAUK000124,Tractor Unit,Curtain-Side 13.6M Trailer,WS10 7WL,LE67 1UA,52.543992,-2.030867,52.701119,-1.339519,2023-10-02 09:00:00+00:00,2023-10-02 09:30:00+00:00,2023-10-03 08:00:00+00:00,2023-10-03 08:00:00+00:00,True
SEZHUK-230929-248581,CAUK000124,Tractor Unit,Curtain-Side 13.6M Trailer,LE17 4XW,LE67 1UA,52.456317,-1.246575,52.701119,-1.339519,2023-10-03 08:00:00+00:00,2023-10-03 08:30:00+00:00,2023-10-03 12:00:00+00:00,2023-10-03 12:00:00+00:00,False
SEZHUK-230929-248606,CAUK000863,Tractor Unit,Curtain-Side 13.6M Trailer,S80 3FY,IP33 2JG,53.293393,-1.074008,52.236599,0.717008,2023-10-02 15:00:00+00:00,2023-10-02 15:59:00+00:00,2023-10-03 08:55:00+00:00,2023-10-03 09:25:00+00:00,True
SEZHUK-230929-248652,CAUK000034,Tractor Unit,Curtain-Side 13.6M Trailer,PE29 2XR,EH48 2FB,52.315672,-0.157664,55.877803,-3.648558,2023-10-02 17:00:00+00:00,2023-10-02 17:00:00+00:00,2023-10-03 11:00:00+00:00,2023-10-03 11:30:00+00:00,False
SEZHUK-230929-248657,CAUK001004,Tractor Unit,Curtain Side,B24 8DW,NN6 7GX,52.507428,-1.834192,52.358623,-1.166133,2023-10-03 10:00:00+00:00,2023-10-03 10:00:00+00:00,2023-10-03 12:00:00+00:00,2023-10-03 13:00:00+00:00,True
SEZHUK-230929-248667,CAUK000863,Tractor Unit,Curtain-Side 13.6M Trailer,S80 3FY,SO16 0AW,53.293393,-1.074008,50.933604,-1.471132,2023-10-02 14:00:00+00:00,2023-10-02 14:59:00+00:00,2023-10-03 07:55:00+00:00,2023-10-03 08:25:00+00:00,True
SEZHUK-230929-248672,CAUK000146,Tractor Unit,Curtain-Side 13.6M Trailer,NP26 3RA,SO16 0WB,51.585139,-2.844668,50.941738,-1.47868,2023-10-03 13:00:00+00:00,2023-10-03 13:30:00+00:00,2023-10-03 18:30:00+00:00,2023-10-04 17:00:00+00:00,True
SEZHUK-230929-248678,CAUK001050,Tractor Unit,Curtain-Side 13.6M Trailer,L11 0JA,NN15 5YT,53.462845,-2.896967,52.370504,-0.684925,2023-10-03 07:00:00+00:00,2023-10-04 05:01:00+00:00,2023-10-03 11:55:00+00:00,2023-10-04 05:01:00+00:00,True
SEZHUK-230929-248693,CAUK000222,Tractor Unit,Curtain-Side 13.6M Trailer,L11 0JA,WV4 6UD,53.462845,-2.896967,52.560452,-2.099437,2023-10-03 11:00:00+00:00,2023-10-03 11:01:00+00:00,2023-10-03 17:55:00+00:00,2023-10-03 18:25:00+00:00,True
SEZHUK-230929-248733,CAUK000854,Tractor Unit,Curtain-Side 13.6M Trailer,NP26 3RA,G33 4UL,51.585139,-2.844668,55.865372,-4.135833,2023-10-03 12:00:00+00:00,2023-10-03 12:30:00+00:00,2023-10-04 13:00:00+00:00,2023-10-04 13:30:00+00:00,True
SEZHUK-230929-248736,CAUK000854,Tractor Unit,Curtain-Side 13.6M Trailer,NP26 3RA,G33 4UL,51.585139,-2.844668,55.865372,-4.135833,2023-10-03 11:00:00+00:00,2023-10-03 11:30:00+00:00,2023-10-04 08:00:00+00:00,2023-10-04 08:30:00+00:00,False
SEZHUK-230929-248766,CAUK000034,Tractor Unit,Curtain-Side 13.6M Trailer,NN9 5DB,CM19 5BD,52.3256,-0.613059,51.775406,0.075337,2023-10-02 15:30:00+00:00,2023-10-02 16:00:00+00:00,2023-10-03 07:00:00+00:00,2023-10-03 07:45:00+00:00,True
SEZHUK-230929-248775,CAUK001009,3.5T Van,LWB Van,SE14 5RW,DE74 2TR,51.482963,-0.044736,52.829374,-1.332134,2023-10-02 15:30:00+00:00,2023-10-02 16:30:00+00:00,2023-10-02 20:00:00+00:00,2023-10-03 20:00:00+00:00,True
SEZHUK-230929-248784,CAUK001009,3.5T Van,LWB Van,CR0 4TD,DE74 2TR,51.384873,-0.14022,52.829374,-1.332134,2023-10-04 15:30:00+00:00,2023-10-04 16:30:00+00:00,2023-10-04 19:45:00+00:00,2023-10-04 20:00:00+00:00,True
SEZHUK-230929-248788,CAUK001009,3.5T Van,LWB Van,EN1 1TX,DE74 2TR,51.650981,-0.054718,52.829374,-1.332134,2023-10-05 16:15:00+00:00,2023-10-05 17:15:00+00:00,2023-10-05 19:45:00+00:00,2023-10-05 20:00:00+00:00,True
SEZHUK-230929-248794,CAUK001022,3.5T Van,LWB Van,E1W 2DA,SL3 0BB,51.508392,-0.057296,51.470264,-0.515011,2023-10-02 19:05:00+00:00,2023-10-02 20:05:00+00:00,2023-10-02 20:05:00+00:00,2023-10-02 21:05:00+00:00,True
SEZHUK-230929-248796,CAUK001022,3.5T Van,LWB Van,E1W 2DA,SL3 0BB,51.508392,-0.057296,51.470264,-0.515011,2023-10-03 19:05:00+00:00,2023-10-03 20:05:00+00:00,2023-10-03 20:05:00+00:00,2023-10-03 21:05:00+00:00,True
SEZHUK-230929-248798,CAUK001022,3.5T Van,LWB Van,SL3 0BB,E1W 2DA,51.470264,-0.515011,51.508392,-0.057296,2023-10-03 05:45:00+00:00,2023-10-03 06:45:00+00:00,2023-10-03 07:15:00+00:00,2023-10-03 08:15:00+00:00,True
SEZHUK-230929-248799,CAUK001022,3.5T Van,LWB Van,E1W 2DA,SL3 0BB,51.508392,-0.057296,51.470264,-0.515011,2023-10-04 19:05:00+00:00,2023-10-04 20:05:00+00:00,2023-10-04 20:05:00+00:00,2023-10-04 21:05:00+00:00,True
SEZHUK-230929-248801,CAUK001022,3.5T Van,LWB Van,SL3 0BB,E1W 2DA,51.470264,-0.515011,51.508392,-0.057296,2023-10-04 05:45:00+00:00,2023-10-04 06:45:00+00:00,2023-10-04 07:15:00+00:00,2023-10-04 08:15:00+00:00,True
SEZHUK-230929-248802,CAUK001022,3.5T Van,LWB Van,E1W 2DA,SL3 0BB,51.508392,-0.057296,51.470264,-0.515011,2023-10-05 19:05:00+00:00,2023-10-05 20:05:00+00:00,2023-10-05 20:05:00+00:00,2023-10-05 21:05:00+00:00,True
SEZHUK-230929-248807,CAUK001022,3.5T Van,LWB Van,SL3 0BB,E1W 2DA,51.470264,-0.515011,51.508392,-0.057296,2023-10-06 05:45:00+00:00,2023-10-06 06:45:00+00:00,2023-10-06 07:15:00+00:00,2023-10-06 08:15:00+00:00,True
SEZHUK-230929-248810,CAUK001024,3.5T Van,LWB Van,CO4 9QJ,CM22 7FD,51.920887,0.927015,51.869555,0.216885,2023-10-04 15:30:00+00:00,2023-10-04 16:30:00+00:00,2023-10-04 19:00:00+00:00,2023-10-04 20:00:00+00:00,True
SEZHUK-230930-249012,CAUK000435,Tractor Unit,Box 44ft,AL10 8XF,DE74 2HL,51.74104,-0.218368,52.849282,-1.354253,2023-10-01 12:00:00+00:00,2023-10-01 13:55:01+00:00,2023-10-01 16:18:00+00:00,2023-10-01 17:03:01+00:00,True
SEZHUK-230930-249022,CAUK000428,Tractor Unit,Box 44ft,AL10 8XF,MK4 4BX,51.74104,-0.218368,51.991558,-0.784236,2023-10-01 14:00:00+00:00,2023-10-01 15:55:01+00:00,2023-10-01 17:09:00+00:00,2023-10-01 19:09:01+00:00,True
SEZHUK-230930-249028,CAUK000435,Tractor Unit,Box 44ft,AL10 8XF,HP2 7PZ,51.74104,-0.218368,51.771839,-0.439712,2023-10-01 12:00:00+00:00,2023-10-01 13:55:01+00:00,2023-10-01 14:27:00+00:00,2023-10-01 16:27:01+00:00,True
SEZHUK-230930-249031,CAUK000428,Tractor Unit,Box 44ft,AL10 8XF,ST4 4DG,51.74104,-0.218368,52.989325,-2.190387,2023-10-01 13:00:00+00:00,2023-10-01 14:55:01+00:00,2023-10-01 18:01:00+00:00,2023-10-01 19:31:01+00:00,True
SEZHUK-230930-249056,CAUK000435,Tractor Unit,Box 44ft,BD5 8LZ,EN3 7QP,53.763771,-1.739326,51.659325,-0.021793,2023-10-01 02:20:00+00:00,2023-10-01 04:00:01+00:00,2023-10-01 08:03:00+00:00,2023-10-01 11:43:01+00:00,True
SEZHUK-230930-249060,CAUK000883,Tractor Unit,Box 44ft,BD5 8LZ,RG19 4BQ,53.763771,-1.739326,51.398851,-1.231993,2023-10-02 01:01:00+00:00,2023-10-02 02:41:01+00:00,2023-10-02 07:54:00+00:00,2023-10-02 10:50:01+00:00,True
SEZHUK-230930-249069,CAUK000883,Tractor Unit,Box 44ft,BD5 8LZ,RG19 4BQ,53.763771,-1.739326,51.398851,-1.231993,2023-10-02 01:01:00+00:00,2023-10-02 02:41:01+00:00,2023-10-02 07:54:00+00:00,2023-10-02 10:50:01+00:00,False
SEZHUK-231001-249100,CAUK000435,Tractor Unit,40ft Container,AL10 8XF,CV23 8YE,51.74104,-0.218368,52.347952,-1.166427,2023-10-02 12:00:00+00:00,2023-10-02 13:55:01+00:00,2023-10-02 15:30:00+00:00,2023-10-02 16:15:01+00:00,True
SEZHUK-231001-249105,CAUK000310,Tractor Unit,Box 44ft,ST4 4DG,SN3 4TT,52.989325,-2.190387,51.602351,-1.733719,2023-10-02 05:00:00+00:00,2023-10-02 06:40:01+00:00,2023-10-02 09:14:00+00:00,2023-10-02 09:59:01+00:00,True
SEZHUK-231001-249107,CAUK000310,Tractor Unit,Box 44ft,ST4 4DG,BD5 8LZ,52.989325,-2.190387,53.763771,-1.739326,2023-10-02 13:00:00+00:00,2023-10-02 16:00:01+00:00,2023-10-02 19:40:00+00:00,2023-10-02 20:25:01+00:00,True
SEZHUK-231001-249109,CAUK000689,Tractor Unit,Box 44ft,SN3 4TT,DE74 2HL,51.602351,-1.733719,52.849282,-1.354253,2023-10-02 19:00:00+00:00,2023-10-02 21:00:01+00:00,2023-10-02 23:58:00+00:00,2023-10-03 00:43:01+00:00,False
SEZHUK-231001-249111,CAUK000428,Tractor Unit,40ft Container,AL10 8XF,SN3 4TT,51.74104,-0.218368,51.602351,-1.733719,2023-10-02 14:00:00+00:00,2023-10-02 15:55:01+00:00,2023-10-02 18:19:00+00:00,2023-10-02 19:04:01+00:00,True
SEZHUK-231001-249115,CAUK000435,Tractor Unit,Box 44ft,AL10 8XF,DE74 2HL,51.74104,-0.218368,52.849282,-1.354253,2023-10-02 12:00:00+00:00,2023-10-02 13:55:01+00:00,2023-10-02 16:18:00+00:00,2023-10-02 17:03:01+00:00,False
SEZHUK-231001-249116,CAUK000431,Tractor Unit,Box 44ft,ST4 4DG,S35 2PW,52.989325,-2.190387,53.477856,-1.472093,2023-10-02 12:00:00+00:00,2023-10-02 15:30:01+00:00,2023-10-02 18:30:00+00:00,2023-10-02 19:15:01+00:00,True
SEZHUK-231001-249121,CAUK000490,Tractor Unit,Box 44ft,BD5 8LZ,CW1 6FB,53.763771,-1.739326,53.088574,-2.418451,2023-10-02 05:00:00+00:00,2023-10-02 06:40:01+00:00,2023-10-02 08:25:00+00:00,2023-10-02 10:25:01+00:00,True
SEZHUK-231001-249123,CAUK000689,Tractor Unit,40ft Container,SN3 4TT,DE74 2HL,51.602351,-1.733719,52.849282,-1.354253,2023-10-02 17:00:00+00:00,2023-10-02 19:00:01+00:00,2023-10-02 21:32:00+00:00,2023-10-02 22:17:01+00:00,True
SEZHUK-231001-249125,CAUK000689,Tractor Unit,Box 44ft,SN3 4TT,DE74 2HL,51.602351,-1.733719,52.849282,-1.354253,2023-10-02 12:00:00+00:00,2023-10-02 13:40:01+00:00,2023-10-02 16:12:00+00:00,2023-10-02 16:57:01+00:00,True
SEZHUK-231001-249126,CAUK000435,Tractor Unit,Box 44ft,AL10 8XF,S35 2PW,51.74104,-0.218368,53.477856,-1.472093,2023-10-02 14:00:00+00:00,2023-10-02 15:55:01+00:00,2023-10-02 19:57:00+00:00,2023-10-02 20:42:01+00:00,True
SEZHUK-231001-249157,CAUK000766,Tractor Unit,Box 44ft,BD5 8LZ,HP2 7PZ,53.763771,-1.739326,51.771839,-0.439712,2023-10-05 16:20:00+00:00,2023-10-05 18:00:01+00:00,2023-10-06 06:00:00+00:00,2023-10-06 08:56:01+00:00,False
SEZHUK-231001-249161,CAUK000435,Tractor Unit,Box 44ft,BD5 8LZ,EN3 7QP,53.763771,-1.739326,51.659325,-0.021793,2023-10-06 02:20:00+00:00,2023-10-06 04:00:01+00:00,2023-10-06 08:03:00+00:00,2023-10-06 11:43:01+00:00,True
SEZHUK-231001-249163,CAUK000435,Tractor Unit,Box 44ft,BD5 8LZ,EN3 7QP,53.763771,-1.739326,51.659325,-0.021793,2023-10-03 02:20:00+00:00,2023-10-03 04:00:01+00:00,2023-10-03 08:03:00+00:00,2023-10-03 11:43:01+00:00,True
SEZHUK-231001-249171,CAUK000435,Tractor Unit,Box 44ft,BD5 8LZ,EN3 7QP,53.763771,-1.739326,51.659325,-0.021793,2023-10-05 02:20:00+00:00,2023-10-05 04:00:01+00:00,2023-10-05 08:03:00+00:00,2023-10-05 11:43:01+00:00,True
SEZHUK-231001-249173,CAUK000435,Tractor Unit,Box 44ft,BD5 8LZ,EN3 7QP,53.763771,-1.739326,51.659325,-0.021793,2023-10-04 02:20:00+00:00,2023-10-04 04:00:01+00:00,2023-10-04 08:03:00+00:00,2023-10-04 11:43:01+00:00,True
SEZHUK-231001-249176,CAUK000766,Tractor Unit,Box 44ft,BD5 8LZ,RG19 4BQ,53.763771,-1.739326,51.398851,-1.231993,2023-10-03 02:20:00+00:00,2023-10-03 04:00:01+00:00,2023-10-03 09:13:00+00:00,2023-10-03 12:09:01+00:00,True
SEZHUK-231001-249177,CAUK000883,Tractor Unit,Box 44ft,BD5 8LZ,RG19 4BQ,53.763771,-1.739326,51.398851,-1.231993,2023-10-04 01:01:00+00:00,2023-10-04 02:41:01+00:00,2023-10-04 07:54:00+00:00,2023-10-04 10:50:01+00:00,False
SEZHUK-231001-249178,CAUK000883,Tractor Unit,Box 44ft,BD5 8LZ,RG19 4BQ,53.763771,-1.739326,51.398851,-1.231993,2023-10-04 01:01:00+00:00,2023-10-04 02:41:01+00:00,2023-10-04 07:54:00+00:00,2023-10-04 10:50:01+00:00,True
SEZHUK-231001-249180,CAUK000883,Tractor Unit,Box 44ft,BD5 8LZ,RG19 4BQ,53.763771,-1.739326,51.398851,-1.231993,2023-10-05 01:01:00+00:00,2023-10-05 02:41:01+00:00,2023-10-05 07:54:00+00:00,2023-10-05 10:50:01+00:00,True
SEZHUK-231001-249181,CAUK000883,Tractor Unit,Box 44ft,BD5 8LZ,RG19 4BQ,53.763771,-1.739326,51.398851,-1.231993,2023-10-05 01:01:00+00:00,2023-10-05 02:41:01+00:00,2023-10-05 07:54:00+00:00,2023-10-05 10:50:01+00:00,False
SEZHUK-231001-249182,CAUK000766,Tractor Unit,Box 44ft,BD5 8LZ,RG19 4BQ,53.763771,-1.739326,51.398851,-1.231993,2023-10-05 02:20:00+00:00,2023-10-05 04:00:01+00:00,2023-10-05 09:13:00+00:00,2023-10-05 12:09:01+00:00,True
SEZHUK-231001-249183,CAUK000883,Tractor Unit,Box 44ft,BD5 8LZ,RG19 4BQ,53.763771,-1.739326,51.398851,-1.231993,2023-10-06 01:01:00+00:00,2023-10-06 02:41:01+00:00,2023-10-06 07:54:00+00:00,2023-10-06 10:50:01+00:00,True
SEZHUK-231001-249186,CAUK000883,Tractor Unit,Box 44ft,BD5 8LZ,RG19 4BQ,53.763771,-1.739326,51.398851,-1.231993,2023-10-06 01:01:00+00:00,2023-10-06 02:41:01+00:00,2023-10-06 07:54:00+00:00,2023-10-06 10:50:01+00:00,True
SEZHUK-231001-249187,CAUK000883,Tractor Unit,Box 44ft,BD5 8LZ,RG19 4BQ,53.763771,-1.739326,51.398851,-1.231993,2023-10-07 01:01:00+00:00,2023-10-07 02:41:01+00:00,2023-10-07 07:54:00+00:00,2023-10-07 10:50:01+00:00,True
SEZHUK-231001-249190,CAUK000766,Tractor Unit,Box 44ft,BD5 8LZ,RG19 4BQ,53.763771,-1.739326,51.398851,-1.231993,2023-10-07 02:20:00+00:00,2023-10-07 04:00:01+00:00,2023-10-07 09:13:00+00:00,2023-10-07 12:09:01+00:00,True
SEZHUK-231001-249193,CAUK000935,Tractor Unit,Box 44ft,BD5 8LZ,G67 2XN,53.763771,-1.739326,55.936846,-3.986042,2023-10-05 14:20:00+00:00,2023-10-05 16:00:01+00:00,2023-10-05 23:55:00+00:00,2023-10-06 02:20:01+00:00,True
SEZHUK-231001-249204,CAUK000435,Tractor Unit,Box 44ft,BD5 8LZ,EN3 7QP,53.763771,-1.739326,51.659325,-0.021793,2023-10-07 02:20:00+00:00,2023-10-07 04:00:01+00:00,2023-10-07 08:03:00+00:00,2023-10-07 11:43:01+00:00,True
SEZHUK-231001-249208,CAUK000766,Tractor Unit,Box 44ft,BD5 8LZ,ME13 7TW,53.763771,-1.739326,51.328048,0.877608,2023-10-05 01:40:00+00:00,2023-10-05 03:20:01+00:00,2023-10-05 09:14:00+00:00,2023-10-05 12:10:01+00:00,True
SEZHUK-231001-249210,CAUK000766,Tractor Unit,Box 44ft,BD5 8LZ,ME13 7TW,53.763771,-1.739326,51.328048,0.877608,2023-10-05 01:40:00+00:00,2023-10-05 03:20:01+00:00,2023-10-05 09:14:00+00:00,2023-10-05 14:58:01+00:00,True
SEZHUK-231001-249216,CAUK000766,Tractor Unit,Box 44ft,BD5 8LZ,ME13 7TW,53.763771,-1.739326,51.328048,0.877608,2023-10-06 01:40:00+00:00,2023-10-06 03:20:01+00:00,2023-10-06 09:14:00+00:00,2023-10-06 12:10:01+00:00,True
SEZHUK-231001-249218,CAUK000766,Tractor Unit,Box 44ft,BD5 8LZ,ME13 7TW,53.763771,-1.739326,51.328048,0.877608,2023-10-07 01:40:00+00:00,2023-10-07 03:20:01+00:00,2023-10-07 09:14:00+00:00,2023-10-07 12:10:01+00:00,True
SEZHUK-231001-249231,CAUK000883,Tractor Unit,Box 44ft,BD5 8LZ,RG19 4BQ,53.763771,-1.739326,51.398851,-1.231993,2023-10-03 01:01:00+00:00,2023-10-03 02:41:01+00:00,2023-10-03 07:54:00+00:00,2023-10-03 10:50:01+00:00,False
SEZHUK-231001-249234,CAUK000883,Tractor Unit,Box 44ft,BD5 8LZ,RG19 4BQ,53.763771,-1.739326,51.398851,-1.231993,2023-10-03 01:01:00+00:00,2023-10-03 02:41:01+00:00,2023-10-03 07:54:00+00:00,2023-10-03 10:50:01+00:00,False
SEZHUK-231002-249250,CAUK000863,Tractor Unit,Curtain-Side 13.6M Trailer,DN8 5TE,NR16 2JU,53.566639,-0.919839,52.469251,0.950736,2023-10-03 06:00:00+00:00,2023-10-03 18:00:00+00:00,2023-10-04 10:32:00+00:00,2023-10-04 11:00:00+00:00,True
SEZHUK-231002-249258,CAUK000096,Tractor Unit,Curtain-Side 13.6M Trailer,HP22 5BL,B66 2LF,51.779657,-0.772897,52.498661,-1.952333,2023-10-03 09:00:00+00:00,2023-10-03 09:30:00+00:00,2023-10-03 13:30:00+00:00,2023-10-03 14:00:00+00:00,True
SEZHUK-231002-249260,CAUK000222,Tractor Unit,Curtain-Side 13.6M Trailer,BS35 4GG,DY9 7DP,51.55257,-2.65344,52.457769,-2.122196,2023-10-03 09:00:00+00:00,2023-10-03 09:30:00+00:00,2023-10-03 14:30:00+00:00,2023-10-03 15:00:00+00:00,False
SEZHUK-231002-249266,CAUK000235,Tractor Unit,Curtain-Side 13.6M Trailer,DE14 2WT,SO16 0AW,52.800481,-1.663328,50.933604,-1.471132,2023-10-03 18:00:00+00:00,2023-10-03 18:00:00+00:00,2023-10-04 05:30:00+00:00,2023-10-04 06:00:00+00:00,True
SEZHUK-231002-249288,CAUK000863,Tractor Unit,Curtain-Side 13.6M Trailer,L11 0JA,WV4 6UD,53.462845,-2.896967,52.560452,-2.099437,2023-10-04 00:00:00+00:00,2023-10-04 23:59:00+00:00,2023-10-04 18:55:00+00:00,2023-10-04 23:59:00+00:00,True
SEZHUK-231002-249294,CAUK000781,Tractor Unit,Curtain-Side 13.6M Trailer,L11 0JA,MK42 6EY,53.462845,-2.896967,52.093182,-0.475758,2023-10-04 09:00:00+00:00,2023-10-04 09:01:00+00:00,2023-10-04 16:55:00+00:00,2023-10-04 17:25:00+00:00,True
SEZHUK-231002-249300,CAUK000781,Tractor Unit,Curtain-Side 13.6M Trailer,L11 0JA,DE72 2HP,53.462845,-2.896967,52.867015,-1.314862,2023-10-03 13:00:00+00:00,2023-10-03 13:01:00+00:00,2023-10-04 05:00:00+00:00,2023-10-04 05:30:00+00:00,True
SEZHUK-231002-249324,CAUK000034,18T Rigid,Curtain Side,LS11 5LX,G74 5BT,53.767204,-1.547784,55.769386,-4.217663,2023-10-02 15:00:00+00:00,2023-10-02 15:30:00+00:00,2023-10-02 20:30:00+00:00,2023-10-02 21:00:00+00:00,False
SEZHUK-231002-249395,CAUK001009,3.5T Van,LWB Van,CA3 0EH,DE74 2TR,54.922111,-2.957338,52.829374,-1.332134,2023-10-09 16:45:00+00:00,2023-10-09 17:45:00+00:00,2023-10-09 21:10:00+00:00,2023-10-09 22:10:00+00:00,True
SEZHUK-231002-249404,CAUK001009,3.5T Van,LWB Van,BS32 0BF,DE74 2TR,51.54695,-2.551256,52.829374,-1.332134,2023-10-11 15:15:00+00:00,2023-10-11 16:15:00+00:00,2023-10-11 19:30:00+00:00,2023-10-11 20:30:00+00:00,True
SEZHUK-231002-249406,CAUK001009,3.5T Van,LWB Van,CA3 0EH,DE74 2TR,54.922111,-2.957338,52.829374,-1.332134,2023-10-11 16:45:00+00:00,2023-10-11 17:45:00+00:00,2023-10-11 21:10:00+00:00,2023-10-11 22:10:00+00:00,True
SEZHUK-231002-249409,CAUK001009,3.5T Van,LWB Van,DE74 2TR,EN1 1TX,52.829374,-1.332134,51.650981,-0.054718,2023-10-11 04:50:00+00:00,2023-10-11 05:50:00+00:00,2023-10-11 08:20:00+00:00,2023-10-11 09:20:00+00:00,False
SEZHUK-231002-249411,CAUK001009,3.5T Van,LWB Van,CO4 9QJ,DE74 2TR,51.920887,0.927015,52.829374,-1.332134,2023-10-11 17:30:00+00:00,2023-10-11 18:30:00+00:00,2023-10-11 21:10:00+00:00,2023-10-11 22:10:00+00:00,True
SEZHUK-231002-249424,CAUK001009,3.5T Van,LWB Van,DE74 2TR,NW10 7NZ,52.829374,-1.332134,51.537524,-0.27074,2023-10-10 04:45:00+00:00,2023-10-10 05:45:00+00:00,2023-10-10 08:15:00+00:00,2023-10-10 09:15:00+00:00,True
SEZHUK-231002-249426,CAUK001009,3.5T Van,LWB Van,DE74 2TR,CO4 9QJ,52.829374,-1.332134,51.920887,0.927015,2023-10-10 04:50:00+00:00,2023-10-10 05:50:00+00:00,2023-10-10 08:50:00+00:00,2023-10-10 09:50:00+00:00,True
SEZHUK-231002-249427,CAUK001009,3.5T Van,LWB Van,CO4 9QJ,DE74 2TR,51.920887,0.927015,52.829374,-1.332134,2023-10-10 17:30:00+00:00,2023-10-10 18:30:00+00:00,2023-10-10 21:10:00+00:00,2023-10-10 22:10:00+00:00,True
SEZHUK-231002-249440,CAUK001009,3.5T Van,LWB Van,NP10 9DQ,DE74 2TR,51.582459,-3.043825,52.829374,-1.332134,2023-10-14 08:30:00+00:00,2023-10-14 09:30:00+00:00,2023-10-14 12:30:00+00:00,2023-10-14 13:30:00+00:00,True
SEZHUK-231002-249448,CAUK001009,3.5T Van,LWB Van,L24 8RF,DE74 2TR,53.349124,-2.876108,52.829374,-1.332134,2023-10-13 18:25:00+00:00,2023-10-13 19:25:00+00:00,2023-10-13 21:15:00+00:00,2023-10-13 22:15:00+00:00,True
SEZHUK-231002-249453,CAUK001009,3.5T Van,LWB Van,DE74 2TR,RG2 0RP,52.829374,-1.332134,51.432237,-0.984601,2023-10-13 04:00:00+00:00,2023-10-13 05:00:00+00:00,2023-10-13 07:45:00+00:00,2023-10-13 08:45:00+00:00,True
SEZHUK-231002-249463,CAUK001009,3.5T Van,LWB Van,DE74 2TR,EN1 1TX,52.829374,-1.332134,51.650981,-0.054718,2023-10-12 04:45:00+00:00,2023-10-12 05:45:00+00:00,2023-10-12 08:15:00+00:00,2023-10-12 09:15:00+00:00,True
SEZHUK-231002-249465,CAUK001009,3.5T Van,LWB Van,DE74 2TR,EN1 1TX,52.829374,-1.332134,51.650981,-0.054718,2023-10-12 04:50:00+00:00,2023-10-12 05:50:00+00:00,2023-10-12 08:20:00+00:00,2023-10-12 09:20:00+00:00,True
SEZHUK-231002-249478,CAUK001009,3.5T Van,LWB Van,NE11 0JY,DE74 2TR,54.922706,-1.607332,52.829374,-1.332134,2023-10-12 17:25:00+00:00,2023-10-12 18:25:00+00:00,2023-10-12 21:10:00+00:00,2023-10-12 22:10:00+00:00,True
SEZHUK-231002-249480,CAUK000192,Tractor Unit,Curtain-Side 13.6M Trailer,NN9 5DB,WF2 0XF,52.3256,-0.613059,53.712698,-1.517263,2023-10-03 13:00:00+00:00,2023-10-03 13:30:00+00:00,2023-10-04 06:00:00+00:00,2023-10-04 06:40:00+00:00,True
SEZHUK-231002-249491,CAUK000222,Tractor Unit,Curtain-Side 13.6M Trailer,BB5 5YJ,ST4 4FA,53.789353,-2.342379,52.983393,-2.181287,2023-10-03 10:00:00+00:00,2023-10-03 10:30:00+00:00,2023-10-03 16:30:00+00:00,2023-10-03 17:00:00+00:00,True
SEZHUK-231002-249499,CAUK000297,Tractor Unit,Curtain-Side 13.6M Trailer,OL15 8QF,LE19 1WY,53.634051,-2.1142,52.601991,-1.190434,2023-10-03 10:00:00+00:00,2023-10-03 10:30:00+00:00,2023-10-03 16:30:00+00:00,2023-10-03 17:00:00+00:00,True
SEZHUK-231002-249518,CAUK000096,Tractor Unit,Box 44ft,DE74 2HL,CH41 1FE,52.849282,-1.354253,53.399905,-3.015115,2023-10-03 16:00:00+00:00,2023-10-03 18:20:00+00:00,2023-10-03 21:44:00+00:00,2023-10-03 23:14:01+00:00,False
SEZHUK-231002-249534,CAUK000297,Tractor Unit,Curtain-Side 13.6M Trailer,BB5 5YJ,ST4 4FA,53.789353,-2.342379,52.983393,-2.181287,2023-10-03 10:00:00+00:00,2023-10-03 10:30:00+00:00,2023-10-03 16:30:00+00:00,2023-10-03 17:00:00+00:00,True
SEZHUK-231003-249550,CAUK000689,Tractor Unit,Curtain-Side 13.6M Trailer,DN3 3FG,TQ12 6GN,53.537133,-1.037405,50.55996,-3.669927,2023-10-04 06:00:00+00:00,2023-10-04 18:00:00+00:00,2023-10-05 06:02:00+00:00,2023-10-05 06:30:00+00:00,True
SEZHUK-231003-249552,CAUK000770,Tractor Unit,Curtain-Side 13.6M Trailer,DN8 5TE,HP5 1QJ,53.566639,-0.919839,51.692773,-0.592602,2023-10-04 06:00:00+00:00,2023-10-04 18:00:00+00:00,2023-10-05 11:31:00+00:00,2023-10-05 11:59:00+00:00,True
SEZHUK-231003-249553,CAUK000899,Tractor Unit,Curtain-Side 13.6M Trailer,DN8 5TE,NN12 8FU,53.566639,-0.919839,52.072268,-1.02918,2023-10-04 06:00:00+00:00,2023-10-04 18:00:00+00:00,2023-10-05 11:31:00+00:00,2023-10-05 11:59:00+00:00,True
SEZHUK-231003-249556,CAUK000689,Tractor Unit,Curtain-Side 13.6M Trailer,DN8 5TE,GL20 6EB,53.566639,-0.919839,52.004918,-2.162529,2023-10-04 06:00:00+00:00,2023-10-04 18:00:00+00:00,2023-10-05 08:32:00+00:00,2023-10-05 09:00:00+00:00,True
SEZHUK-231003-249579,CAUK000222,Tractor Unit,Curtain-Side 13.6M Trailer,L11 0JA,CV9 2SQ,53.462845,-2.896967,52.583936,-1.557171,2023-10-04 21:00:00+00:00,2023-10-04 21:01:00+00:00,2023-10-05 03:55:00+00:00,2023-10-05 04:25:00+00:00,True
SEZHUK-231003-249583,CAUK001028,Tractor Unit,Curtain-Side 13.6M Trailer,DE14 2WT,HA4 0HG,52.800481,-1.663328,51.557511,-0.397204,2023-10-04 14:00:00+00:00,2023-10-04 15:00:00+00:00,2023-10-05 09:30:00+00:00,2023-10-05 10:00:00+00:00,True
SEZHUK-231003-249590,CAUK000297,Tractor Unit,Curtain-Side 13.6M Trailer,DE12 8AA,ML1 5GH,52.690284,-1.548894,55.83161,-3.935916,2023-10-04 12:30:00+00:00,2023-10-04 13:30:00+00:00,2023-10-05 10:30:00+00:00,2023-10-05 11:00:00+00:00,True
SEZHUK-231003-249597,CAUK000854,Tractor Unit,Curtain-Side 13.6M Trailer,ML4 3NW,MK17 8FF,55.821702,-4.036872,52.040191,-0.673743,2023-10-04 17:00:00+00:00,2023-10-04 18:00:00+00:00,2023-10-05 09:30:00+00:00,2023-10-05 10:00:00+00:00,True
SEZHUK-231003-249607,CAUK000124,Tractor Unit,Curtain-Side 13.6M Trailer,SK15 3AZ,LE67 1UA,53.487967,-2.046532,52.699611,-1.340902,2023-10-06 09:30:00+00:00,2023-10-06 11:30:00+00:00,2023-10-06 12:00:00+00:00,2023-10-06 17:00:00+00:00,True
SEZHUK-231003-249614,CAUK000863,Tractor Unit,Curtain-Side 13.6M Trailer,PE29 2XR,CF3 2GJ,52.315672,-0.157664,51.50328,-3.109119,2023-10-04 15:00:00+00:00,2023-10-04 15:54:00+00:00,2023-10-05 14:55:00+00:00,2023-10-05 15:25:00+00:00,True
SEZHUK-231003-249622,CAUK000863,Tractor Unit,Curtain-Side 13.6M Trailer,DN11 9HE,GL20 8HB,53.437296,-1.068189,52.000183,-2.127685,2023-10-04 16:00:00+00:00,2023-10-04 16:59:00+00:00,2023-10-05 10:55:00+00:00,2023-10-05 11:25:00+00:00,True
SEZHUK-231003-249633,CAUK000034,Tractor Unit,Curtain-Side 13.6M Trailer,NP26 3RA,PL12 6LX,51.585139,-2.844668,50.417689,-4.237124,2023-10-04 15:00:00+00:00,2023-10-04 15:30:00+00:00,2023-10-05 06:00:00+00:00,2023-10-05 06:30:00+00:00,True
SEZHUK-231003-249645,CAUK000029,Tractor Unit,Curtain-Side 13.6M Trailer,S80 3FY,CM19 5BD,53.293393,-1.074008,51.762509,0.053285,2023-10-05 13:00:00+00:00,2023-10-05 13:59:00+00:00,2023-10-05 20:25:00+00:00,2023-10-05 20:55:00+00:00,True
SEZHUK-231003-249680,CAUK000096,Tractor Unit,Box 44ft,DE74 2HL,CH41 1FE,52.849282,-1.354253,53.399905,-3.015115,2023-10-04 16:00:00+00:00,2023-10-04 17:40:01+00:00,2023-10-04 20:12:00+00:00,2023-10-04 20:57:01+00:00,True
SEZHUK-231003-249683,CAUK001028,Tractor Unit,Curtain-Side 13.6M Trailer,NN9 5DB,EN11 0EZ,52.3256,-0.613059,51.766224,0.009545,2023-10-05 08:00:00+00:00,2023-10-05 08:30:00+00:00,2023-10-05 11:30:00+00:00,2023-10-05 12:00:00+00:00,True
SEZHUK-231003-249690,CAUK000251,Tractor Unit,40ft Container,SN3 4TT,CV23 8YE,51.602351,-1.733719,52.347952,-1.166427,2023-10-04 12:00:00+00:00,2023-10-04 13:40:01+00:00,2023-10-04 15:34:00+00:00,2023-10-04 16:19:01+00:00,True
SEZHUK-231003-249700,CAUK000431,Tractor Unit,Box 44ft,ST4 4DG,BS20 7XE,52.989325,-2.190387,51.484479,-2.712293,2023-10-04 09:00:00+00:00,2023-10-04 10:40:01+00:00,2023-10-04 13:20:00+00:00,2023-10-04 14:05:01+00:00,True
SEZHUK-231003-249707,CAUK000689,Tractor Unit,Double Deck Trailer,SN3 4TT,CH41 1FE,51.602351,-1.733719,53.399905,-3.015115,2023-10-04 12:00:00+00:00,2023-10-04 13:40:01+00:00,2023-10-04 17:33:00+00:00,2023-10-04 19:03:01+00:00,False
SEZHUK-231003-249709,CAUK000863,Tractor Unit,Box 44ft,DE74 2HL,TN2 3EW,52.849282,-1.354253,51.155589,0.293351,2023-10-04 12:00:00+00:00,2023-10-04 13:40:01+00:00,2023-10-04 17:10:00+00:00,2023-10-04 18:40:01+00:00,True
SEZHUK-231003-249722,CAUK000660,Tractor Unit,Box 44ft,BD4 9NU,RG2 0BS,53.772471,-1.726204,51.432637,-0.970833,2023-10-05 09:00:00+00:00,2023-10-05 09:30:00+00:00,2023-10-05 16:19:00+00:00,2023-10-05 16:49:00+00:00,True
SEZHUK-231003-249729,CAUK000222,Tractor Unit,Curtain-Side 13.6M Trailer,SK16 4UG,LE19 1WY,53.467868,-2.096512,52.601991,-1.190434,2023-10-04 10:00:00+00:00,2023-10-04 10:30:00+00:00,2023-10-04 16:30:00+00:00,2023-10-04 17:00:00+00:00,True
SEZHUK-231003-249730,CAUK000310,Tractor Unit,Curtain-Side 13.6M Trailer,OL15 8QF,LE19 1WY,53.634051,-2.1142,52.601991,-1.190434,2023-10-04 10:00:00+00:00,2023-10-04 10:30:00+00:00,2023-10-04 16:30:00+00:00,2023-10-04 17:00:00+00:00,True
SEZHUK-231003-249734,CAUK000297,Tractor Unit,Curtain-Side 13.6M Trailer,WN4 8DE,LE19 1WY,53.501398,-2.64202,52.601991,-1.190434,2023-10-04 10:00:00+00:00,2023-10-04 10:30:00+00:00,2023-10-04 16:30:00+00:00,2023-10-04 17:00:00+00:00,True
SEZHUK-231003-249735,CAUK000096,Tractor Unit,Curtain-Side 13.6M Trailer,OL15 8QF,LE19 1WY,53.634051,-2.1142,52.601991,-1.190434,2023-10-04 10:00:00+00:00,2023-10-04 10:30:00+00:00,2023-10-04 16:30:00+00:00,2023-10-04 17:00:00+00:00,False
SEZHUK-231004-249770,CAUK000096,Tractor Unit,Curtain-Side 13.6M Trailer,ME6 5PX,IG11 0DS,51.32487,0.446613,51.515717,0.100453,2023-10-06 09:00:00+00:00,2023-10-06 09:30:00+00:00,2023-10-06 13:30:00+00:00,2023-10-06 14:00:00+00:00,False
SEZHUK-231004-249813,CAUK000250,Tractor Unit,Box,S80 3FY,NAAS,53.293393,-1.074008,53.207122,-6.742479,2023-10-10 04:00:00+00:00,2023-10-10 04:59:00+00:00,2023-10-12 08:25:00+00:00,2023-10-12 08:55:00+00:00,True
SEZHUK-231004-249818,CAUK001006,Tractor Unit,Curtain-Side 13.6M Trailer,L11 0JA,MK17 8DB,53.462845,-2.896967,52.03393,-0.67711,2023-10-06 11:00:00+00:00,2023-10-06 11:01:00+00:00,2023-10-06 17:55:00+00:00,2023-10-06 18:25:00+00:00,True
SEZHUK-231004-249820,CAUK000618,Tractor Unit,Curtain-Side 13.6M Trailer,L11 0JA,LU1 1FW,53.462845,-2.896967,51.885941,-0.443746,2023-10-06 07:00:00+00:00,2023-10-06 07:01:00+00:00,2023-10-06 13:55:00+00:00,2023-10-06 14:25:00+00:00,True
SEZHUK-231004-249839,CAUK000863,Tractor Unit,Curtain-Side 13.6M Trailer,S80 3FY,SP4 7GQ,53.293393,-1.074008,51.17534,-1.753679,2023-10-06 11:00:00+00:00,2023-10-06 11:59:00+00:00,2023-10-06 19:55:00+00:00,2023-10-06 20:25:00+00:00,True
SEZHUK-231004-249849,CAUK000854,Tractor Unit,Curtain-Side 13.6M Trailer,PE29 2XR,EH54 8QX,52.315672,-0.157664,55.896335,-3.53565,2023-10-05 14:00:00+00:00,2023-10-05 14:56:00+00:00,2023-10-06 21:30:00+00:00,2023-10-06 22:00:00+00:00,True
SEZHUK-231004-249850,CAUK001050,Tractor Unit,Curtain-Side 13.6M Trailer,ML4 3NW,MK17 8FF,55.821702,-4.036872,52.040191,-0.673743,2023-10-05 12:00:00+00:00,2023-10-05 12:30:00+00:00,2023-10-06 08:30:00+00:00,2023-10-06 09:00:00+00:00,True
SEZHUK-231004-249854,CAUK000899,Tractor Unit,Curtain-Side 13.6M Trailer,NN4 9BA,WF9 2RH,52.213462,-0.951036,53.601298,-1.266222,2023-10-06 05:00:00+00:00,2023-10-06 05:30:00+00:00,2023-10-06 10:30:00+00:00,2023-10-06 11:00:00+00:00,True
SEZHUK-231004-249896,CAUK000055,Tractor Unit,Curtain-Side 13.6M Trailer,NN9 5DB,MK17 8DB,52.322617,-0.622357,52.03393,-0.67711,2023-10-05 15:30:00+00:00,2023-10-05 16:00:00+00:00,2023-10-06 07:30:00+00:00,2023-10-06 08:00:00+00:00,True
SEZHUK-231004-249897,CAUK000863,Tractor Unit,Curtain-Side 13.6M Trailer,S80 3FY,DA2 6QA,53.293393,-1.074008,51.452153,0.265912,2023-10-05 15:00:00+00:00,2023-10-05 15:59:00+00:00,2023-10-06 09:55:00+00:00,2023-10-06 10:25:00+00:00,True
SEZHUK-231004-249898,CAUK000055,Tractor Unit,Curtain-Side 13.6M Trailer,NN9 5DB,MK17 8DB,52.322617,-0.622357,52.03393,-0.67711,2023-10-06 10:30:00+00:00,2023-10-06 11:00:00+00:00,2023-10-06 13:30:00+00:00,2023-10-06 14:00:00+00:00,True
SEZHUK-231004-249902,CAUK000770,Tractor Unit,Curtain-Side 13.6M Trailer,DN11 9HE,NN4 9BF,53.437296,-1.068189,52.212328,-0.944564,2023-10-06 08:04:47+00:00,2023-10-06 09:03:47+00:00,2023-10-06 11:35:00+00:00,2023-10-06 12:05:00+00:00,True
SEZHUK-231004-249903,CAUK000029,Tractor Unit,Curtain-Side 13.6M Trailer,DN11 9HE,NN4 9BF,53.437296,-1.068189,52.212328,-0.944564,2023-10-06 08:44:47+00:00,2023-10-06 09:43:47+00:00,2023-10-06 12:15:00+00:00,2023-10-06 12:45:00+00:00,True
SEZHUK-231004-249904,CAUK000029,Tractor Unit,Curtain-Side 13.6M Trailer,DN11 9HE,NN4 9BF,53.437296,-1.068189,52.212328,-0.944564,2023-10-06 09:24:47+00:00,2023-10-06 10:23:47+00:00,2023-10-06 12:55:00+00:00,2023-10-06 13:25:00+00:00,True
SEZHUK-231004-249905,CAUK000863,Tractor Unit,Curtain-Side 13.6M Trailer,DN11 9HE,CM2 5AE,53.437296,-1.068189,51.748381,0.519226,2023-10-05 15:00:00+00:00,2023-10-05 15:59:00+00:00,2023-10-06 09:55:00+00:00,2023-10-06 10:25:00+00:00,True
SEZHUK-231004-249911,CAUK000863,Tractor Unit,Curtain-Side 13.6M Trailer,PE29 2XR,NP26 3TS,52.315672,-0.157664,51.571921,-2.862409,2023-10-05 15:00:00+00:00,2023-10-05 15:56:00+00:00,2023-10-06 02:55:00+00:00,2023-10-06 03:25:00+00:00,True
SEZHUK-231004-249934,CAUK000979,Tractor Unit,Curtain-Side 13.6M Trailer,S80 3FY,DA2 6QA,53.293393,-1.074008,51.452153,0.265912,2023-10-05 16:00:00+00:00,2023-10-05 16:59:00+00:00,2023-10-06 09:55:00+00:00,2023-10-06 10:25:00+00:00,True
SEZHUK-231004-249974,CAUK000222,Tractor Unit,Curtain-Side 13.6M Trailer,L11 0JA,LE17 4XH,53.462845,-2.896967,52.454783,-1.253028,2023-10-05 21:00:00+00:00,2023-10-05 21:01:00+00:00,2023-10-06 01:55:00+00:00,2023-10-06 02:25:00+00:00,False
SEZHUK-231004-249979,CAUK000124,Tractor Unit,Curtain-Side 13.6M Trailer,NN6 7GX,LE67 1UA,52.358623,-1.166133,52.701119,-1.339519,2023-10-06 06:00:00+00:00,2023-10-06 15:00:00+00:00,2023-10-09 08:00:00+00:00,2023-10-09 08:00:00+00:00,True
SEZHUK-231004-249993,CAUK000863,Tractor Unit,Curtain-Side 13.6M Trailer,S80 3FY,NP26 3TS,53.293393,-1.074008,51.57282,-2.85848,2023-10-05 17:00:00+00:00,2023-10-05 17:59:00+00:00,2023-10-06 10:30:00+00:00,2023-10-06 11:00:00+00:00,True
SEZHUK-231004-249996,CAUK000851,Tractor Unit,Curtain-Side 13.6M Trailer,PE29 2XR,EH48 2FB,52.315672,-0.157664,55.877803,-3.648558,2023-10-05 12:00:00+00:00,2023-10-05 12:50:00+00:00,2023-10-06 06:55:00+00:00,2023-10-06 07:25:00+00:00,True
SEZHUK-231004-250019,CAUK001024,3.5T Van,LWB Van,CO4 9QJ,CM22 7FD,51.920887,0.927015,51.869555,0.216885,2023-10-11 15:30:00+00:00,2023-10-11 16:30:00+00:00,2023-10-11 19:00:00+00:00,2023-10-11 20:00:00+00:00,True
SEZHUK-231004-250028,CAUK001022,3.5T Van,LWB Van,E1W 2DA,SL3 0BB,51.508392,-0.057296,51.470264,-0.515011,2023-10-10 19:05:00+00:00,2023-10-10 20:05:00+00:00,2023-10-10 20:05:00+00:00,2023-10-10 21:05:00+00:00,True
SEZHUK-231004-250030,CAUK001022,3.5T Van,LWB Van,SL3 0BB,E1W 2DA,51.470264,-0.515011,51.508392,-0.057296,2023-10-10 05:45:00+00:00,2023-10-10 06:45:00+00:00,2023-10-10 07:15:00+00:00,2023-10-10 08:15:00+00:00,True
SEZHUK-231004-250031,CAUK001022,3.5T Van,LWB Van,E1W 2DA,SL3 0BB,51.508392,-0.057296,51.470264,-0.515011,2023-10-11 19:05:00+00:00,2023-10-11 20:05:00+00:00,2023-10-11 20:05:00+00:00,2023-10-11 21:05:00+00:00,True
SEZHUK-231004-250033,CAUK001022,3.5T Van,LWB Van,SL3 0BB,E1W 2DA,51.470264,-0.515011,51.508392,-0.057296,2023-10-11 05:45:00+00:00,2023-10-11 06:45:00+00:00,2023-10-11 07:15:00+00:00,2023-10-11 08:15:00+00:00,True
SEZHUK-231004-250034,CAUK001022,3.5T Van,LWB Van,E1W 2DA,SL3 0BB,51.508392,-0.057296,51.470264,-0.515011,2023-10-12 19:05:00+00:00,2023-10-12 20:05:00+00:00,2023-10-12 20:05:00+00:00,2023-10-12 21:05:00+00:00,True
SEZHUK-231004-250036,CAUK001022,3.5T Van,LWB Van,SL3 0BB,E1W 2DA,51.470264,-0.515011,51.508392,-0.057296,2023-10-12 05:45:00+00:00,2023-10-12 06:45:00+00:00,2023-10-12 07:15:00+00:00,2023-10-12 08:15:00+00:00,True
SEZHUK-231004-250037,CAUK001022,3.5T Van,LWB Van,E1W 2DA,SL3 0BB,51.508392,-0.057296,51.470264,-0.515011,2023-10-13 19:05:00+00:00,2023-10-13 20:05:00+00:00,2023-10-13 20:05:00+00:00,2023-10-13 21:05:00+00:00,True
SEZHUK-231004-250039,CAUK001022,3.5T Van,LWB Van,SL3 0BB,E1W 2DA,51.470264,-0.515011,51.508392,-0.057296,2023-10-13 05:45:00+00:00,2023-10-13 06:45:00+00:00,2023-10-13 07:15:00+00:00,2023-10-13 08:15:00+00:00,True
SEZHUK-231004-250040,CAUK001009,3.5T Van,LWB Van,SE14 5RW,DE74 2TR,51.482963,-0.044736,52.829374,-1.332134,2023-10-09 15:30:00+00:00,2023-10-09 16:30:00+00:00,2023-10-09 20:00:00+00:00,2023-10-10 20:00:00+00:00,True
SEZHUK-231004-250045,CAUK001009,3.5T Van,LWB Van,CR0 4TD,DE74 2TR,51.384873,-0.14022,52.829374,-1.332134,2023-10-10 15:30:00+00:00,2023-10-10 16:30:00+00:00,2023-10-10 19:45:00+00:00,2023-10-10 20:00:00+00:00,True
SEZHUK-231004-250049,CAUK001009,3.5T Van,LWB Van,SE14 5RW,DE74 2TR,51.482963,-0.044736,52.829374,-1.332134,2023-10-12 15:30:00+00:00,2023-10-12 16:30:00+00:00,2023-10-12 19:45:00+00:00,2023-10-12 20:00:00+00:00,True
SEZHUK-231004-250050,CAUK001009,3.5T Van,LWB Van,EN1 1TX,DE74 2TR,51.650981,-0.054718,52.829374,-1.332134,2023-10-12 16:15:00+00:00,2023-10-12 17:15:00+00:00,2023-10-12 19:45:00+00:00,2023-10-12 20:00:00+00:00,True
SEZHUK-231004-250052,CAUK000034,Tractor Unit,Curtain-Side 13.6M Trailer,NP26 3RA,RM20 3LG,51.585139,-2.844668,51.476241,0.268788,2023-10-05 13:00:00+00:00,2023-10-05 23:00:00+00:00,2023-10-06 09:30:00+00:00,2023-10-06 10:00:00+00:00,True
SEZHUK-231004-250063,CAUK000222,Tractor Unit,Curtain-Side 13.6M Trailer,WN4 8DE,LE19 1WY,53.501398,-2.64202,52.601991,-1.190434,2023-10-05 10:00:00+00:00,2023-10-05 10:30:00+00:00,2023-10-05 16:30:00+00:00,2023-10-05 17:00:00+00:00,False
SEZHUK-231004-250084,CAUK000431,Tractor Unit,Box 40ft,ST4 4DG,SN3 4TT,52.989325,-2.190387,51.602351,-1.733719,2023-10-05 09:00:00+00:00,2023-10-05 10:40:01+00:00,2023-10-05 13:14:00+00:00,2023-10-05 13:59:01+00:00,True
SEZHUK-231004-250089,CAUK000490,Tractor Unit,Box 44ft,BD5 8LZ,BS35 3UT,53.763771,-1.739326,51.602415,-2.522567,2023-10-04 23:19:00+00:00,2023-10-05 00:59:01+00:00,2023-10-05 07:00:00+00:00,2023-10-05 10:11:01+00:00,False
SEZHUK-231004-250093,CAUK000435,Tractor Unit,40ft Container,AL10 8XF,CV23 8YE,51.74104,-0.218368,52.347952,-1.166427,2023-10-05 12:00:00+00:00,2023-10-05 13:55:01+00:00,2023-10-05 15:30:00+00:00,2023-10-05 16:15:01+00:00,False
SEZHUK-231004-250142,CAUK000490,Tractor Unit,Box,BD12 7ER,CW1 6FB,53.753295,-1.722689,53.087056,-2.416485,2023-10-13 16:00:00+00:00,2023-10-13 16:30:00+00:00,2023-10-13 19:00:00+00:00,2023-10-13 19:30:00+00:00,True
SEZHUK-231004-250146,CAUK000766,Tractor Unit,Box,BD12 7ER,EN3 7XA,53.753295,-1.722689,51.654826,-0.026769,2023-10-12 14:00:00+00:00,2023-10-12 15:00:00+00:00,2023-10-12 19:00:00+00:00,2023-10-12 19:30:00+00:00,False
SEZHUK-231005-250148,CAUK000770,Tractor Unit,Curtain-Side 13.6M Trailer,DN3 3FG,HP5 1QJ,53.537133,-1.037405,51.692773,-0.592602,2023-10-09 06:00:00+00:00,2023-10-09 18:00:00+00:00,2023-10-10 08:00:00+00:00,2023-10-10 17:00:00+00:00,True
SEZHUK-231005-250175,CAUK000146,Tractor Unit,Curtain-Side 13.6M Trailer,CF37 5TF,BS11 9BT,51.572559,-3.291144,51.511084,-2.703002,2023-10-06 09:00:00+00:00,2023-10-06 09:30:00+00:00,2023-10-06 13:30:00+00:00,2023-10-06 14:00:00+00:00,False
SEZHUK-231005-250200,CAUK000689,Tractor Unit,Curtain-Side 13.6M Trailer,S80 3FY,SP4 7GQ,53.293393,-1.074008,51.17534,-1.753679,2023-10-06 16:00:00+00:00,2023-10-06 17:00:00+00:00,2023-10-07 11:55:00+00:00,2023-10-07 12:25:00+00:00,True
SEZHUK-231005-250208,CAUK000863,Tractor Unit,Curtain-Side 13.6M Trailer,L11 0JA,SP4 7GQ,53.462845,-2.896967,51.17534,-1.753679,2023-10-06 17:00:00+00:00,2023-10-06 17:01:00+00:00,2023-10-07 14:55:00+00:00,2023-10-07 15:25:00+00:00,True
SEZHUK-231005-250211,CAUK000935,Tractor Unit,Curtain-Side 13.6M Trailer,L11 0JA,EH48 2FB,53.462845,-2.896967,55.877803,-3.648558,2023-10-06 14:00:00+00:00,2023-10-06 14:01:00+00:00,2023-10-07 10:55:00+00:00,2023-10-07 11:25:00+00:00,True
SEZHUK-231005-250217,CAUK000863,Tractor Unit,Curtain-Side 13.6M Trailer,L11 0JA,N9 0BD,53.462845,-2.896967,51.620719,-0.037422,2023-10-06 14:00:00+00:00,2023-10-06 14:01:00+00:00,2023-10-09 06:55:00+00:00,2023-10-09 07:25:00+00:00,True
SEZHUK-231005-250225,CAUK001004,Tractor Unit,Curtain-Side 13.6M Trailer,B24 8DW,NN6 7GX,52.507428,-1.834192,52.358623,-1.166133,2023-10-06 07:00:00+00:00,2023-10-06 07:30:00+00:00,2023-10-06 10:00:00+00:00,2023-10-06 10:30:00+00:00,True
SEZHUK-231005-250236,CAUK000689,Tractor Unit,Curtain-Side 13.6M Trailer,PE29 2XR,NP26 3TS,52.315672,-0.157664,51.571921,-2.862409,2023-10-06 14:00:00+00:00,2023-10-06 14:56:00+00:00,2023-10-07 06:30:00+00:00,2023-10-07 07:00:00+00:00,True
SEZHUK-231005-250254,CAUK000912,3.5 T Van,Box,S35 2PW,LE3 8DX,53.476537,-1.471065,52.641456,-1.216005,2023-10-09 00:30:00+00:00,2023-10-09 01:00:00+00:00,2023-10-09 03:00:00+00:00,2023-10-09 03:30:00+00:00,False
SEZHUK-231005-250267,CAUK000912,3.5 T Van,Box,S35 2PW,LE3 8DX,53.476537,-1.471065,52.641456,-1.216005,2023-10-11 00:30:00+00:00,2023-10-11 01:00:00+00:00,2023-10-11 03:00:00+00:00,2023-10-11 03:30:00+00:00,True
SEZHUK-231005-250272,CAUK000912,3.5 T Van,Box,S35 2PW,LS27 0FU,53.476537,-1.471065,53.734398,-1.604189,2023-10-11 03:15:00+00:00,2023-10-11 03:45:00+00:00,2023-10-11 05:00:00+00:00,2023-10-11 05:30:00+00:00,True
SEZHUK-231005-250278,CAUK000912,3.5 T Van,Box,S35 2PW,LE3 8DX,53.476537,-1.471065,52.641456,-1.216005,2023-10-10 00:30:00+00:00,2023-10-10 01:00:00+00:00,2023-10-10 03:00:00+00:00,2023-10-10 03:30:00+00:00,True
SEZHUK-231005-250290,CAUK000912,3.5 T Van,Box,S35 2PW,LE3 8DX,53.476537,-1.471065,52.641456,-1.216005,2023-10-12 00:30:00+00:00,2023-10-12 01:00:00+00:00,2023-10-12 03:00:00+00:00,2023-10-12 03:30:00+00:00,True
SEZHUK-231005-250291,CAUK000912,3.5 T Van,Box,S35 2PW,LE3 8DX,53.476537,-1.471065,52.641456,-1.216005,2023-10-13 00:30:00+00:00,2023-10-13 01:00:00+00:00,2023-10-13 03:00:00+00:00,2023-10-13 03:30:00+00:00,False
SEZHUK-231005-250293,CAUK000912,3.5 T Van,Box,S35 2PW,LS27 0FU,53.476537,-1.471065,53.734398,-1.604189,2023-10-12 03:15:00+00:00,2023-10-12 03:45:00+00:00,2023-10-12 05:00:00+00:00,2023-10-12 05:30:00+00:00,True
SEZHUK-231005-250299,CAUK000912,3.5 T Van,Box,S35 2PW,LS27 0FU,53.476537,-1.471065,53.734398,-1.604189,2023-10-13 03:15:00+00:00,2023-10-13 03:45:00+00:00,2023-10-13 05:00:00+00:00,2023-10-13 05:30:00+00:00,True
SEZHUK-231005-250307,CAUK000912,3.5 T Van,Box,S35 2PW,LE3 8DX,53.476537,-1.471065,52.641456,-1.216005,2023-10-15 00:30:00+00:00,2023-10-15 01:00:00+00:00,2023-10-15 03:00:00+00:00,2023-10-15 03:30:00+00:00,True
SEZHUK-231005-250312,CAUK000912,3.5 T Van,Box,S35 2PW,LS27 0FU,53.476537,-1.471065,53.734398,-1.604189,2023-10-15 03:15:00+00:00,2023-10-15 03:45:00+00:00,2023-10-15 05:00:00+00:00,2023-10-15 05:30:00+00:00,True
SEZHUK-231005-250324,CAUK000912,3.5 T Van,Box,S35 2PW,LE3 8DX,53.476537,-1.471065,52.641456,-1.216005,2023-10-14 00:30:00+00:00,2023-10-14 01:00:00+00:00,2023-10-14 03:00:00+00:00,2023-10-14 03:30:00+00:00,True
SEZHUK-231005-250331,CAUK000912,3.5 T Van,Box,S35 2PW,LS27 0FU,53.476537,-1.471065,53.734398,-1.604189,2023-10-14 03:15:00+00:00,2023-10-14 03:45:00+00:00,2023-10-14 05:00:00+00:00,2023-10-14 05:30:00+00:00,True
SEZHUK-231005-250378,CAUK000912,3.5 T Van,Box,S35 2PW,LS27 0FU,53.476537,-1.471065,53.734398,-1.604189,2023-10-10 03:15:00+00:00,2023-10-10 03:45:00+00:00,2023-10-10 05:00:00+00:00,2023-10-10 05:30:00+00:00,False
SEZHUK-231005-250403,CAUK000883,Tractor Unit,Curtain-Side 13.6M Trailer,S80 3FY,RG2 0PN,53.293393,-1.074008,51.419654,-0.973301,2023-10-06 05:00:00+00:00,2023-10-06 05:59:00+00:00,2023-10-06 10:55:00+00:00,2023-10-06 11:25:00+00:00,False
SEZHUK-231005-250431,CAUK000689,Tractor Unit,Curtain-Side 13.6M Trailer,S80 3FY,NP26 3TS,53.293393,-1.074008,51.57282,-2.85848,2023-10-06 14:00:00+00:00,2023-10-06 14:59:00+00:00,2023-10-07 02:55:00+00:00,2023-10-07 03:25:00+00:00,True
SEZHUK-231005-250447,CAUK000689,Tractor Unit,Curtain-Side 13.6M Trailer,PE29 2XR,CF3 2GJ,52.315672,-0.157664,51.50328,-3.109119,2023-10-06 10:00:00+00:00,2023-10-06 10:56:00+00:00,2023-10-09 06:55:00+00:00,2023-10-09 07:25:00+00:00,True
SEZHUK-231005-250448,CAUK000096,Tractor Unit,Curtain-Side 13.6M Trailer,PE29 2XR,EH48 2FB,52.315672,-0.157664,55.877803,-3.648558,2023-10-06 09:45:00+00:00,2023-10-06 10:00:00+00:00,2023-10-09 09:55:00+00:00,2023-10-09 10:25:00+00:00,True
SEZHUK-231005-250456,CAUK000770,Tractor Unit,Curtain-Side 13.6M Trailer,DN11 9HE,NN6 7TZ,53.437296,-1.068189,52.35193,-1.144734,2023-10-09 05:00:00+00:00,2023-10-09 05:59:00+00:00,2023-10-09 10:55:00+00:00,2023-10-09 11:25:00+00:00,True
SEZHUK-231005-250479,CAUK000689,Tractor Unit,Curtain-Side 13.6M Trailer,S80 3FY,SP4 7GQ,53.293393,-1.074008,51.17534,-1.753679,2023-10-07 12:00:00+00:00,2023-10-07 12:59:00+00:00,2023-10-09 05:55:00+00:00,2023-10-09 06:25:00+00:00,True
SEZHUK-231005-250508,CAUK000854,Tractor Unit,Curtain-Side 13.6M Trailer,S80 3FY,G75 0QH,53.293393,-1.074008,55.764352,-4.176999,2023-10-09 06:00:00+00:00,2023-10-09 06:59:00+00:00,2023-10-09 12:55:00+00:00,2023-10-09 13:25:00+00:00,True
SEZHUK-231005-250516,CAUK000863,Tractor Unit,Box 44ft,DE74 2HL,TN2 3EW,52.849282,-1.354253,51.155589,0.293351,2023-10-06 12:30:00+00:00,2023-10-06 14:10:01+00:00,2023-10-06 17:40:00+00:00,2023-10-06 19:10:01+00:00,True
SEZHUK-231005-250537,CAUK000689,Tractor Unit,Curtain-Side 13.6M Trailer,DN11 9HE,NP16 6UD,53.437296,-1.068189,51.614678,-2.674519,2023-10-09 09:00:00+00:00,2023-10-09 09:59:00+00:00,2023-10-09 16:55:00+00:00,2023-10-09 17:25:00+00:00,True
SEZHUK-231005-250553,CAUK000124,Tractor Unit,Curtain-Side 13.6M Trailer,CV21 1TQ,LE67 1UA,52.39568,-1.265356,52.701119,-1.339519,2023-10-09 08:00:00+00:00,2023-10-09 08:30:00+00:00,2023-10-10 08:00:00+00:00,2023-10-10 08:00:00+00:00,True
SEZHUK-231005-250555,CAUK000115,Tractor Unit,Curtain-Side 13.6M Trailer,LS10 1SL,M17 1NH,53.771668,-1.514934,53.47475,-2.319686,2023-10-06 11:00:00+00:00,2023-10-06 11:30:00+00:00,2023-10-06 14:00:00+00:00,2023-10-06 15:00:00+00:00,False
SEZHUK-231005-250570,CAUK000310,Tractor Unit,Curtain-Side 13.6M Trailer,L11 0JA,SP4 7SQ,53.462845,-2.896967,51.177012,-1.757833,2023-10-09 08:00:00+00:00,2023-10-09 08:01:00+00:00,2023-10-09 15:55:00+00:00,2023-10-09 16:25:00+00:00,True
SEZHUK-231006-250608,CAUK000096,Tractor Unit,Curtain-Side 13.6M Trailer,PL7 5JY,DY9 7DP,50.38645,-4.020841,52.457769,-2.122196,2023-10-09 14:00:00+00:00,2023-10-09 14:30:00+00:00,2023-10-10 10:30:00+00:00,2023-10-10 11:00:00+00:00,True
SEZHUK-231006-250618,CAUK000192,Tractor Unit,Curtain-Side 13.6M Trailer,CA10 2EY,DN8 5TE,54.622276,-2.710485,53.566639,-0.919839,2023-10-10 06:00:00+00:00,2023-10-10 16:00:00+00:00,2023-10-11 06:00:00+00:00,2023-10-11 18:00:00+00:00,True
SEZHUK-231006-250621,CAUK000431,Tractor Unit,Curtain-Side 13.6M Trailer,M17 1RW,OX11 7HJ,53.47243,-2.332477,51.619116,-1.256855,2023-10-06 11:00:00+00:00,2023-10-06 15:00:00+00:00,2023-10-06 16:00:00+00:00,2023-10-06 23:00:00+00:00,True
SEZHUK-231006-250635,CAUK000863,Tractor Unit,Curtain-Side 13.6M Trailer,S80 3FY,SS14 3WF,53.293393,-1.074008,51.588475,0.466827,2023-10-09 15:00:00+00:00,2023-10-09 15:59:00+00:00,2023-10-10 07:55:00+00:00,2023-10-10 08:25:00+00:00,True
SEZHUK-231006-250637,CAUK000863,Tractor Unit,Curtain-Side 13.6M Trailer,S80 3FY,SS14 3WF,53.293393,-1.074008,51.588475,0.466827,2023-10-09 16:00:00+00:00,2023-10-09 16:59:00+00:00,2023-10-10 09:55:00+00:00,2023-10-10 10:25:00+00:00,True
SEZHUK-231006-250648,CAUK000935,Tractor Unit,Curtain-Side 13.6M Trailer,L11 0JA,EH54 8QX,53.462845,-2.896967,55.896335,-3.53565,2023-10-07 09:00:00+00:00,2023-10-07 09:01:00+00:00,2023-10-08 09:55:00+00:00,2023-10-08 10:25:00+00:00,False
SEZHUK-231006-250682,CAUK001004,Tractor Unit,Curtain-Side 13.6M Trailer,B24 8DW,NN6 7GX,52.507428,-1.834192,52.358623,-1.166133,2023-10-09 07:00:00+00:00,2023-10-09 07:30:00+00:00,2023-10-09 10:00:00+00:00,2023-10-09 10:30:00+00:00,True
SEZHUK-231006-250684,CAUK001006,Tractor Unit,Curtain-Side 13.6M Trailer,L11 0JA,MK42 6EY,53.462845,-2.896967,52.093182,-0.475758,2023-10-09 11:00:00+00:00,2023-10-09 11:01:00+00:00,2023-10-10 01:55:00+00:00,2023-10-10 02:25:00+00:00,False
SEZHUK-231006-250686,CAUK000250,Tractor Unit,Curtain-Side 13.6M Trailer,L11 0JA,RATHCOOLE,53.464178,-2.895312,53.290114,-6.467162,2023-10-10 11:00:00+00:00,2023-10-10 11:01:00+00:00,2023-10-12 09:55:00+00:00,2023-10-12 10:25:00+00:00,True
SEZHUK-231006-250700,CAUK000222,Tractor Unit,Curtain-Side 13.6M Trailer,L11 0JA,WV4 6UD,53.462845,-2.896967,52.560452,-2.099437,2023-10-10 13:00:00+00:00,2023-10-10 13:01:00+00:00,2023-10-10 18:55:00+00:00,2023-10-10 19:25:00+00:00,True
SEZHUK-231006-250721,CAUK000854,Tractor Unit,Curtain-Side 13.6M Trailer,DN11 9HE,DG1 3NX,53.437296,-1.068189,55.103288,-3.58116,2023-10-09 12:30:00+00:00,2023-10-09 13:29:00+00:00,2023-10-10 06:55:00+00:00,2023-10-10 07:25:00+00:00,True
SEZHUK-231006-250724,CAUK000854,Tractor Unit,Curtain-Side 13.6M Trailer,S80 3FY,FK3 8UZ,53.293393,-1.074008,56.013818,-3.740373,2023-10-09 13:00:00+00:00,2023-10-09 13:59:00+00:00,2023-10-10 08:55:00+00:00,2023-10-10 09:25:00+00:00,True
SEZHUK-231006-250743,CAUK000115,Tractor Unit,Curtain-Side 13.6M Trailer,LS10 1SL,CH62 4TG,53.771668,-1.514934,53.347921,-2.985477,2023-10-09 15:00:00+00:00,2023-10-09 15:30:00+00:00,2023-10-09 21:00:00+00:00,2023-10-09 22:00:00+00:00,False
SEZHUK-231006-250751,CAUK000349,Tractor Unit,Curtain-Side 13.6M Trailer,CM19 5DB,CM19 5DB,51.759727,0.040585,51.759727,0.040585,2023-10-10 10:00:00+00:00,2023-10-10 10:30:00+00:00,2023-10-10 13:45:00+00:00,2023-10-10 14:15:00+00:00,True
SEZHUK-231006-250761,CAUK000435,Tractor Unit,Box 44ft,AL10 8XF,MK4 4BX,51.74104,-0.218368,51.991558,-0.784236,2023-10-07 12:00:00+00:00,2023-10-07 15:00:01+00:00,2023-10-07 17:00:00+00:00,2023-10-07 18:00:01+00:00,True
SEZHUK-231006-250763,CAUK000766,Tractor Unit,Box 44ft,BD5 8LZ,ST4 4DG,53.763771,-1.739326,52.989325,-2.190387,2023-10-07 10:00:00+00:00,2023-10-07 11:40:01+00:00,2023-10-07 13:35:00+00:00,2023-10-07 14:20:01+00:00,True
SEZHUK-231006-250769,CAUK000435,Tractor Unit,Box 44ft,AL10 8XF,ST4 4DG,51.74104,-0.218368,52.989325,-2.190387,2023-10-07 12:00:00+00:00,2023-10-07 13:55:01+00:00,2023-10-07 17:01:00+00:00,2023-10-07 18:31:01+00:00,True
SEZHUK-231006-250775,CAUK000618,Tractor Unit,Box 44ft,BD5 8LZ,S35 2PW,53.794614,-1.749596,53.477856,-1.472093,2023-10-07 08:00:00+00:00,2023-10-07 08:30:00+00:00,2023-10-07 13:30:00+00:00,2023-10-07 14:25:01+00:00,True
SEZHUK-231006-250777,CAUK000435,Tractor Unit,Box 44ft,AL10 8XF,S35 2PW,51.74104,-0.218368,53.477856,-1.472093,2023-10-07 12:00:00+00:00,2023-10-07 13:55:01+00:00,2023-10-07 17:12:00+00:00,2023-10-07 18:42:01+00:00,False
SEZHUK-231006-250779,CAUK000435,Tractor Unit,40ft Container,AL10 8XF,DE74 2HL,51.742307,-0.219644,52.849282,-1.354253,2023-10-07 14:00:00+00:00,2023-10-07 14:30:00+00:00,2023-10-07 19:15:00+00:00,2023-10-07 20:00:01+00:00,True
SEZHUK-231006-250780,CAUK000435,Tractor Unit,40ft Container,AL10 8XF,AL10 8XF,51.742307,-0.219644,51.74104,-0.218368,2023-10-07 14:00:00+00:00,2023-10-07 14:30:00+00:00,2023-10-07 19:01:00+00:00,2023-10-07 20:01:01+00:00,True
SEZHUK-231006-250783,CAUK000428,Tractor Unit,40ft Container,AL10 8XF,AL10 8XF,51.737189,-0.213391,51.74104,-0.218368,2023-10-07 14:00:00+00:00,2023-10-07 14:30:00+00:00,2023-10-07 19:48:00+00:00,2023-10-07 20:33:01+00:00,True
SEZHUK-231006-250809,CAUK000428,Tractor Unit,Box 44ft,AL10 8XF,PE3 7EZ,51.742307,-0.219644,52.59025,-0.261951,2023-10-07 14:00:00+00:00,2023-10-07 14:30:00+00:00,2023-10-07 19:36:00+00:00,2023-10-07 20:21:01+00:00,True
SEZHUK-231006-250811,CAUK000250,Tractor Unit,Curtain-Side 13.6M Trailer,S80 3FY,BT36 7LQ,53.293393,-1.074008,54.664518,-5.932184,2023-10-10 00:00:00+00:00,2023-10-10 23:59:00+00:00,2023-10-13 09:30:00+00:00,2023-10-13 10:00:00+00:00,True
SEZHUK-231006-250813,CAUK000250,Tractor Unit,Curtain-Side 13.6M Trailer,S80 3FY,MULLINGAR,53.293393,-1.074008,53.524029,-7.323312,2023-10-09 04:00:00+00:00,2023-10-09 04:59:00+00:00,2023-10-12 19:25:00+00:00,2023-10-12 19:55:00+00:00,True
SEZHUK-231006-250814,CAUK000250,Tractor Unit,Curtain-Side 13.6M Trailer,S80 3FY,NEWBRIDGE,53.293393,-1.074008,53.177772,-6.79517,2023-10-10 00:00:00+00:00,2023-10-10 23:59:00+00:00,2023-10-13 11:25:00+00:00,2023-10-13 11:55:00+00:00,True
SEZHUK-231006-250819,CAUK000349,Tractor Unit,Curtain-Side 13.6M Trailer,DE14 2WT,CR0 3AF,52.800481,-1.663328,51.390138,-0.132691,2023-10-09 11:00:00+00:00,2023-10-09 11:30:00+00:00,2023-10-10 11:00:00+00:00,2023-10-10 11:30:00+00:00,True
SEZHUK-231006-250823,CAUK000883,Tractor Unit,Box 44ft,BD5 8LZ,RG19 4BQ,53.763771,-1.739326,51.398851,-1.231993,2023-10-07 23:19:00+00:00,2023-10-08 00:59:01+00:00,2023-10-08 07:00:00+00:00,2023-10-08 09:00:01+00:00,False
SEZHUK-231006-250834,CAUK000222,Tractor Unit,Curtain-Side 13.6M Trailer,WN4 8DE,LE19 1WY,53.501398,-2.64202,52.601991,-1.190434,2023-10-09 10:00:00+00:00,2023-10-09 10:30:00+00:00,2023-10-09 16:30:00+00:00,2023-10-09 17:00:00+00:00,False
SEZHUK-231006-250836,CAUK000096,Tractor Unit,Curtain-Side 13.6M Trailer,SK16 4UG,LE19 1WY,53.467868,-2.096512,52.601991,-1.190434,2023-10-09 10:00:00+00:00,2023-10-09 10:30:00+00:00,2023-10-09 16:30:00+00:00,2023-10-09 17:00:00+00:00,True
SEZHUK-231007-250896,CAUK000428,Tractor Unit,Curtain-Side 13.6M Trailer,AL10 9TR,CT2 7PX,51.772167,-0.250353,51.293329,1.092989,2023-10-09 06:00:00+00:00,2023-10-09 06:30:00+00:00,2023-10-09 11:30:00+00:00,2023-10-09 12:00:00+00:00,True
SEZHUK-231007-250897,CAUK000428,Tractor Unit,Curtain-Side 13.6M Trailer,AL10 9TR,CT2 7PX,51.772167,-0.250353,51.293329,1.092989,2023-10-10 06:00:00+00:00,2023-10-10 06:30:00+00:00,2023-10-10 11:30:00+00:00,2023-10-10 12:00:00+00:00,True
SEZHUK-231007-250898,CAUK000428,Tractor Unit,Curtain-Side 13.6M Trailer,AL10 9TR,CT2 7PX,51.772167,-0.250353,51.293329,1.092989,2023-10-11 06:00:00+00:00,2023-10-11 06:30:00+00:00,2023-10-11 11:30:00+00:00,2023-10-11 12:00:00+00:00,True
SEZHUK-231007-250899,CAUK000428,Tractor Unit,Curtain-Side 13.6M Trailer,AL10 9TR,CT2 7PX,51.772167,-0.250353,51.293329,1.092989,2023-10-12 06:00:00+00:00,2023-10-12 06:30:00+00:00,2023-10-12 11:30:00+00:00,2023-10-12 12:00:00+00:00,True
SEZHUK-231007-250900,CAUK000428,Tractor Unit,Curtain-Side 13.6M Trailer,AL10 9TR,CT2 7PX,51.772167,-0.250353,51.293329,1.092989,2023-10-13 06:00:00+00:00,2023-10-13 06:30:00+00:00,2023-10-13 11:30:00+00:00,2023-10-13 12:00:00+00:00,True
SEZHUK-231007-250921,CAUK000435,Tractor Unit,Box 44ft,AL10 8XF,AL7 1HH,51.74104,-0.218368,51.80446,-0.193311,2023-10-08 12:30:00+00:00,2023-10-08 14:25:01+00:00,2023-10-08 15:00:00+00:00,2023-10-08 15:45:01+00:00,True
SEZHUK-231007-250922,CAUK000660,Tractor Unit,Box 44ft,BD5 8LZ,CW1 6FB,53.763771,-1.739326,53.088574,-2.418451,2023-10-08 08:00:00+00:00,2023-10-08 09:40:01+00:00,2023-10-08 11:38:00+00:00,2023-10-08 13:38:01+00:00,True
SEZHUK-231007-250923,CAUK000490,Tractor Unit,Box 44ft,BD5 8LZ,CW1 6FB,53.763771,-1.739326,53.088574,-2.418451,2023-10-08 07:00:00+00:00,2023-10-08 08:40:01+00:00,2023-10-08 11:10:00+00:00,2023-10-08 13:55:01+00:00,True
SEZHUK-231007-250926,CAUK000435,Tractor Unit,Box 44ft,AL10 8XF,S35 2PW,51.74104,-0.218368,53.477856,-1.472093,2023-10-08 14:30:00+00:00,2023-10-08 16:25:01+00:00,2023-10-08 19:42:00+00:00,2023-10-08 21:12:01+00:00,True
SEZHUK-231007-250928,CAUK000435,Tractor Unit,Box 44ft,AL10 8XF,DE74 2HL,51.74104,-0.218368,52.849282,-1.354253,2023-10-08 12:00:00+00:00,2023-10-08 13:55:01+00:00,2023-10-08 16:18:00+00:00,2023-10-08 17:03:01+00:00,True
SEZHUK-231007-250934,CAUK000428,Tractor Unit,Box 44ft,AL10 8XF,DA8 1PQ,51.74104,-0.218368,51.489078,0.170817,2023-10-08 14:30:00+00:00,2023-10-08 16:25:01+00:00,2023-10-08 17:36:00+00:00,2023-10-08 18:21:01+00:00,True
SEZHUK-231007-250936,CAUK000766,Tractor Unit,Box 44ft,BD5 8LZ,DG11 1AA,53.763771,-1.739326,55.092905,-3.331171,2023-10-08 14:00:00+00:00,2023-10-08 15:40:01+00:00,2023-10-08 19:24:00+00:00,2023-10-08 20:54:01+00:00,True
SEZHUK-231007-250940,CAUK000428,Tractor Unit,Box 44ft,AL10 8XF,ST4 4DG,51.74104,-0.218368,52.989325,-2.190387,2023-10-08 14:00:00+00:00,2023-10-08 15:55:01+00:00,2023-10-08 19:01:00+00:00,2023-10-08 20:31:01+00:00,False
SEZHUK-231007-250941,CAUK000490,Tractor Unit,Box 44ft,BD5 8LZ,DG11 1AA,53.763771,-1.739326,55.092905,-3.331171,2023-10-08 12:00:00+00:00,2023-10-08 13:40:01+00:00,2023-10-08 17:05:00+00:00,2023-10-08 18:35:01+00:00,True
SEZHUK-231007-250951,CAUK000490,Tractor Unit,Box 44ft,BD5 8LZ,HP2 7PZ,53.763771,-1.739326,51.771564,-0.440504,2023-10-08 11:00:00+00:00,2023-10-08 12:40:01+00:00,2023-10-08 16:22:00+00:00,2023-10-08 18:07:01+00:00,False
SEZHUK-231007-250971,CAUK000435,Tractor Unit,Box 44ft,BD5 8LZ,EN3 7QP,53.763771,-1.739326,51.659325,-0.021793,2023-10-08 02:20:00+00:00,2023-10-08 04:00:01+00:00,2023-10-08 08:03:00+00:00,2023-10-08 10:48:01+00:00,True
SEZHUK-231007-250977,CAUK000766,Tractor Unit,Box 44ft,BD5 8LZ,RG19 4BQ,53.763771,-1.739326,51.398851,-1.231993,2023-10-08 02:20:00+00:00,2023-10-08 04:00:01+00:00,2023-10-08 09:13:00+00:00,2023-10-08 11:13:01+00:00,True
SEZHUK-231008-250993,CAUK000431,Tractor Unit,Double Deck Trailer,ST4 4DG,CA3 0BN,52.989325,-2.190387,54.927651,-2.952925,2023-10-09 09:00:00+00:00,2023-10-09 11:01:01+00:00,2023-10-09 14:26:00+00:00,2023-10-09 16:11:01+00:00,True
SEZHUK-231008-250998,CAUK000435,Tractor Unit,Box 44ft,AL10 8XF,AL10 8XF,51.738652,-0.213512,51.74104,-0.218368,2023-10-09 12:00:00+00:00,2023-10-09 12:30:00+00:00,2023-10-09 20:00:00+00:00,2023-10-09 20:30:00+00:00,True
SEZHUK-231008-251010,CAUK000435,Tractor Unit,Box 44ft,AL10 8XF,S35 2PW,51.74104,-0.218368,53.477856,-1.472093,2023-10-09 14:00:00+00:00,2023-10-09 16:25:00+00:00,2023-10-09 19:42:00+00:00,2023-10-09 21:12:01+00:00,True
SEZHUK-231008-251019,CAUK000435,Tractor Unit,Box 44ft,AL10 8XF,DE74 2HL,51.74104,-0.218368,52.849282,-1.354253,2023-10-09 14:30:00+00:00,2023-10-09 16:30:01+00:00,2023-10-09 18:53:00+00:00,2023-10-09 19:38:01+00:00,False
SEZHUK-231008-251020,CAUK000490,Tractor Unit,Box 44ft,BD5 8LZ,CW1 5AW,53.763771,-1.739326,53.079961,-2.41658,2023-10-09 11:00:00+00:00,2023-10-09 12:40:01+00:00,2023-10-09 14:26:00+00:00,2023-10-09 15:26:01+00:00,False
SEZHUK-231008-251043,CAUK000766,Tractor Unit,Box 44ft,BD5 8LZ,HP2 7PZ,53.763771,-1.739326,51.771839,-0.439712,2023-10-11 01:40:00+00:00,2023-10-11 03:20:01+00:00,2023-10-11 07:02:00+00:00,2023-10-11 10:43:01+00:00,True
SEZHUK-231008-251044,CAUK000490,Tractor Unit,Box 44ft,BD5 8LZ,HP2 7PZ,53.763771,-1.739326,51.771839,-0.439712,2023-10-10 16:20:00+00:00,2023-10-10 18:00:01+00:00,2023-10-11 06:00:00+00:00,2023-10-11 08:56:01+00:00,False
SEZHUK-231008-251049,CAUK000435,Tractor Unit,Box 44ft,BD5 8LZ,EN3 7QP,53.763771,-1.739326,51.659325,-0.021793,2023-10-10 02:20:00+00:00,2023-10-10 04:00:01+00:00,2023-10-10 08:03:00+00:00,2023-10-10 11:43:01+00:00,True
SEZHUK-231008-251051,CAUK000435,Tractor Unit,Box 44ft,BD5 8LZ,EN3 7QP,53.763771,-1.739326,51.659325,-0.021793,2023-10-12 02:20:00+00:00,2023-10-12 04:00:01+00:00,2023-10-12 08:03:00+00:00,2023-10-12 11:43:01+00:00,True
SEZHUK-231008-251052,CAUK000766,Tractor Unit,Box 44ft,BD5 8LZ,HP2 7PZ,53.763771,-1.739326,51.771839,-0.439712,2023-10-11 01:40:00+00:00,2023-10-11 03:20:01+00:00,2023-10-11 07:02:00+00:00,2023-10-11 10:43:01+00:00,False
SEZHUK-231008-251053,CAUK000435,Tractor Unit,Box 44ft,BD5 8LZ,EN3 7QP,53.763771,-1.739326,51.659325,-0.021793,2023-10-13 02:20:00+00:00,2023-10-13 04:00:01+00:00,2023-10-13 08:03:00+00:00,2023-10-13 11:43:01+00:00,True
SEZHUK-231008-251057,CAUK000435,Tractor Unit,Box 44ft,BD5 8LZ,EN3 7QP,53.763771,-1.739326,51.659325,-0.021793,2023-10-14 02:20:00+00:00,2023-10-14 04:00:01+00:00,2023-10-14 08:03:00+00:00,2023-10-14 11:43:01+00:00,True
SEZHUK-231008-251060,CAUK000490,Tractor Unit,Box 44ft,BD5 8LZ,HP2 7PZ,53.763771,-1.739326,51.771839,-0.439712,2023-10-11 16:20:00+00:00,2023-10-11 18:00:01+00:00,2023-10-12 06:00:00+00:00,2023-10-12 08:56:01+00:00,True
SEZHUK-231008-251080,CAUK000490,Tractor Unit,Box 44ft,BD5 8LZ,RG19 4BQ,53.763771,-1.739326,51.398851,-1.231993,2023-10-12 01:01:00+00:00,2023-10-12 02:41:01+00:00,2023-10-12 07:54:00+00:00,2023-10-12 10:50:00+00:00,False
SEZHUK-231008-251086,CAUK000435,Tractor Unit,Box 44ft,BD5 8LZ,EN3 7QP,53.763771,-1.739326,51.659325,-0.021793,2023-10-11 02:20:00+00:00,2023-10-11 04:00:01+00:00,2023-10-11 08:03:00+00:00,2023-10-11 11:43:01+00:00,True
SEZHUK-231008-251088,CAUK000490,Tractor Unit,Box 44ft,BD5 8LZ,RG19 4BQ,53.763771,-1.739326,51.398851,-1.231993,2023-10-13 01:01:00+00:00,2023-10-13 02:41:01+00:00,2023-10-13 07:54:00+00:00,2023-10-13 10:50:01+00:00,True
SEZHUK-231008-251089,CAUK000766,Tractor Unit,Box 44ft,BD5 8LZ,RG19 4BQ,53.763771,-1.739326,51.398851,-1.231993,2023-10-13 01:01:00+00:00,2023-10-13 02:41:01+00:00,2023-10-13 07:54:00+00:00,2023-10-13 10:50:00+00:00,True
SEZHUK-231008-251097,CAUK000883,Tractor Unit,Box 44ft,BD5 8LZ,RG19 4BQ,53.763771,-1.739326,51.398851,-1.231993,2023-10-14 01:01:00+00:00,2023-10-14 02:41:01+00:00,2023-10-14 07:54:00+00:00,2023-10-14 10:50:01+00:00,True
SEZHUK-231008-251103,CAUK000766,Tractor Unit,Box 44ft,BD5 8LZ,RG19 4BQ,53.763771,-1.739326,51.398851,-1.231993,2023-10-10 02:20:00+00:00,2023-10-10 04:00:01+00:00,2023-10-10 09:13:00+00:00,2023-10-10 12:09:01+00:00,True
SEZHUK-231008-251110,CAUK000766,Tractor Unit,Box 44ft,BD5 8LZ,ME13 7TW,53.763771,-1.739326,51.328048,0.877608,2023-10-13 01:40:00+00:00,2023-10-13 03:20:01+00:00,2023-10-13 09:14:00+00:00,2023-10-13 12:10:00+00:00,True
SEZHUK-231008-251119,CAUK000766,Tractor Unit,Box 44ft,BD5 8LZ,ME13 7TW,53.763771,-1.739326,51.328048,0.877608,2023-10-10 01:40:00+00:00,2023-10-10 03:20:01+00:00,2023-10-10 09:14:00+00:00,2023-10-10 12:10:01+00:00,True
SEZHUK-231008-251127,CAUK000766,Tractor Unit,Box 44ft,BD5 8LZ,ME13 7TW,53.763771,-1.739326,51.328048,0.877608,2023-10-12 01:40:00+00:00,2023-10-12 03:20:01+00:00,2023-10-12 09:14:00+00:00,2023-10-12 12:10:01+00:00,True
SEZHUK-231008-251131,CAUK000766,Tractor Unit,Box 44ft,BD5 8LZ,ME13 7TW,53.763771,-1.739326,51.328048,0.877608,2023-10-14 01:40:00+00:00,2023-10-14 03:20:01+00:00,2023-10-14 09:14:00+00:00,2023-10-14 12:10:01+00:00,True
SEZHUK-231008-251137,CAUK000935,Tractor Unit,Box 44ft,BD5 8LZ,G67 2XN,53.763771,-1.739326,55.936846,-3.986042,2023-10-12 14:20:00+00:00,2023-10-12 16:00:01+00:00,2023-10-13 10:00:00+00:00,2023-10-13 11:00:00+00:00,False
SEZHUK-231009-251162,CAUK000154,Tractor Unit,Curtain-Side 13.6M Trailer,PL7 5JY,BS11 9BT,50.38645,-4.020841,51.511084,-2.703002,2023-10-10 14:00:00+00:00,2023-10-10 14:30:00+00:00,2023-10-11 10:30:00+00:00,2023-10-11 11:00:00+00:00,True
SEZHUK-231009-251163,CAUK000029,Tractor Unit,Curtain-Side 13.6M Trailer,DN8 5TE,CM9 6TB,53.566639,-0.919839,51.715181,0.618114,2023-10-10 06:00:00+00:00,2023-10-10 18:00:00+00:00,2023-10-11 08:00:00+00:00,2023-10-11 15:59:00+00:00,False
SEZHUK-231009-251169,CAUK000770,Tractor Unit,Curtain-Side 13.6M Trailer,DN3 3FG,HP5 1QJ,53.537133,-1.037405,51.692773,-0.592602,2023-10-11 06:00:00+00:00,2023-10-11 18:00:00+00:00,2023-10-11 08:00:00+00:00,2023-10-11 18:00:00+00:00,True
SEZHUK-231009-251170,CAUK000029,Tractor Unit,Curtain-Side 13.6M Trailer,DN8 5TE,NN12 8FU,53.566639,-0.919839,52.072268,-1.02918,2023-10-10 06:00:00+00:00,2023-10-10 18:00:00+00:00,2023-10-11 11:31:00+00:00,2023-10-11 11:59:00+00:00,False
SEZHUK-231009-251186,CAUK000781,Tractor Unit,Curtain-Side 13.6M Trailer,L11 0JA,NN6 7TZ,53.462845,-2.896967,52.35193,-1.144734,2023-10-10 14:00:00+00:00,2023-10-10 14:01:00+00:00,2023-10-11 07:55:00+00:00,2023-10-11 08:25:00+00:00,True
SEZHUK-231009-251189,CAUK000222,Tractor Unit,Curtain-Side 13.6M Trailer,WS13 8SU,SK15 3AZ,52.707097,-1.783751,53.487967,-2.046532,2023-10-11 06:00:00+00:00,2023-10-11 12:00:00+00:00,2023-10-11 14:30:00+00:00,2023-10-11 15:00:00+00:00,True
SEZHUK-231009-251190,CAUK000222,Tractor Unit,Curtain-Side 13.6M Trailer,L11 0JA,MK42 6EY,53.462845,-2.896967,52.093182,-0.475758,2023-10-10 22:00:00+00:00,2023-10-10 22:01:00+00:00,2023-10-11 04:25:00+00:00,2023-10-11 04:55:00+00:00,True
SEZHUK-231009-251192,CAUK000781,Tractor Unit,Curtain-Side 13.6M Trailer,L11 0JA,MK17 8DB,53.462845,-2.896967,52.03393,-0.67711,2023-10-11 11:00:00+00:00,2023-10-11 11:01:00+00:00,2023-10-11 16:00:00+00:00,2023-10-11 16:30:00+00:00,True
SEZHUK-231009-251208,CAUK001004,Tractor Unit,Curtain-Side 13.6M Trailer,B24 8DW,NN6 7GX,52.507428,-1.834192,52.358623,-1.166133,2023-10-10 07:00:00+00:00,2023-10-10 07:30:00+00:00,2023-10-10 10:00:00+00:00,2023-10-10 10:30:00+00:00,True
SEZHUK-231009-251210,CAUK000310,Tractor Unit,Curtain-Side 13.6M Trailer,NN4 9BA,DA18 4AG,52.213462,-0.951036,51.497213,0.142124,2023-10-11 11:00:00+00:00,2023-10-11 11:30:00+00:00,2023-10-11 15:30:00+00:00,2023-10-11 16:00:00+00:00,True
SEZHUK-231009-251211,CAUK000310,Tractor Unit,Curtain-Side 13.6M Trailer,NN4 9BA,HP2 7DX,52.213462,-0.951036,51.76755,-0.436999,2023-10-11 13:00:00+00:00,2023-10-11 13:30:00+00:00,2023-10-11 17:30:00+00:00,2023-10-11 18:00:00+00:00,False
SEZHUK-231009-251212,CAUK000096,Tractor Unit,Curtain-Side 13.6M Trailer,DE12 8AA,ME10 2FD,52.690284,-1.548894,51.371411,0.745506,2023-10-11 06:00:00+00:00,2023-10-11 06:00:00+00:00,2023-10-11 12:10:00+00:00,2023-10-11 12:40:00+00:00,True
SEZHUK-231009-251222,CAUK000689,Tractor Unit,Curtain-Side 13.6M Trailer,S80 3FY,NP26 3TS,53.293393,-1.074008,51.57282,-2.85848,2023-10-11 00:00:00+00:00,2023-10-11 23:59:00+00:00,2023-10-12 14:55:00+00:00,2023-10-12 15:25:00+00:00,True
SEZHUK-231009-251225,CAUK000770,Tractor Unit,Curtain-Side 13.6M Trailer,DN11 9HE,NN6 7TZ,53.437296,-1.068189,52.35193,-1.144734,2023-10-12 05:00:00+00:00,2023-10-12 05:59:00+00:00,2023-10-12 10:55:00+00:00,2023-10-12 11:25:00+00:00,True
SEZHUK-231009-251226,CAUK000854,Tractor Unit,Curtain-Side 13.6M Trailer,S80 3FY,EH54 8QX,53.293393,-1.074008,55.896335,-3.53565,2023-10-11 00:00:00+00:00,2023-10-11 23:59:00+00:00,2023-10-12 10:55:00+00:00,2023-10-12 11:25:00+00:00,True
SEZHUK-231009-251239,CAUK000250,Tractor Unit,Curtain-Side 13.6M Trailer,L11 0JA,DONABATE,53.464178,-2.895312,53.483755,-6.13869,2023-10-11 11:00:00+00:00,2023-10-11 11:01:00+00:00,2023-10-13 13:55:00+00:00,2023-10-13 14:25:00+00:00,True
SEZHUK-231009-251245,CAUK000250,Tractor Unit,Curtain-Side 13.6M Trailer,L11 0JA,DONABATE,53.464178,-2.895312,53.483755,-6.13869,2023-10-11 15:00:00+00:00,2023-10-11 15:01:00+00:00,2023-10-13 16:55:00+00:00,2023-10-13 17:25:00+00:00,True
SEZHUK-231009-251253,CAUK000199,3.5 T Van,LWB Van,LS10 1SL,CH62 4SQ,53.771668,-1.514934,53.347836,-2.980916,2023-10-10 07:00:00+00:00,2023-10-10 07:30:00+00:00,2023-10-10 09:30:00+00:00,2023-10-10 10:00:00+00:00,False
SEZHUK-231009-251262,CAUK000876,Tractor Unit,Curtain-Side 13.6M Trailer,B46 1TT,BT26 6JJ,52.524545,-1.712207,54.474078,-6.104285,2023-11-02 14:00:00+00:00,2023-11-02 14:30:00+00:00,2023-11-03 07:30:00+00:00,2023-11-03 08:00:00+00:00,True
SEZHUK-231009-251263,CAUK000250,Tractor Unit,Curtain-Side 13.6M Trailer,S80 3FY,ASHBOURNE,53.293393,-1.074008,53.52341,-6.410445,2023-10-11 00:00:00+00:00,2023-10-11 23:59:00+00:00,2023-10-13 05:55:00+00:00,2023-10-13 06:25:00+00:00,True
SEZHUK-231009-251269,CAUK000192,Tractor Unit,Curtain-Side 13.6M Trailer,NN17 4AZ,DN8 4HT,52.507605,-0.693317,53.626639,-0.965829,2023-10-10 14:15:00+00:00,2023-10-10 14:45:00+00:00,2023-10-11 08:30:00+00:00,2023-10-11 09:00:00+00:00,False
SEZHUK-231009-251270,CAUK000876,Tractor Unit,Curtain-Side 13.6M Trailer,B46 1TT,BT26 6JJ,52.524545,-1.712207,54.474078,-6.104285,2023-11-09 14:00:00+00:00,2023-11-09 14:30:00+00:00,2023-11-10 07:30:00+00:00,2023-11-10 08:00:00+00:00,False
SEZHUK-231010-251378,CAUK000854,Tractor Unit,Curtain-Side 13.6M Trailer,DG16 5HT,KT24 5JP,55.003467,-3.042858,51.273741,-0.395917,2023-10-11 06:00:00+00:00,2023-10-11 14:00:00+00:00,2023-10-12 08:00:00+00:00,2023-10-12 15:59:00+00:00,True
SEZHUK-231010-251387,CAUK000250,Tractor Unit,Curtain-Side 13.6M Trailer,L11 0JA,CHARLEVILLE,53.464178,-2.895312,52.350582,-8.687242,2023-10-13 10:00:00+00:00,2023-10-13 10:01:00+00:00,2023-10-17 09:55:00+00:00,2023-10-17 10:25:00+00:00,True
SEZHUK-231010-251400,CAUK001028,Tractor Unit,Curtain-Side 13.6M Trailer,DE12 8AA,DA2 6QR,52.690284,-1.548894,51.457403,0.258376,2023-10-11 14:00:00+00:00,2023-10-11 14:30:00+00:00,2023-10-12 06:30:00+00:00,2023-10-12 07:00:00+00:00,True
SEZHUK-231010-251402,CAUK000222,Tractor Unit,Curtain-Side 13.6M Trailer,DE14 2WT,B11 2BH,52.800481,-1.663328,52.457304,-1.838779,2023-10-11 14:00:00+00:00,2023-10-11 14:30:00+00:00,2023-10-12 06:30:00+00:00,2023-10-12 07:00:00+00:00,True
SEZHUK-231010-251405,CAUK000192,Tractor Unit,Curtain-Side 13.6M Trailer,WF6 1TF,DE13 8BX,53.700933,-1.397518,52.757632,-1.705414,2023-10-11 09:00:00+00:00,2023-10-11 12:45:00+00:00,2023-10-11 15:00:00+00:00,2023-10-11 15:15:00+00:00,True
SEZHUK-231010-251409,CAUK001004,Tractor Unit,Curtain-Side 13.6M Trailer,B24 8DW,NN6 7GX,52.507428,-1.834192,52.358623,-1.166133,2023-10-11 07:00:00+00:00,2023-10-11 07:30:00+00:00,2023-10-11 10:00:00+00:00,2023-10-11 10:30:00+00:00,True
SEZHUK-231010-251420,CAUK000863,Tractor Unit,Curtain-Side 13.6M Trailer,L11 0JA,LU1 1FW,53.462845,-2.896967,51.885941,-0.443746,2023-10-13 08:00:00+00:00,2023-10-13 08:01:00+00:00,2023-10-13 14:00:00+00:00,2023-10-13 14:30:00+00:00,True
SEZHUK-231010-251422,CAUK000863,Tractor Unit,Curtain-Side 13.6M Trailer,L11 0JA,LU1 1FW,53.462845,-2.896967,51.885941,-0.443746,2023-10-13 09:00:00+00:00,2023-10-13 09:01:00+00:00,2023-10-13 14:30:00+00:00,2023-10-13 15:00:00+00:00,True
SEZHUK-231010-251430,CAUK000250,Tractor Unit,Curtain-Side 13.6M Trailer,L11 0JA,MITCHELSTOWN,53.464178,-2.895312,52.245334,-8.430026,2023-10-12 00:00:00+00:00,2023-10-12 23:59:00+00:00,2023-10-16 10:25:00+00:00,2023-10-16 10:55:00+00:00,True
SEZHUK-231010-251436,CAUK001028,Tractor Unit,Curtain-Side 13.6M Trailer,DE14 2WT,SS17 9DY,52.800481,-1.663328,51.510091,0.459598,2023-10-11 14:00:00+00:00,2023-10-11 14:30:00+00:00,2023-10-12 07:30:00+00:00,2023-10-12 08:00:00+00:00,True
SEZHUK-231010-251437,CAUK001028,Tractor Unit,Curtain-Side 13.6M Trailer,DE14 2WT,SS17 9DY,52.800481,-1.663328,51.510091,0.459598,2023-10-11 16:00:00+00:00,2023-10-11 16:30:00+00:00,2023-10-12 08:30:00+00:00,2023-10-12 09:00:00+00:00,True
SEZHUK-231010-251439,CAUK001028,Tractor Unit,Curtain-Side 13.6M Trailer,DE14 2WT,RM18 7NL,52.800481,-1.663328,51.455117,0.369212,2023-10-11 14:00:00+00:00,2023-10-11 14:30:00+00:00,2023-10-12 08:30:00+00:00,2023-10-12 09:00:00+00:00,True
SEZHUK-231010-251441,CAUK000428,Tractor Unit,Curtain-Side 13.6M Trailer,IP24 1HF,DA18 4AG,52.422645,0.737069,51.497213,0.142124,2023-10-12 11:00:00+00:00,2023-10-12 11:30:00+00:00,2023-10-12 15:00:00+00:00,2023-10-12 15:30:00+00:00,True
SEZHUK-231010-251464,CAUK000250,Tractor Unit,Curtain-Side 13.6M Trailer,S80 3FY,BT29 4SR,53.293393,-1.074008,54.624787,-6.142153,2023-10-12 00:00:00+00:00,2023-10-12 23:59:00+00:00,2023-10-16 06:55:00+00:00,2023-10-16 07:25:00+00:00,True
SEZHUK-231010-251465,CAUK000863,Tractor Unit,Curtain-Side 13.6M Trailer,S80 3FY,DA1 5PR,53.293393,-1.074008,51.455418,0.242926,2023-10-11 15:00:00+00:00,2023-10-11 15:59:00+00:00,2023-10-12 08:55:00+00:00,2023-10-12 09:25:00+00:00,True
SEZHUK-231010-251467,CAUK000689,Tractor Unit,Curtain-Side 13.6M Trailer,S80 3FY,RM19 1ND,53.293393,-1.074008,51.480755,0.261461,2023-10-11 00:00:00+00:00,2023-10-11 23:59:00+00:00,2023-10-12 08:30:00+00:00,2023-10-12 09:00:00+00:00,True
SEZHUK-231010-251504,CAUK001009,3.5T Van,LWB Van,DE74 2TR,CO4 9QJ,52.829374,-1.332134,51.920887,0.927015,2023-10-16 04:15:00+00:00,2023-10-16 05:15:00+00:00,2023-10-16 08:15:00+00:00,2023-10-16 09:15:00+00:00,True
SEZHUK-231010-251505,CAUK001009,3.5T Van,LWB Van,CO4 9QJ,DE74 2TR,51.920887,0.927015,52.829374,-1.332134,2023-10-16 17:30:00+00:00,2023-10-16 18:30:00+00:00,2023-10-16 21:10:00+00:00,2023-10-16 22:10:00+00:00,True
SEZHUK-231010-251513,CAUK001009,3.5T Van,LWB Van,WR4 0SZ,DE74 2TR,52.193636,-2.221575,52.829374,-1.332134,2023-10-17 17:00:00+00:00,2023-10-17 18:00:00+00:00,2023-10-17 19:30:00+00:00,2023-10-17 20:30:00+00:00,True
SEZHUK-231010-251514,CAUK001009,3.5T Van,LWB Van,CA3 0EH,DE74 2TR,54.922111,-2.957338,52.829374,-1.332134,2023-10-17 16:45:00+00:00,2023-10-17 17:45:00+00:00,2023-10-17 21:10:00+00:00,2023-10-17 22:10:00+00:00,True
SEZHUK-231010-251521,CAUK001009,3.5T Van,LWB Van,DE74 2TR,L24 8RF,52.829374,-1.332134,53.349124,-2.876108,2023-10-17 04:45:00+00:00,2023-10-17 05:45:00+00:00,2023-10-17 09:00:00+00:00,2023-10-17 10:00:00+00:00,True
SEZHUK-231010-251527,CAUK001009,3.5T Van,LWB Van,DE74 2TR,RG2 0RP,52.829374,-1.332134,51.432237,-0.984601,2023-10-17 04:00:00+00:00,2023-10-17 05:00:00+00:00,2023-10-17 07:45:00+00:00,2023-10-17 08:45:00+00:00,True
SEZHUK-231010-251534,CAUK001009,3.5T Van,LWB Van,CA3 0EH,DE74 2TR,54.922111,-2.957338,52.829374,-1.332134,2023-10-19 16:45:00+00:00,2023-10-19 17:45:00+00:00,2023-10-19 21:10:00+00:00,2023-10-19 22:10:00+00:00,True
SEZHUK-231010-251544,CAUK001009,3.5T Van,LWB Van,DE74 2TR,EN1 1TX,52.829374,-1.332134,51.650981,-0.054718,2023-10-20 04:45:00+00:00,2023-10-20 05:45:00+00:00,2023-10-20 08:15:00+00:00,2023-10-20 09:15:00+00:00,True
SEZHUK-231010-251547,CAUK001009,3.5T Van,LWB Van,DE74 2TR,EN1 1TX,52.829374,-1.332134,51.650981,-0.054718,2023-10-19 04:50:00+00:00,2023-10-19 05:50:00+00:00,2023-10-19 08:20:00+00:00,2023-10-19 09:20:00+00:00,True
SEZHUK-231010-251553,CAUK001009,3.5T Van,LWB Van,NP10 9DQ,DE74 2TR,51.582459,-3.043825,52.829374,-1.332134,2023-10-21 08:30:00+00:00,2023-10-21 09:30:00+00:00,2023-10-21 12:30:00+00:00,2023-10-21 13:30:00+00:00,True
SEZHUK-231010-251565,CAUK001009,3.5T Van,LWB Van,BS32 0BF,DE74 2TR,51.54695,-2.551256,52.829374,-1.332134,2023-10-18 15:15:00+00:00,2023-10-18 16:15:00+00:00,2023-10-18 19:30:00+00:00,2023-10-18 20:30:00+00:00,True
SEZHUK-231010-251576,CAUK001009,3.5T Van,LWB Van,DE74 2TR,RG2 0RP,52.829374,-1.332134,51.432237,-0.984601,2023-10-20 04:00:00+00:00,2023-10-20 05:00:00+00:00,2023-10-20 07:45:00+00:00,2023-10-20 08:45:00+00:00,True
SEZHUK-231010-251577,CAUK001009,3.5T Van,LWB Van,DE74 2TR,CO4 9QJ,52.829374,-1.332134,51.920887,0.927015,2023-10-18 04:50:00+00:00,2023-10-18 05:50:00+00:00,2023-10-18 08:50:00+00:00,2023-10-18 09:50:00+00:00,True
SEZHUK-231010-251578,CAUK001009,3.5T Van,LWB Van,CO4 9QJ,DE74 2TR,51.920887,0.927015,52.829374,-1.332134,2023-10-18 17:30:00+00:00,2023-10-18 18:30:00+00:00,2023-10-18 21:10:00+00:00,2023-10-18 22:10:00+00:00,True
SEZHUK-231010-251584,CAUK001009,3.5T Van,LWB Van,NP10 9DQ,DE74 2TR,51.582459,-3.043825,52.829374,-1.332134,2023-10-18 17:50:00+00:00,2023-10-18 18:50:00+00:00,2023-10-18 21:30:00+00:00,2023-10-18 22:30:00+00:00,True
SEZHUK-231010-251599,CAUK000993,Tractor Unit,Curtain-Side 13.6M Trailer,S80 3FY,SG18 9BJ,53.293393,-1.074008,52.099889,-0.281226,2023-10-11 11:55:00+00:00,2023-10-11 12:54:00+00:00,2023-10-11 11:55:00+00:00,2023-10-11 12:54:00+00:00,True
SEZHUK-231010-251707,CAUK000034,Tractor Unit,Curtain-Side 13.6M Trailer,L11 0JA,SN3 4AL,53.462845,-2.896967,51.595609,-1.740718,2023-10-11 16:00:00+00:00,2023-10-11 16:01:00+00:00,2023-10-12 09:55:00+00:00,2023-10-12 10:25:00+00:00,True
SEZHUK-231011-251717,CAUK000295,Tractor Unit,Curtain-Side 13.6M Trailer,DG16 5HT,DG1 1SE,55.003467,-3.042858,55.084356,-3.596693,2023-10-12 06:00:00+00:00,2023-10-12 14:00:00+00:00,2023-10-13 08:00:00+00:00,2023-10-13 15:59:00+00:00,True
SEZHUK-231011-251724,CAUK000863,Tractor Unit,Curtain-Side 13.6M Trailer,DN8 5TE,KT15 3TH,53.566639,-0.919839,51.354599,-0.516722,2023-10-12 06:00:00+00:00,2023-10-12 18:00:00+00:00,2023-10-13 08:32:00+00:00,2023-10-13 09:00:00+00:00,True
SEZHUK-231011-251766,CAUK000179,Tractor Unit,Curtain-Side 13.6M Trailer,DG16 5HT,EH21 8JU,55.003467,-3.042858,55.943055,-3.005624,2023-10-12 06:00:00+00:00,2023-10-12 14:00:00+00:00,2023-10-16 08:00:00+00:00,2023-10-16 15:59:00+00:00,True
SEZHUK-231011-251767,CAUK000647,Tractor Unit,Curtain-Side 13.6M Trailer,DG16 5HT,GU19 5JB,55.003467,-3.042858,51.372105,-0.681987,2023-10-12 06:00:00+00:00,2023-10-12 14:00:00+00:00,2023-10-16 08:00:00+00:00,2023-10-16 15:59:00+00:00,True
SEZHUK-231011-251769,CAUK000124,Tractor Unit,Curtain-Side 13.6M Trailer,SS17 9DY,LE67 1UA,51.510091,0.459598,52.701119,-1.339519,2023-10-12 10:31:00+00:00,2023-10-12 11:01:00+00:00,2023-10-13 13:00:00+00:00,2023-10-13 13:00:00+00:00,True
SEZHUK-231011-251771,CAUK000222,Tractor Unit,Curtain-Side 13.6M Trailer,L11 0JA,DY4 0PU,53.462845,-2.896967,52.539633,-2.033072,2023-10-13 11:00:00+00:00,2023-10-13 11:01:00+00:00,2023-10-13 17:10:00+00:00,2023-10-13 17:40:00+00:00,False
SEZHUK-231011-251774,CAUK000770,Tractor Unit,Curtain-Side 13.6M Trailer,DN11 9HE,MK42 6EY,53.437296,-1.068189,52.093182,-0.475758,2023-10-12 16:00:00+00:00,2023-10-12 16:59:00+00:00,2023-10-13 10:55:00+00:00,2023-10-13 11:25:00+00:00,True
SEZHUK-231011-251776,CAUK000854,Tractor Unit,Curtain-Side 13.6M Trailer,S80 3FY,EH54 8QX,53.293393,-1.074008,55.896335,-3.53565,2023-10-13 00:00:00+00:00,2023-10-13 23:59:00+00:00,2023-10-13 15:55:00+00:00,2023-10-13 23:59:00+00:00,True
SEZHUK-231011-251779,CAUK000689,Tractor Unit,Curtain-Side 13.6M Trailer,S80 3FY,NP16 6UD,53.293393,-1.074008,51.614678,-2.674519,2023-10-13 00:00:00+00:00,2023-10-13 23:59:00+00:00,2023-10-13 14:55:00+00:00,2023-10-13 23:59:00+00:00,False
SEZHUK-231011-251780,CAUK000295,Tractor Unit,Curtain-Side 13.6M Trailer,PE29 2XR,EH54 8QX,52.315672,-0.157664,55.896335,-3.53565,2023-10-12 07:30:00+00:00,2023-10-12 08:00:00+00:00,2023-10-13 11:30:00+00:00,2023-10-13 12:00:00+00:00,False
SEZHUK-231011-251781,CAUK000310,Tractor Unit,Curtain-Side 13.6M Trailer,NN4 9BA,OX11 7HJ,52.213462,-0.951036,51.619119,-1.256837,2023-10-13 06:30:00+00:00,2023-10-13 07:00:00+00:00,2023-10-13 10:30:00+00:00,2023-10-13 11:00:00+00:00,True
SEZHUK-231011-251821,CAUK001004,Tractor Unit,Curtain Side,B24 8DW,NN6 7GX,52.507428,-1.834192,52.358623,-1.166133,2023-10-14 07:00:00+00:00,2023-10-14 07:00:00+00:00,2023-10-14 10:00:00+00:00,2023-10-14 10:00:00+00:00,True
SEZHUK-231011-251828,CAUK000310,Tractor Unit,Curtain-Side 13.6M Trailer,DE12 8AA,ME10 2FD,52.690284,-1.548894,51.371411,0.745506,2023-10-13 11:00:00+00:00,2023-10-13 11:00:00+00:00,2023-10-13 17:10:00+00:00,2023-10-13 17:40:00+00:00,True
SEZHUK-231011-251831,CAUK000250,Tractor Unit,Curtain-Side 13.6M Trailer,L11 0JA,MITCHELSTOWN,53.464178,-2.895312,52.245334,-8.430026,2023-10-13 14:00:00+00:00,2023-10-13 14:01:00+00:00,2023-10-17 10:25:00+00:00,2023-10-17 10:55:00+00:00,True
SEZHUK-231011-251832,CAUK000250,Tractor Unit,Curtain-Side 13.6M Trailer,L11 0JA,NAAS,53.464178,-2.895312,53.21557,-6.675001,2023-10-13 13:00:00+00:00,2023-10-13 13:01:00+00:00,2023-10-17 06:25:00+00:00,2023-10-17 06:55:00+00:00,True
SEZHUK-231011-251850,CAUK001004,Tractor Unit,Curtain Side,B24 8DW,NN6 7GX,52.507428,-1.834192,52.358623,-1.166133,2023-10-12 06:00:00+00:00,2023-10-12 06:00:00+00:00,2023-10-12 10:00:00+00:00,2023-10-12 10:00:00+00:00,True
SEZHUK-231011-251891,CAUK000029,Tractor Unit,Curtain-Side 13.6M Trailer,S80 3FY,OX16 2AA,53.293393,-1.074008,52.081463,-1.329055,2023-10-12 00:00:00+00:00,2023-10-12 23:59:00+00:00,2023-10-13 08:30:00+00:00,2023-10-13 08:45:00+00:00,True
SEZHUK-231011-251901,CAUK000250,Tractor Unit,Curtain-Side 13.6M Trailer,DE5 8JX,DONABATE,53.029877,-1.412565,53.483755,-6.13869,2023-10-16 14:00:00+00:00,2023-10-16 14:30:00+00:00,2023-10-17 19:55:00+00:00,2023-10-17 20:25:00+00:00,True
SEZHUK-231011-251902,CAUK000863,Tractor Unit,Curtain-Side 13.6M Trailer,S80 3FY,NP16 6UD,53.293393,-1.074008,51.614678,-2.674519,2023-10-12 00:00:00+00:00,2023-10-12 23:59:00+00:00,2023-10-13 09:00:00+00:00,2023-10-13 09:15:00+00:00,True
SEZHUK-231011-252044,CAUK000222,Tractor Unit,Curtain-Side 13.6M Trailer,L11 0JA,WS8 7TS,53.462845,-2.896967,52.643767,-1.95201,2023-10-13 05:00:00+00:00,2023-10-13 05:01:00+00:00,2023-10-13 10:10:00+00:00,2023-10-13 10:40:00+00:00,False
SEZHUK-231011-252046,CAUK000979,Tractor Unit,Curtain-Side 13.6M Trailer,S80 3FY,DA2 6QA,53.293393,-1.074008,51.452153,0.265912,2023-10-12 00:00:00+00:00,2023-10-12 23:59:00+00:00,2023-10-13 05:55:00+00:00,2023-10-13 06:25:00+00:00,True
SEZHUK-231011-252049,CAUK000034,Tractor Unit,Curtain-Side 13.6M Trailer,IP31 2BG,BR1 1DN,52.321427,0.924083,51.40373,0.016433,2023-10-12 12:00:00+00:00,2023-10-12 12:41:51+00:00,2023-10-13 07:25:00+00:00,2023-10-13 07:55:00+00:00,False
SEZHUK-231011-252050,CAUK000863,Tractor Unit,Box 44ft,DE74 2HL,S35 9ZX,52.849282,-1.354253,53.448545,-1.456857,2023-10-12 12:00:00+00:00,2023-10-12 13:40:01+00:00,2023-10-12 14:57:00+00:00,2023-10-12 15:27:01+00:00,True
SEZHUK-231011-252078,CAUK000435,Tractor Unit,Box 44ft,AL10 8XF,S35 2PW,51.74104,-0.218368,53.477856,-1.472093,2023-10-12 14:30:00+00:00,2023-10-12 16:25:01+00:00,2023-10-12 19:55:00+00:00,2023-10-12 21:25:01+00:00,True
SEZHUK-231011-252079,CAUK000689,Tractor Unit,Double Deck Trailer,SN3 4TT,CH41 1FE,51.602351,-1.733719,53.399905,-3.015115,2023-10-12 12:00:00+00:00,2023-10-12 13:40:01+00:00,2023-10-12 17:33:00+00:00,2023-10-12 19:03:01+00:00,False
SEZHUK-231012-252103,CAUK000863,Tractor Unit,Curtain-Side 13.6M Trailer,DN8 5TE,GU19 5JB,53.566639,-0.919839,51.372105,-0.681987,2023-10-13 06:00:00+00:00,2023-10-13 16:00:00+00:00,2023-10-16 11:31:00+00:00,2023-10-16 11:59:00+00:00,True
SEZHUK-231012-252112,CAUK000266,Tractor Unit,Curtain-Side 13.6M Trailer,WA7 4HP,UB4 9SN,53.324964,-2.758291,51.523458,-0.386882,2023-10-13 07:00:00+00:00,2023-10-13 14:00:00+00:00,2023-10-16 08:32:00+00:00,2023-10-16 09:00:00+00:00,True
SEZHUK-231012-252118,CAUK000250,Tractor Unit,Curtain-Side 13.6M Trailer,DE5 8JX,DONABATE,53.029877,-1.412565,53.483755,-6.13869,2023-10-13 15:00:00+00:00,2023-10-13 15:36:00+00:00,2023-10-17 11:55:00+00:00,2023-10-17 12:25:00+00:00,True
SEZHUK-231012-252119,CAUK000250,Tractor Unit,Curtain-Side 13.6M Trailer,L11 0JA,DONABATE,53.464178,-2.895312,53.483755,-6.13869,2023-10-13 19:00:00+00:00,2023-10-13 19:01:00+00:00,2023-10-17 11:55:00+00:00,2023-10-17 12:25:00+00:00,True
SEZHUK-231012-252137,CAUK000096,Tractor Unit,Curtain-Side 13.6M Trailer,HP22 5BL,NG7 2SD,51.779657,-0.772897,52.934662,-1.181471,2023-10-13 09:00:00+00:00,2023-10-13 09:30:00+00:00,2023-10-13 13:30:00+00:00,2023-10-13 14:00:00+00:00,False
SEZHUK-231012-252160,CAUK000863,Tractor Unit,Curtain-Side 13.6M Trailer,L11 0JA,CV9 2SQ,53.462845,-2.896967,52.583936,-1.557171,2023-10-16 11:00:00+00:00,2023-10-16 11:01:00+00:00,2023-10-16 17:55:00+00:00,2023-10-16 18:25:00+00:00,True
SEZHUK-231012-252163,CAUK000349,Tractor Unit,Curtain-Side 13.6M Trailer,NP26 3RA,N18 3BB,51.585139,-2.844668,51.614268,-0.043613,2023-10-12 13:00:00+00:00,2023-10-12 23:45:00+00:00,2023-10-13 07:30:00+00:00,2023-10-13 08:00:00+00:00,True
SEZHUK-231012-252168,CAUK000034,Tractor Unit,Curtain-Side 13.6M Trailer,LS10 1SL,PA3 3BD,53.771668,-1.514934,55.8396,-4.491078,2023-10-13 04:00:00+00:00,2023-10-13 04:30:00+00:00,2023-10-13 10:30:00+00:00,2023-10-13 11:00:00+00:00,True
SEZHUK-231012-252169,CAUK000899,Tractor Unit,Curtain-Side 13.6M Trailer,DE12 8AA,WF2 0XE,52.690284,-1.548894,53.713695,-1.519842,2023-10-13 15:00:00+00:00,2023-10-13 16:00:00+00:00,2023-10-16 06:10:00+00:00,2023-10-16 06:40:00+00:00,True
SEZHUK-231012-252174,CAUK001004,Tractor Unit,Curtain Side,B24 8DW,NN6 7GX,52.507428,-1.834192,52.358623,-1.166133,2023-10-13 06:00:00+00:00,2023-10-13 06:00:00+00:00,2023-10-13 11:00:00+00:00,2023-10-13 11:00:00+00:00,True
SEZHUK-231012-252189,CAUK000310,Tractor Unit,Curtain-Side 13.6M Trailer,DE14 2WT,WA11 9LW,52.800481,-1.663328,53.468768,-2.729248,2023-10-16 06:00:00+00:00,2023-10-16 06:00:00+00:00,2023-10-16 09:30:00+00:00,2023-10-16 10:00:00+00:00,True
SEZHUK-231012-252389,CAUK000912,3.5 T Van,Box,S35 2PW,LE3 8DX,53.476537,-1.471065,52.641456,-1.216005,2023-10-19 00:30:00+00:00,2023-10-19 01:00:00+00:00,2023-10-19 03:00:00+00:00,2023-10-19 03:30:00+00:00,True
SEZHUK-231012-252391,CAUK000912,3.5 T Van,Box,S35 2PW,LS27 0FU,53.476537,-1.471065,53.734398,-1.604189,2023-10-19 03:15:00+00:00,2023-10-19 03:45:00+00:00,2023-10-19 05:00:00+00:00,2023-10-19 05:30:00+00:00,True
SEZHUK-231012-252404,CAUK000912,3.5 T Van,Box,S35 2PW,LE3 8DX,53.476537,-1.471065,52.641456,-1.216005,2023-10-17 00:30:00+00:00,2023-10-17 01:00:00+00:00,2023-10-17 03:00:00+00:00,2023-10-17 03:30:00+00:00,True
SEZHUK-231012-252406,CAUK000912,3.5 T Van,Box,S35 2PW,LS27 0FU,53.476537,-1.471065,53.734398,-1.604189,2023-10-17 03:15:00+00:00,2023-10-17 03:45:00+00:00,2023-10-17 05:00:00+00:00,2023-10-17 05:30:00+00:00,True
SEZHUK-231012-252418,CAUK000912,3.5 T Van,Box,S35 2PW,LE3 8DX,53.476537,-1.471065,52.641456,-1.216005,2023-10-21 00:30:00+00:00,2023-10-21 01:00:00+00:00,2023-10-21 03:00:00+00:00,2023-10-21 03:30:00+00:00,True
SEZHUK-231012-252420,CAUK000912,3.5 T Van,Box,S35 2PW,LS27 0FU,53.476537,-1.471065,53.734398,-1.604189,2023-10-21 03:15:00+00:00,2023-10-21 03:45:00+00:00,2023-10-21 05:00:00+00:00,2023-10-21 05:30:00+00:00,True
SEZHUK-231012-252433,CAUK000912,3.5 T Van,Box,S35 2PW,LE3 8DX,53.476537,-1.471065,52.641456,-1.216005,2023-10-22 00:30:00+00:00,2023-10-22 01:00:00+00:00,2023-10-22 03:00:00+00:00,2023-10-22 03:30:00+00:00,True
SEZHUK-231012-252437,CAUK000912,3.5 T Van,Box,S35 2PW,LE3 8DX,53.476537,-1.471065,52.641456,-1.216005,2023-10-20 00:30:00+00:00,2023-10-20 01:00:00+00:00,2023-10-20 03:00:00+00:00,2023-10-20 03:30:00+00:00,True
SEZHUK-231012-252438,CAUK000912,3.5 T Van,Box,S35 2PW,LS27 0FU,53.476537,-1.471065,53.734398,-1.604189,2023-10-22 03:15:00+00:00,2023-10-22 03:45:00+00:00,2023-10-22 05:00:00+00:00,2023-10-22 05:30:00+00:00,True
SEZHUK-231012-252442,CAUK000912,3.5 T Van,Box,S35 2PW,LS27 0FU,53.476537,-1.471065,53.734398,-1.604189,2023-10-20 03:15:00+00:00,2023-10-20 03:45:00+00:00,2023-10-20 05:00:00+00:00,2023-10-20 05:30:00+00:00,True
SEZHUK-231012-252460,CAUK000912,3.5 T Van,Box,S35 2PW,LE3 8DX,53.476537,-1.471065,52.641456,-1.216005,2023-10-16 00:30:00+00:00,2023-10-16 01:00:00+00:00,2023-10-16 03:00:00+00:00,2023-10-16 03:30:00+00:00,False
SEZHUK-231012-252473,CAUK000199,3.5 T Van,LWB Van,LS10 1SL,PE14 7BQ,53.771668,-1.514934,52.660835,0.188155,2023-10-13 05:00:00+00:00,2023-10-13 05:30:00+00:00,2023-10-13 08:00:00+00:00,2023-10-13 08:30:00+00:00,False
SEZHUK-231012-252477,CAUK000863,Tractor Unit,Curtain-Side 13.6M Trailer,S80 3FY,RG2 0PN,53.293393,-1.074008,51.419654,-0.973301,2023-10-13 00:00:00+00:00,2023-10-13 23:59:00+00:00,2023-10-14 08:55:00+00:00,2023-10-14 09:25:00+00:00,True
SEZHUK-231012-252485,CAUK000863,Tractor Unit,Curtain-Side 13.6M Trailer,M24 4DP,SP4 7SQ,53.547321,-2.202131,51.177012,-1.757833,2023-10-14 12:00:00+00:00,2023-10-14 12:56:00+00:00,2023-10-15 06:55:00+00:00,2023-10-15 07:25:00+00:00,True
SEZHUK-231012-252488,CAUK000863,Tractor Unit,Curtain-Side 13.6M Trailer,M24 4DP,SP4 7SQ,53.547321,-2.202131,51.177012,-1.757833,2023-10-14 13:00:00+00:00,2023-10-14 13:56:00+00:00,2023-10-15 07:55:00+00:00,2023-10-15 08:25:00+00:00,True
SEZHUK-231012-252490,CAUK000446,Tractor Unit,Curtain-Side 13.6M Trailer,NN9 5DB,ST4,52.322608,-0.622401,52.990933,-2.182771,2023-10-16 08:30:00+00:00,2023-10-16 09:00:00+00:00,2023-10-16 12:30:00+00:00,2023-10-16 13:00:00+00:00,True
SEZHUK-231012-252492,CAUK000279,Tractor Unit,Curtain-Side 13.6M Trailer,NN9 5DB,CW9 7WA,52.322608,-0.622401,53.247381,-2.475084,2023-10-16 08:00:00+00:00,2023-10-16 08:30:00+00:00,2023-10-16 12:45:00+00:00,2023-10-16 13:15:00+00:00,True
SEZHUK-231012-252493,CAUK000689,Tractor Unit,Curtain-Side 13.6M Trailer,DN11 9HE,BS35 4GH,53.437296,-1.068189,51.543559,-2.643336,2023-10-14 10:00:00+00:00,2023-10-14 10:59:00+00:00,2023-10-16 09:55:00+00:00,2023-10-16 10:25:00+00:00,True
SEZHUK-231012-252494,CAUK000854,Tractor Unit,Curtain-Side 13.6M Trailer,DN11 9HE,G67 2TU,53.437296,-1.068189,55.930377,-3.98704,2023-10-13 16:00:00+00:00,2023-10-13 16:59:00+00:00,2023-10-16 11:55:00+00:00,2023-10-16 12:25:00+00:00,True
SEZHUK-231012-252497,CAUK000770,Tractor Unit,Curtain-Side 13.6M Trailer,DN11 9HE,NN4 9BF,53.437296,-1.068189,52.212328,-0.944564,2023-10-16 03:15:00+00:00,2023-10-16 04:00:00+00:00,2023-10-16 08:35:00+00:00,2023-10-16 09:05:00+00:00,True
SEZHUK-231012-252500,CAUK000979,Tractor Unit,Curtain-Side 13.6M Trailer,S80 3FY,UB6 0AA,53.293393,-1.074008,51.542359,-0.344091,2023-10-15 15:00:00+00:00,2023-10-15 15:59:00+00:00,2023-10-16 10:55:00+00:00,2023-10-16 11:25:00+00:00,True
SEZHUK-231012-252502,CAUK000912,3.5T Van,Box,BD5 8LZ,LE3 8DX,53.766832,-1.740516,52.641456,-1.216005,2023-10-24 00:30:00+00:00,2023-10-24 01:00:00+00:00,2023-10-24 02:30:00+00:00,2023-10-24 03:00:00+00:00,False
SEZHUK-231012-252503,CAUK000912,3.5T Van,Box,BD5 8LZ,LE3 8DX,53.766832,-1.740516,52.641456,-1.216005,2023-10-28 00:30:00+00:00,2023-10-28 01:00:00+00:00,2023-10-28 02:30:00+00:00,2023-10-28 03:00:00+00:00,True
SEZHUK-231012-252508,CAUK000912,3.5T Van,Box,BD5 8LZ,LE3 8DX,53.766832,-1.740516,52.641456,-1.216005,2023-10-27 00:30:00+00:00,2023-10-27 01:00:00+00:00,2023-10-27 02:30:00+00:00,2023-10-27 03:00:00+00:00,True
SEZHUK-231012-252509,CAUK000912,3.5T Van,Box,BD5 8LZ,LE3 8DX,53.766832,-1.740516,52.641456,-1.216005,2023-10-23 00:30:00+00:00,2023-10-23 01:00:00+00:00,2023-10-23 02:30:00+00:00,2023-10-23 03:00:00+00:00,False
SEZHUK-231012-252511,CAUK000912,3.5T Van,Box,BD5 8LZ,LE3 8DX,53.766832,-1.740516,52.641456,-1.216005,2023-10-26 00:30:00+00:00,2023-10-26 01:00:00+00:00,2023-10-26 02:30:00+00:00,2023-10-26 03:00:00+00:00,True
SEZHUK-231012-252514,CAUK000912,3.5T Van,Box,BD5 8LZ,LE3 8DX,53.766832,-1.740516,52.641456,-1.216005,2023-10-25 00:30:00+00:00,2023-10-25 01:00:00+00:00,2023-10-25 02:30:00+00:00,2023-10-25 03:00:00+00:00,True
SEZHUK-231012-252524,CAUK000250,Tractor Unit,Curtain-Side 13.6M Trailer,L11 0JA,BT41 4NN,53.464178,-2.895312,54.732479,-6.238003,2023-10-16 17:00:00+00:00,2023-10-16 17:01:00+00:00,2023-10-18 12:55:00+00:00,2023-10-18 13:25:00+00:00,True
SEZHUK-231012-252525,CAUK000250,Tractor Unit,Curtain-Side 13.6M Trailer,DE5 8JX,BT41 4NN,53.029877,-1.412565,54.732479,-6.238003,2023-10-16 13:00:00+00:00,2023-10-16 13:39:00+00:00,2023-10-18 12:55:00+00:00,2023-10-18 13:25:00+00:00,True
SEZHUK-231012-252526,CAUK000250,Tractor Unit,Curtain-Side 13.6M Trailer,DE5 8JX,DONABATE,53.029877,-1.412565,53.483755,-6.13869,2023-10-16 14:00:00+00:00,2023-10-16 14:32:00+00:00,2023-10-18 19:55:00+00:00,2023-10-18 20:25:00+00:00,True
SEZHUK-231012-252527,CAUK000250,Tractor Unit,Curtain-Side 13.6M Trailer,L11 0JA,DONABATE,53.464178,-2.895312,53.483755,-6.13869,2023-10-16 17:00:00+00:00,2023-10-16 17:01:00+00:00,2023-10-18 19:55:00+00:00,2023-10-18 20:25:00+00:00,True
SEZHUK-231012-252529,CAUK000115,Tractor Unit,Curtain-Side 13.6M Trailer,LS10 1SL,M17 1NH,53.771668,-1.514934,53.47475,-2.319686,2023-10-13 11:00:00+00:00,2023-10-13 11:30:00+00:00,2023-10-13 14:00:00+00:00,2023-10-13 15:00:00+00:00,True
SEZHUK-231012-252531,CAUK000446,Tractor Unit,Curtain-Side 13.6M Trailer,DE14 2WT,HP2 7DX,52.800481,-1.663328,51.76755,-0.436999,2023-10-16 12:00:00+00:00,2023-10-16 13:00:00+00:00,2023-10-16 17:30:00+00:00,2023-10-16 18:00:00+00:00,False
SEZHUK-231012-252533,CAUK000250,Tractor Unit,Curtain-Side 13.6M Trailer,S80 3FY,MITCHELSTOWN,53.293393,-1.074008,52.276579,-8.258109,2023-10-16 06:00:00+00:00,2023-10-16 06:59:00+00:00,2023-10-18 11:25:00+00:00,2023-10-18 11:55:00+00:00,True
SEZHUK-231012-252550,CAUK000912,Tractor Unit,Box,BD5 8LZ,LE3 8DX,53.767093,-1.742286,52.641456,-1.216005,2023-10-29 00:30:00+00:00,2023-10-29 01:00:00+00:00,2023-10-29 02:30:00+00:00,2023-10-29 03:00:00+00:00,True
SEZHUK-231012-252554,CAUK000912,3.5 T Van,Box,S35 2PW,LE3 8DX,53.476537,-1.471065,52.641456,-1.216005,2023-10-18 00:30:00+00:00,2023-10-18 01:00:00+00:00,2023-10-18 03:00:00+00:00,2023-10-18 03:30:00+00:00,True
SEZHUK-231012-252556,CAUK000912,3.5 T Van,Box,S35 2PW,LS27 0FU,53.476537,-1.471065,53.734398,-1.604189,2023-10-18 03:15:00+00:00,2023-10-18 03:45:00+00:00,2023-10-18 05:00:00+00:00,2023-10-18 05:30:00+00:00,True
SEZHUK-231012-252611,CAUK000435,Tractor Unit,40ft Container,AL10 8XF,SN3 4TT,51.74104,-0.218368,51.602351,-1.733719,2023-10-13 14:30:00+00:00,2023-10-13 16:25:01+00:00,2023-10-13 18:49:00+00:00,2023-10-13 19:34:01+00:00,False
SEZHUK-231012-252624,CAUK000990,Tractor Unit,Box 44ft,CV23 8YE,AL10 8XF,52.347952,-1.166427,51.74104,-0.218368,2023-10-13 07:55:00+00:00,2023-10-13 07:55:01+00:00,2023-10-13 09:32:00+00:00,2023-10-13 10:27:01+00:00,False
SEZHUK-231012-252626,CAUK000435,Tractor Unit,20ft Container,HP2 7PZ,DE55 4LS,51.771564,-0.440504,53.085338,-1.378715,2023-10-13 10:50:00+00:00,2023-10-13 13:00:01+00:00,2023-10-13 15:25:00+00:00,2023-10-13 16:10:01+00:00,True
SEZHUK-231012-252681,CAUK000529,Tractor Unit,Curtain-Side 13.6M Trailer,LE19 1WY,UB6 8GD,52.601991,-1.190434,51.539509,-0.360987,2023-10-13 03:30:00+00:00,2023-10-13 04:00:00+00:00,2023-10-13 21:30:00+00:00,2023-10-13 22:00:00+00:00,True
SEZHUK-231013-252687,CAUK000863,Tractor Unit,Curtain-Side 13.6M Trailer,DN3 3FG,HP5 1QJ,53.537133,-1.037405,51.692773,-0.592602,2023-10-17 06:00:00+00:00,2023-10-17 18:00:00+00:00,2023-10-18 08:00:00+00:00,2023-10-18 11:59:00+00:00,True
SEZHUK-231013-252688,CAUK000096,Tractor Unit,Curtain-Side 13.6M Trailer,HP22 5BL,NG7 2SD,51.779657,-0.772897,52.934662,-1.181471,2023-10-16 09:00:00+00:00,2023-10-16 09:30:00+00:00,2023-10-16 13:30:00+00:00,2023-10-16 14:00:00+00:00,False
SEZHUK-231013-252690,CAUK000027,Tractor Unit,Curtain-Side 13.6M Trailer,DG16 5HT,KT3 4PT,55.003467,-3.042858,51.401136,-0.244751,2023-10-16 06:00:00+00:00,2023-10-16 14:00:00+00:00,2023-10-17 09:32:00+00:00,2023-10-17 10:00:00+00:00,True
SEZHUK-231013-252704,CAUK000863,Tractor Unit,Curtain-Side 13.6M Trailer,DN8 5TE,OX5 1PA,53.566639,-0.919839,51.815064,-1.310068,2023-10-16 06:00:00+00:00,2023-10-16 18:00:00+00:00,2023-10-17 08:00:00+00:00,2023-10-17 15:59:00+00:00,True
SEZHUK-231013-252718,CAUK001028,Tractor Unit,Curtain-Side 13.6M Trailer,DE12 8AA,ME10 2FD,52.690284,-1.548894,51.371411,0.745506,2023-10-16 13:39:00+00:00,2023-10-16 14:09:00+00:00,2023-10-17 07:10:00+00:00,2023-10-17 07:40:00+00:00,False
SEZHUK-231013-252749,CAUK000034,Tractor Unit,Curtain-Side 13.6M Trailer,WA7 3PZ,CM2 5AS,53.31561,-2.654524,51.74837,0.518553,2023-10-13 13:00:00+00:00,2023-10-13 14:03:00+00:00,2023-10-16 04:55:00+00:00,2023-10-16 05:25:00+00:00,True
SEZHUK-231013-252750,CAUK000490,Tractor Unit,Box,BD12 7ER,CW1 6FB,53.753295,-1.722689,53.087056,-2.416485,2023-10-16 16:00:00+00:00,2023-10-16 16:30:00+00:00,2023-10-16 19:00:00+00:00,2023-10-16 19:30:00+00:00,False
SEZHUK-231013-252751,CAUK000490,Tractor Unit,Box,BD12 7ER,CW1 6FB,53.753295,-1.722689,53.087056,-2.416485,2023-10-17 16:00:00+00:00,2023-10-17 16:30:00+00:00,2023-10-17 19:00:00+00:00,2023-10-17 19:30:00+00:00,False
SEZHUK-231013-252752,CAUK000490,Tractor Unit,Box,BD12 7ER,CW1 6FB,53.753295,-1.722689,53.087056,-2.416485,2023-10-18 16:00:00+00:00,2023-10-18 16:30:00+00:00,2023-10-18 19:00:00+00:00,2023-10-18 19:30:00+00:00,True
SEZHUK-231013-252754,CAUK000490,Tractor Unit,Box,BD12 7ER,CW1 6FB,53.753295,-1.722689,53.087056,-2.416485,2023-10-19 16:00:00+00:00,2023-10-19 16:30:00+00:00,2023-10-19 19:00:00+00:00,2023-10-19 19:30:00+00:00,True
SEZHUK-231013-252755,CAUK000490,Tractor Unit,Box,BD12 7ER,CW1 6FB,53.753295,-1.722689,53.087056,-2.416485,2023-10-20 16:00:00+00:00,2023-10-20 16:30:00+00:00,2023-10-20 19:00:00+00:00,2023-10-20 19:30:00+00:00,False
SEZHUK-231013-252763,CAUK000689,Tractor Unit,Curtain-Side 13.6M Trailer,WA7 3PZ,CF3 2GJ,53.31561,-2.654524,51.50328,-3.109119,2023-10-16 00:01:00+00:00,2023-10-16 01:04:00+00:00,2023-10-16 06:55:00+00:00,2023-10-16 07:25:00+00:00,True
SEZHUK-231013-252773,CAUK000863,Tractor Unit,Curtain-Side 13.6M Trailer,L11 0JA,WV4 6UD,53.462845,-2.896967,52.560452,-2.099437,2023-10-17 11:00:00+00:00,2023-10-17 11:01:00+00:00,2023-10-17 17:55:00+00:00,2023-10-17 18:25:00+00:00,True
SEZHUK-231013-252784,CAUK000250,Tractor Unit,Curtain-Side 13.6M Trailer,S80 3FY,DONABATE,53.293393,-1.074008,53.483755,-6.13869,2023-10-16 00:00:00+00:00,2023-10-16 23:59:00+00:00,2023-10-18 12:15:00+00:00,2023-10-18 12:30:00+00:00,True
SEZHUK-231013-252807,CAUK001028,Tractor Unit,Curtain-Side 13.6M Trailer,DE14 2WT,BN1 8AF,52.800481,-1.663328,50.86906,-0.12205,2023-10-16 12:00:00+00:00,2023-10-16 12:30:00+00:00,2023-10-17 12:00:00+00:00,2023-10-17 16:00:00+00:00,True
SEZHUK-231013-252829,CAUK001004,Tractor Unit,Curtain-Side 13.6M Trailer,B24 8DW,NN6 7GX,52.507428,-1.834192,52.358623,-1.166133,2023-10-16 06:00:00+00:00,2023-10-16 06:30:00+00:00,2023-10-16 09:00:00+00:00,2023-10-16 09:30:00+00:00,True
SEZHUK-231013-252832,CAUK000863,Tractor Unit,Temperature-Controlled,S80 3FY,RM19 1ND,53.293393,-1.074008,51.480755,0.261461,2023-10-15 14:00:00+00:00,2023-10-15 14:59:00+00:00,2023-10-16 05:30:00+00:00,2023-10-16 06:00:00+00:00,True
SEZHUK-231013-252836,CAUK000386,Tractor Unit,Curtain-Side 13.6M Trailer,LE5 0HU,CV2 2TA,52.645924,-1.106735,52.430911,-1.429058,2023-10-16 09:00:00+00:00,2023-10-16 10:00:00+00:00,2023-10-17 12:00:00+00:00,2023-10-17 13:00:00+00:00,True
SEZHUK-231013-252842,CAUK000386,Tractor Unit,Curtain-Side 13.6M Trailer,NN17 5XZ,CV2 2TA,52.500527,-0.673616,52.430911,-1.429058,2023-10-16 09:00:00+00:00,2023-10-16 10:00:00+00:00,2023-10-17 12:00:00+00:00,2023-10-17 13:00:00+00:00,True
SEZHUK-231013-252844,CAUK000310,Tractor Unit,Curtain-Side 13.6M Trailer,NN4 9BA,OX11 7HJ,52.213462,-0.951036,51.619119,-1.256837,2023-10-17 07:00:00+00:00,2023-10-17 07:30:00+00:00,2023-10-17 10:30:00+00:00,2023-10-17 11:00:00+00:00,False
SEZHUK-231013-252849,CAUK000386,Tractor Unit,Curtain-Side 13.6M Trailer,GU6 8TB,NN10 0FN,51.119519,-0.53762,52.300848,-0.590018,2023-10-16 09:00:00+00:00,2023-10-16 10:00:00+00:00,2023-10-17 06:00:00+00:00,2023-10-17 06:30:00+00:00,True
SEZHUK-231013-252850,CAUK000386,Tractor Unit,Curtain-Side 13.6M Trailer,IG8 8EY,ST5 9QH,51.590159,0.043458,53.031047,-2.244933,2023-10-16 09:00:00+00:00,2023-10-16 10:00:00+00:00,2023-10-17 12:00:00+00:00,2023-10-17 13:00:00+00:00,True
SEZHUK-231013-252851,CAUK000386,Tractor Unit,Curtain-Side 13.6M Trailer,SG1 2EQ,WF11 0AB,51.903675,-0.222512,53.692741,-1.268817,2023-10-16 09:00:00+00:00,2023-10-16 10:00:00+00:00,2023-10-17 12:00:00+00:00,2023-10-17 13:00:00+00:00,True
SEZHUK-231013-252852,CAUK000854,Tractor Unit,Curtain-Side 13.6M Trailer,S80 3FY,FK3 8UZ,53.293393,-1.074008,56.013818,-3.740373,2023-10-16 16:00:00+00:00,2023-10-16 16:59:00+00:00,2023-10-17 13:55:00+00:00,2023-10-17 14:25:00+00:00,False
SEZHUK-231013-252863,CAUK000435,Tractor Unit,40ft Container,AL10 8XF,PE3 7EZ,51.74104,-0.218368,52.59025,-0.261951,2023-10-14 14:00:00+00:00,2023-10-14 15:55:01+00:00,2023-10-14 17:30:00+00:00,2023-10-14 18:15:01+00:00,True
SEZHUK-231013-252864,CAUK000428,Tractor Unit,Box 44ft,AL10 8XF,MK4 4BX,51.74104,-0.218368,51.991558,-0.784236,2023-10-14 14:00:00+00:00,2023-10-14 15:55:01+00:00,2023-10-14 17:09:00+00:00,2023-10-14 19:09:01+00:00,True
SEZHUK-231013-252865,CAUK000325,Tractor Unit,Box 44ft,AL10 8XF,DE74 2HL,51.74104,-0.218368,52.849282,-1.354253,2023-10-14 16:00:00+00:00,2023-10-14 17:55:01+00:00,2023-10-14 20:18:00+00:00,2023-10-14 21:03:01+00:00,True
SEZHUK-231013-252870,CAUK000990,Tractor Unit,40ft Container,PE3 7EZ,SN3 4TT,52.59025,-0.261951,51.602351,-1.733719,2023-10-14 06:00:00+00:00,2023-10-14 07:40:01+00:00,2023-10-14 10:38:00+00:00,2023-10-14 11:23:01+00:00,False
SEZHUK-231013-252879,CAUK000428,Tractor Unit,Box 44ft,AL10 8XF,DE74 2HL,51.74104,-0.218368,52.849282,-1.354253,2023-10-14 14:00:00+00:00,2023-10-14 15:55:01+00:00,2023-10-14 18:18:00+00:00,2023-10-14 19:03:01+00:00,False
SEZHUK-231013-252890,CAUK000096,Tractor Unit,40ft Container,DE74 2HL,SN3 4TT,52.849282,-1.354253,51.602351,-1.733719,2023-10-14 10:00:00+00:00,2023-10-14 11:40:01+00:00,2023-10-14 14:12:00+00:00,2023-10-14 14:57:01+00:00,True
SEZHUK-231013-252891,CAUK000435,Tractor Unit,40ft Container,AL10 8XF,TN2 3EW,51.74104,-0.218368,51.155589,0.293351,2023-10-14 12:00:00+00:00,2023-10-14 13:55:01+00:00,2023-10-14 15:22:00+00:00,2023-10-14 16:07:01+00:00,True
SEZHUK-231013-252911,CAUK000250,Tractor Unit,Curtain-Side 13.6M Trailer,S80 3FY,ASHBOURNE,53.293393,-1.074008,53.52341,-6.410445,2023-10-17 00:00:00+00:00,2023-10-17 23:59:00+00:00,2023-10-20 05:30:00+00:00,2023-10-20 06:00:00+00:00,True
SEZHUK-231013-252948,CAUK000689,Tractor Unit,Curtain-Side 13.6M Trailer,WA7 3PZ,SN3 4AL,53.31561,-2.654524,51.595609,-1.740718,2023-10-16 14:00:00+00:00,2023-10-16 15:02:00+00:00,2023-10-17 10:55:00+00:00,2023-10-17 11:25:00+00:00,False
SEZHUK-231013-252951,CAUK000115,Tractor Unit,Curtain-Side 13.6M Trailer,LS10 1SL,CH62 4TG,53.771668,-1.514934,53.347921,-2.985477,2023-10-14 12:00:00+00:00,2023-10-14 12:30:00+00:00,2023-10-15 09:30:00+00:00,2023-10-15 10:00:00+00:00,False
SEZHUK-231013-252968,CAUK000863,Tractor Unit,Box 44ft,BD5 8LZ,RG19 4BQ,53.763771,-1.739326,51.398851,-1.231993,2023-10-15 01:01:00+00:00,2023-10-15 02:41:01+00:00,2023-10-15 07:54:00+00:00,2023-10-15 09:54:01+00:00,True
SEZHUK-231014-253002,CAUK001009,3.5T Van,LWB Van,BS32 0BF,DE74 2TR,51.54695,-2.551256,52.829374,-1.332134,2023-10-26 15:15:00+00:00,2023-10-26 16:15:00+00:00,2023-10-26 19:30:00+00:00,2023-10-26 20:30:00+00:00,True
SEZHUK-231014-253006,CAUK001009,3.5T Van,LWB Van,DE74 2TR,RG2 0RP,52.829374,-1.332134,51.432237,-0.984601,2023-10-27 04:00:00+00:00,2023-10-27 05:00:00+00:00,2023-10-27 07:45:00+00:00,2023-10-27 08:45:00+00:00,True
SEZHUK-231014-253013,CAUK001009,3.5T Van,LWB Van,DE74 2TR,EN1 1TX,52.829374,-1.332134,51.650981,-0.054718,2023-10-25 04:45:00+00:00,2023-10-25 05:45:00+00:00,2023-10-25 08:15:00+00:00,2023-10-25 09:15:00+00:00,True
SEZHUK-231014-253020,CAUK001009,3.5T Van,LWB Van,DE74 2TR,NW10 7NZ,52.829374,-1.332134,51.537524,-0.27074,2023-10-27 04:45:00+00:00,2023-10-27 05:45:00+00:00,2023-10-27 08:15:00+00:00,2023-10-27 09:15:00+00:00,True
SEZHUK-231014-253030,CAUK001009,3.5T Van,LWB Van,NP10 9DQ,DE74 2TR,51.582459,-3.043825,52.829374,-1.332134,2023-10-28 08:30:00+00:00,2023-10-28 09:30:00+00:00,2023-10-28 12:30:00+00:00,2023-10-28 13:30:00+00:00,True
SEZHUK-231014-253034,CAUK001009,3.5T Van,LWB Van,CO4 9QJ,DE74 2TR,51.920887,0.927015,52.829374,-1.332134,2023-10-26 17:30:00+00:00,2023-10-26 18:30:00+00:00,2023-10-26 21:10:00+00:00,2023-10-26 22:10:00+00:00,True
SEZHUK-231014-253042,CAUK001009,3.5T Van,LWB Van,DE74 2TR,EN1 1TX,52.829374,-1.332134,51.650981,-0.054718,2023-10-24 04:45:00+00:00,2023-10-24 05:45:00+00:00,2023-10-24 08:15:00+00:00,2023-10-24 09:15:00+00:00,True
SEZHUK-231014-253048,CAUK001009,3.5T Van,LWB Van,NP10 9DQ,DE74 2TR,51.582459,-3.043825,52.829374,-1.332134,2023-10-23 17:50:00+00:00,2023-10-23 18:50:00+00:00,2023-10-23 21:30:00+00:00,2023-10-23 22:30:00+00:00,True
SEZHUK-231014-253066,CAUK001009,3.5T Van,LWB Van,NE11 0JY,DE74 2TR,54.922706,-1.607332,52.829374,-1.332134,2023-10-25 17:25:00+00:00,2023-10-25 18:25:00+00:00,2023-10-25 21:10:00+00:00,2023-10-25 22:10:00+00:00,True
SEZHUK-231014-253068,CAUK001009,3.5T Van,LWB Van,NE11 0JY,DE74 2TR,54.922706,-1.607332,52.829374,-1.332134,2023-10-27 17:25:00+00:00,2023-10-27 18:25:00+00:00,2023-10-27 21:10:00+00:00,2023-10-27 22:10:00+00:00,True
SEZHUK-231014-253081,CAUK001009,3.5T Van,LWB Van,DE74 2TR,CO4 9QJ,52.829374,-1.332134,51.920887,0.927015,2023-10-26 04:50:00+00:00,2023-10-26 05:50:00+00:00,2023-10-26 08:50:00+00:00,2023-10-26 09:50:00+00:00,True
SEZHUK-231014-253086,CAUK001009,3.5T Van,LWB Van,DE74 2TR,RG2 0RP,52.829374,-1.332134,51.432237,-0.984601,2023-10-26 04:00:00+00:00,2023-10-26 05:00:00+00:00,2023-10-26 07:45:00+00:00,2023-10-26 08:45:00+00:00,True
SEZHUK-231014-253090,CAUK001009,3.5T Van,LWB Van,WR4 0SZ,DE74 2TR,52.193636,-2.221575,52.829374,-1.332134,2023-10-25 17:00:00+00:00,2023-10-25 18:00:00+00:00,2023-10-25 19:30:00+00:00,2023-10-25 20:30:00+00:00,True
SEZHUK-231014-253095,CAUK000854,Tractor Unit,Curtain-Side 13.6M Trailer,L11 0JA,EH54 8QX,53.462845,-2.896967,55.896335,-3.53565,2023-10-15 07:00:00+00:00,2023-10-15 07:01:00+00:00,2023-10-16 16:55:00+00:00,2023-10-16 17:25:00+00:00,True
SEZHUK-231014-253122,CAUK000428,Tractor Unit,Box 44ft,AL10 8XF,MK4 4BX,51.74104,-0.218368,51.991558,-0.784236,2023-10-15 14:00:00+00:00,2023-10-15 15:55:01+00:00,2023-10-15 17:09:00+00:00,2023-10-15 17:54:01+00:00,False
SEZHUK-231014-253126,CAUK000435,Tractor Unit,Box 44ft,AL10 8XF,DE74 2HL,51.74104,-0.218368,52.849282,-1.354253,2023-10-15 12:00:00+00:00,2023-10-15 13:55:01+00:00,2023-10-15 16:18:00+00:00,2023-10-15 17:03:01+00:00,True
SEZHUK-231014-253127,CAUK000863,Tractor Unit,Box 44ft,DE74 2HL,SN3 4TT,52.849282,-1.354253,51.602351,-1.733719,2023-10-15 12:00:00+00:00,2023-10-15 13:40:01+00:00,2023-10-15 16:12:00+00:00,2023-10-15 16:57:01+00:00,True
SEZHUK-231014-253130,CAUK000435,Tractor Unit,Box 44ft,AL10 8XF,DE74 2HL,51.74104,-0.218368,52.849282,-1.354253,2023-10-15 12:00:00+00:00,2023-10-15 13:55:01+00:00,2023-10-15 16:18:00+00:00,2023-10-15 17:03:01+00:00,True
SEZHUK-231014-253133,CAUK000814,Tractor Unit,Box 44ft,SN3 4TT,DE74 2HL,51.602351,-1.733719,52.849282,-1.354253,2023-10-15 09:00:00+00:00,2023-10-15 11:01:01+00:00,2023-10-15 13:59:00+00:00,2023-10-15 14:44:01+00:00,False
SEZHUK-231014-253140,CAUK000435,Tractor Unit,Box 44ft,AL10 8XF,DA8 1PQ,51.74104,-0.218368,51.489078,0.170817,2023-10-15 12:00:00+00:00,2023-10-15 14:00:01+00:00,2023-10-15 16:00:00+00:00,2023-10-15 16:45:01+00:00,True
SEZHUK-231014-253149,CAUK000310,Tractor Unit,Box 44ft,ST4 4DG,S35 2PW,52.989325,-2.190387,53.477856,-1.472093,2023-10-15 14:00:00+00:00,2023-10-15 15:40:01+00:00,2023-10-15 17:32:00+00:00,2023-10-15 18:17:01+00:00,True
SEZHUK-231014-253170,CAUK000428,Tractor Unit,Box 44ft,AL10 8XF,MK4 4BX,51.74104,-0.218368,51.991558,-0.784236,2023-10-15 14:00:00+00:00,2023-10-15 15:55:01+00:00,2023-10-15 17:09:00+00:00,2023-10-15 17:54:01+00:00,True
SEZHUK-231015-253196,CAUK000428,Tractor Unit,Curtain-Side 13.6M Trailer,AL10 9TR,CT2 7PX,51.772167,-0.250353,51.293329,1.092989,2023-10-16 06:00:00+00:00,2023-10-16 06:30:00+00:00,2023-10-16 11:30:00+00:00,2023-10-16 12:00:00+00:00,True
SEZHUK-231015-253197,CAUK000428,Tractor Unit,Curtain-Side 13.6M Trailer,AL10 9TR,CT2 7PX,51.772167,-0.250353,51.293329,1.092989,2023-10-17 06:00:00+00:00,2023-10-17 06:30:00+00:00,2023-10-17 11:30:00+00:00,2023-10-17 12:00:00+00:00,True
SEZHUK-231015-253204,CAUK000184,Tractor Unit,Curtain-Side 13.6M Trailer,AL10 9TR,BN23 6PW,51.772167,-0.250353,50.788708,0.297115,2023-10-19 12:00:00+00:00,2023-10-19 13:00:00+00:00,2023-10-19 21:00:00+00:00,2023-10-19 22:00:00+00:00,False
SEZHUK-231015-253210,CAUK000435,Tractor Unit,Box 44ft,AL10 8XF,DE74 2HL,51.74104,-0.218368,52.849282,-1.354253,2023-10-16 12:00:00+00:00,2023-10-16 13:55:01+00:00,2023-10-16 16:18:00+00:00,2023-10-16 17:03:01+00:00,True
SEZHUK-231016-253248,CAUK000689,Tractor Unit,Curtain-Side 13.6M Trailer,DN3 3FG,TQ12 6GN,53.537133,-1.037405,50.55996,-3.669927,2023-10-18 06:00:00+00:00,2023-10-18 18:00:00+00:00,2023-10-19 06:02:00+00:00,2023-10-19 06:30:00+00:00,True
SEZHUK-231016-253264,CAUK000096,Tractor Unit,Curtain-Side 13.6M Trailer,HP22 5BL,NG7 2SD,51.779657,-0.772897,52.934662,-1.181471,2023-10-17 09:00:00+00:00,2023-10-17 09:30:00+00:00,2023-10-17 13:30:00+00:00,2023-10-17 14:00:00+00:00,True
SEZHUK-231016-253270,CAUK000096,Tractor Unit,Curtain-Side 13.6M Trailer,IP24 1HP,NG7 2SD,52.42597,0.73659,52.934662,-1.181471,2023-10-17 09:00:00+00:00,2023-10-17 09:30:00+00:00,2023-10-17 13:30:00+00:00,2023-10-17 14:00:00+00:00,False
SEZHUK-231016-253272,CAUK000250,Tractor Unit,Box,S80 3FY,NAAS,53.293393,-1.074008,53.207122,-6.742479,2023-10-18 00:00:00+00:00,2023-10-18 23:59:00+00:00,2023-10-20 08:25:00+00:00,2023-10-20 08:55:00+00:00,True
SEZHUK-231016-253273,CAUK000250,Tractor Unit,Box,S80 3FY,MITCHELSTOWN,53.293393,-1.074008,52.276579,-8.258109,2023-10-19 04:00:00+00:00,2023-10-19 04:59:00+00:00,2023-10-23 11:25:00+00:00,2023-10-23 11:55:00+00:00,True
SEZHUK-231016-253276,CAUK001004,Tractor Unit,Curtain-Side 13.6M Trailer,B24 8DW,NN6 7GX,52.507428,-1.834192,52.358623,-1.166133,2023-10-17 06:00:00+00:00,2023-10-17 06:30:00+00:00,2023-10-17 09:00:00+00:00,2023-10-17 09:30:00+00:00,True
SEZHUK-231016-253279,CAUK000222,Tractor Unit,Curtain-Side 13.6M Trailer,DE12 8AA,CV9 2SQ,52.690284,-1.548894,52.583936,-1.557171,2023-10-17 14:00:00+00:00,2023-10-17 14:30:00+00:00,2023-10-18 10:30:00+00:00,2023-10-18 11:00:00+00:00,False
SEZHUK-231016-253283,CAUK000863,Tractor Unit,Curtain-Side 13.6M Trailer,L11 0JA,WV4 6UD,53.462845,-2.896967,52.560452,-2.099437,2023-10-18 12:00:00+00:00,2023-10-18 12:01:00+00:00,2023-10-18 17:55:00+00:00,2023-10-18 18:25:00+00:00,True
SEZHUK-231016-253291,CAUK000689,Tractor Unit,Curtain-Side 13.6M Trailer,S80 3FY,NP16 6UD,53.293393,-1.074008,51.614678,-2.674519,2023-10-17 16:00:00+00:00,2023-10-17 16:59:00+00:00,2023-10-18 12:55:00+00:00,2023-10-18 13:25:00+00:00,True
SEZHUK-231016-253292,CAUK000310,Tractor Unit,Curtain-Side 13.6M Trailer,S80 3FY,SP4 7GQ,53.293393,-1.074008,51.17534,-1.753679,2023-10-18 10:00:00+00:00,2023-10-18 10:59:00+00:00,2023-10-18 19:55:00+00:00,2023-10-18 20:25:00+00:00,True
SEZHUK-231016-253295,CAUK000863,Tractor Unit,Curtain-Side 13.6M Trailer,M24 4DP,SP4 7SQ,53.547321,-2.202131,51.177012,-1.757833,2023-10-17 13:00:00+00:00,2023-10-17 13:56:00+00:00,2023-10-18 07:55:00+00:00,2023-10-18 08:25:00+00:00,True
SEZHUK-231016-253301,CAUK000863,Tractor Unit,Curtain-Side 13.6M Trailer,DE12 8AA,TS18 2PB,52.690284,-1.548894,54.570739,-1.285021,2023-10-17 15:00:00+00:00,2023-10-17 15:30:00+00:00,2023-10-18 07:10:00+00:00,2023-10-18 07:40:00+00:00,True
SEZHUK-231016-253328,CAUK001022,3.5T Van,LWB Van,SL3 0BB,E1W 2DA,51.470809,-0.514738,51.508022,-0.05711,2023-10-20 05:45:00+00:00,2023-10-20 06:45:00+00:00,2023-10-20 07:15:00+00:00,2023-10-20 08:15:00+00:00,True
SEZHUK-231016-253329,CAUK001022,3.5T Van,LWB Van,SL3 0BB,E1W 2DA,51.470809,-0.514738,51.508022,-0.05711,2023-10-19 05:45:00+00:00,2023-10-19 06:45:00+00:00,2023-10-19 07:15:00+00:00,2023-10-19 08:15:00+00:00,True
SEZHUK-231016-253330,CAUK001022,3.5T Van,LWB Van,E1W 2DA,SL3 0BB,51.508022,-0.05711,51.470809,-0.514738,2023-10-18 19:05:00+00:00,2023-10-18 20:05:00+00:00,2023-10-18 20:05:00+00:00,2023-10-18 21:05:00+00:00,True
SEZHUK-231016-253333,CAUK001022,3.5T Van,LWB Van,E1W 2DA,SL3 0BB,51.508022,-0.05711,51.470809,-0.514738,2023-10-16 19:05:00+00:00,2023-10-16 20:05:00+00:00,2023-10-16 20:05:00+00:00,2023-10-16 21:05:00+00:00,True
SEZHUK-231016-253334,CAUK001022,3.5T Van,LWB Van,SL3 0BB,E1W 2DA,51.470809,-0.514738,51.508022,-0.05711,2023-10-18 05:45:00+00:00,2023-10-18 06:45:00+00:00,2023-10-18 07:15:00+00:00,2023-10-18 08:15:00+00:00,True
SEZHUK-231016-253336,CAUK001024,3.5T Van,LWB Van,CO4 9QJ,CM22 7FD,51.920887,0.927015,51.869555,0.216885,2023-10-16 15:30:00+00:00,2023-10-16 16:30:00+00:00,2023-10-16 19:00:00+00:00,2023-10-16 20:00:00+00:00,True
SEZHUK-231016-253339,CAUK001022,3.5T Van,LWB Van,SL3 0BB,E1W 2DA,51.470809,-0.514738,51.508022,-0.05711,2023-10-17 05:45:00+00:00,2023-10-17 06:45:00+00:00,2023-10-17 07:15:00+00:00,2023-10-17 08:15:00+00:00,True
SEZHUK-231016-253341,CAUK001022,3.5T Van,LWB Van,E1W 2DA,SL3 0BB,51.508022,-0.05711,51.470809,-0.514738,2023-10-20 19:05:00+00:00,2023-10-20 20:05:00+00:00,2023-10-20 20:05:00+00:00,2023-10-20 21:05:00+00:00,True
SEZHUK-231016-253346,CAUK001022,3.5T Van,LWB Van,E1W 2DA,SL3 0BB,51.508022,-0.05711,51.470809,-0.514738,2023-10-17 19:05:00+00:00,2023-10-17 20:05:00+00:00,2023-10-17 20:05:00+00:00,2023-10-17 21:05:00+00:00,True
SEZHUK-231016-253348,CAUK001022,3.5T Van,LWB Van,E1W 2DA,SL3 0BB,51.508022,-0.05711,51.470809,-0.514738,2023-10-19 19:05:00+00:00,2023-10-19 20:05:00+00:00,2023-10-19 20:05:00+00:00,2023-10-19 21:05:00+00:00,True
SEZHUK-231016-253353,CAUK001009,3.5T Van,LWB Van,EN1 1TX,DE74 2TR,51.650981,-0.054718,52.826322,-1.348973,2023-10-19 16:15:00+00:00,2023-10-19 17:15:00+00:00,2023-10-19 19:45:00+00:00,2023-10-19 20:00:00+00:00,True
SEZHUK-231016-253355,CAUK001024,3.5T Van,LWB Van,CO4 9QJ,CM22 7FD,51.920887,0.927015,51.869555,0.216885,2023-10-18 15:30:00+00:00,2023-10-18 16:30:00+00:00,2023-10-18 19:00:00+00:00,2023-10-18 20:00:00+00:00,True
SEZHUK-231016-253369,CAUK001009,3.5T Van,LWB Van,SE14 5RW,DE74 2TR,51.507218,-0.127586,52.826322,-1.348973,2023-10-24 15:30:00+00:00,2023-10-24 16:30:00+00:00,2023-10-24 19:45:00+00:00,2023-10-24 20:00:00+00:00,True
SEZHUK-231016-253370,CAUK001022,3.5T Van,LWB Van,E1W 2DA,SL3 0BB,51.508022,-0.05711,51.470809,-0.514738,2023-10-25 19:05:00+00:00,2023-10-25 20:05:00+00:00,2023-10-25 20:05:00+00:00,2023-10-25 21:05:00+00:00,True
SEZHUK-231016-253380,CAUK001022,3.5T Van,LWB Van,E1W 2DA,SL3 0BB,51.508022,-0.05711,51.470809,-0.514738,2023-10-27 19:05:00+00:00,2023-10-27 20:05:00+00:00,2023-10-27 20:05:00+00:00,2023-10-27 21:05:00+00:00,True
SEZHUK-231016-253381,CAUK001022,3.5T Van,LWB Van,SL3 0BB,E1W 2DA,51.470809,-0.514738,51.508022,-0.05711,2023-10-25 05:45:00+00:00,2023-10-25 06:45:00+00:00,2023-10-25 07:15:00+00:00,2023-10-25 08:15:00+00:00,True
SEZHUK-231016-253383,CAUK001022,3.5T Van,LWB Van,E1W 2DA,SL3 0BB,51.508022,-0.05711,51.470809,-0.514738,2023-10-26 19:05:00+00:00,2023-10-26 20:05:00+00:00,2023-10-26 20:05:00+00:00,2023-10-26 21:05:00+00:00,True
SEZHUK-231016-253386,CAUK001009,3.5T Van,LWB Van,SE14 5RW,DE74 2TR,51.507218,-0.127586,52.826322,-1.348973,2023-10-25 15:30:00+00:00,2023-10-25 16:30:00+00:00,2023-10-25 19:45:00+00:00,2023-10-25 20:00:00+00:00,True
SEZHUK-231016-253387,CAUK001022,3.5T Van,LWB Van,E1W 2DA,SL3 0BB,51.508022,-0.05711,51.470809,-0.514738,2023-10-24 19:05:00+00:00,2023-10-24 20:05:00+00:00,2023-10-24 20:05:00+00:00,2023-10-24 21:05:00+00:00,True
SEZHUK-231016-253389,CAUK001022,3.5T Van,LWB Van,SL3 0BB,E1W 2DA,51.470809,-0.514738,51.508022,-0.05711,2023-10-24 05:45:00+00:00,2023-10-24 06:45:00+00:00,2023-10-24 07:15:00+00:00,2023-10-24 08:15:00+00:00,True
SEZHUK-231016-253391,CAUK001022,3.5T Van,LWB Van,SL3 0BB,E1W 2DA,51.470809,-0.514738,51.508022,-0.05711,2023-10-26 05:45:00+00:00,2023-10-26 06:45:00+00:00,2023-10-26 07:15:00+00:00,2023-10-26 08:15:00+00:00,True
SEZHUK-231016-253394,CAUK001022,3.5T Van,LWB Van,E1W 2DA,SL3 0BB,51.508022,-0.05711,51.470809,-0.514738,2023-10-23 19:05:00+00:00,2023-10-23 20:05:00+00:00,2023-10-23 20:05:00+00:00,2023-10-23 21:05:00+00:00,True
SEZHUK-231016-253395,CAUK001022,3.5T Van,LWB Van,SL3 0BB,E1W 2DA,51.470809,-0.514738,51.508022,-0.05711,2023-10-27 05:45:00+00:00,2023-10-27 06:45:00+00:00,2023-10-27 07:15:00+00:00,2023-10-27 08:15:00+00:00,True
SEZHUK-231016-253399,CAUK001009,3.5T Van,LWB Van,EN1 1TX,DE74 2TR,51.650981,-0.054718,52.826322,-1.348973,2023-10-23 16:15:00+00:00,2023-10-23 17:15:00+00:00,2023-10-23 20:00:00+00:00,2023-10-23 21:30:00+00:00,True
SEZHUK-231016-253405,CAUK000250,Tractor Unit,Curtain-Side 13.6M Trailer,L11 0JA,NAAS,53.464178,-2.895312,53.21557,-6.675001,2023-10-17 00:00:00+00:00,2023-10-17 23:59:00+00:00,2023-10-20 09:25:00+00:00,2023-10-20 09:55:00+00:00,True
SEZHUK-231016-253406,CAUK000250,Tractor Unit,Curtain-Side 13.6M Trailer,L11 0JA,BT41 4NN,53.464178,-2.895312,54.732479,-6.238003,2023-10-17 13:00:00+00:00,2023-10-17 13:01:00+00:00,2023-10-20 06:55:00+00:00,2023-10-20 07:25:00+00:00,True
SEZHUK-231016-253422,CAUK000863,Tractor Unit,Curtain-Side 13.6M Trailer,NN9 5DB,WN4 8DE,52.322608,-0.622401,53.500737,-2.633734,2023-10-17 13:30:00+00:00,2023-10-17 14:00:00+00:00,2023-10-18 04:30:00+00:00,2023-10-18 05:00:00+00:00,False
SEZHUK-231016-253423,CAUK000854,Tractor Unit,Curtain-Side 13.6M Trailer,S80 3FY,FK3 8UZ,53.293393,-1.074008,56.013818,-3.740373,2023-10-17 14:00:00+00:00,2023-10-17 14:59:00+00:00,2023-10-18 13:30:00+00:00,2023-10-18 14:00:00+00:00,False
SEZHUK-231016-253450,CAUK000386,Tractor Unit,Curtain-Side 13.6M Trailer,OL2 6JZ,CV2 2TA,53.562159,-2.126899,52.430911,-1.429058,2023-10-17 09:00:00+00:00,2023-10-17 10:00:00+00:00,2023-10-17 12:00:00+00:00,2023-10-17 13:00:00+00:00,False
SEZHUK-231016-253457,CAUK000159,Tractor Unit,Curtain-Side 13.6M Trailer,PR5 0XD,TS25 2DH,53.761551,-2.616875,54.649306,-1.20099,2023-10-17 00:00:00+00:00,2023-10-17 23:00:00+00:00,2023-10-18 08:30:00+00:00,2023-10-18 09:00:00+00:00,True
SEZHUK-231016-253460,CAUK000814,Tractor Unit,Box 44ft,SN3 4TT,MK4 4BX,51.602351,-1.733719,51.991558,-0.784236,2023-10-17 10:00:00+00:00,2023-10-17 11:40:01+00:00,2023-10-17 16:00:00+00:00,2023-10-17 17:00:01+00:00,False
SEZHUK-231016-253469,CAUK000689,Tractor Unit,Double Deck Trailer,SN3 4TT,CH41 1FE,51.602351,-1.733719,53.399905,-3.015115,2023-10-17 12:00:00+00:00,2023-10-17 13:40:01+00:00,2023-10-17 17:33:00+00:00,2023-10-17 19:03:01+00:00,True
SEZHUK-231016-253480,CAUK000386,Tractor Unit,Curtain-Side 13.6M Trailer,OL2 6JZ,NN10 0FN,53.562159,-2.126899,52.300848,-0.590018,2023-10-17 09:00:00+00:00,2023-10-17 10:00:00+00:00,2023-10-17 13:00:00+00:00,2023-10-17 14:00:00+00:00,False
SEZHUK-231016-253498,CAUK001028,Tractor Unit,Curtain-Side 13.6M Trailer,NN9 5DB,CM19 4ED,52.322608,-0.622401,51.76935,0.08155,2023-10-18 08:00:00+00:00,2023-10-18 08:30:00+00:00,2023-10-18 11:45:00+00:00,2023-10-18 12:15:00+00:00,True
SEZHUK-231016-253502,CAUK000863,Tractor Unit,Curtain-Side 13.6M Trailer,NN9 5DB,WF2 0XF,52.322608,-0.622401,53.712698,-1.517263,2023-10-17 16:00:00+00:00,2023-10-17 16:30:00+00:00,2023-10-18 09:30:00+00:00,2023-10-18 10:00:00+00:00,True
SEZHUK-231016-253505,CAUK000386,Tractor Unit,Curtain-Side 13.6M Trailer,BL3 4ET,CV2 2TA,53.564863,-2.460948,52.430911,-1.429058,2023-10-17 09:00:00+00:00,2023-10-17 10:00:00+00:00,2023-10-17 13:00:00+00:00,2023-10-17 14:00:00+00:00,False
SEZHUK-231016-253508,CAUK000695,Tractor Unit,Curtain-Side 13.6M Trailer,L11 0JA,NW10 7LQ,53.462845,-2.896967,51.526489,-0.266374,2023-10-18 06:00:00+00:00,2023-10-18 06:01:00+00:00,2023-10-18 13:25:00+00:00,2023-10-18 13:55:00+00:00,True
SEZHUK-231016-253528,CAUK000766,Tractor Unit,Box 44ft,BD5 8LZ,HP2 7PZ,53.763771,-1.739326,51.771839,-0.439712,2023-10-18 01:40:00+00:00,2023-10-18 03:20:01+00:00,2023-10-18 07:02:00+00:00,2023-10-18 10:43:01+00:00,False
SEZHUK-231016-253529,CAUK000435,Tractor Unit,Box 44ft,BD5 8LZ,EN3 7QP,53.763771,-1.739326,51.659325,-0.021793,2023-10-18 01:40:00+00:00,2023-10-18 03:20:01+00:00,2023-10-18 07:23:00+00:00,2023-10-18 11:03:01+00:00,True
SEZHUK-231016-253534,CAUK000766,Tractor Unit,Box 44ft,BD5 8LZ,HP2 7PZ,53.763771,-1.739326,51.771839,-0.439712,2023-10-19 01:40:00+00:00,2023-10-19 03:20:01+00:00,2023-10-19 07:02:00+00:00,2023-10-19 10:43:01+00:00,True
SEZHUK-231016-253539,CAUK000435,Tractor Unit,Box 44ft,BD5 8LZ,EN3 7QP,53.763771,-1.739326,51.659325,-0.021793,2023-10-19 01:40:00+00:00,2023-10-19 03:20:01+00:00,2023-10-19 07:23:00+00:00,2023-10-19 11:03:01+00:00,True
SEZHUK-231016-253543,CAUK000766,Tractor Unit,Box 44ft,BD5 8LZ,HP2 7PZ,53.763771,-1.739326,51.771839,-0.439712,2023-10-20 01:40:00+00:00,2023-10-20 03:20:01+00:00,2023-10-20 07:02:00+00:00,2023-10-20 10:43:01+00:00,True
SEZHUK-231016-253550,CAUK000435,Tractor Unit,Box 44ft,BD5 8LZ,EN3 7QP,53.763771,-1.739326,51.659325,-0.021793,2023-10-17 02:20:00+00:00,2023-10-17 04:00:01+00:00,2023-10-17 08:03:00+00:00,2023-10-17 11:43:01+00:00,True
SEZHUK-231016-253551,CAUK000435,Tractor Unit,Box 44ft,BD5 8LZ,EN3 7QP,53.763771,-1.739326,51.659325,-0.021793,2023-10-21 01:40:00+00:00,2023-10-21 03:20:01+00:00,2023-10-21 07:23:00+00:00,2023-10-21 11:03:01+00:00,True
SEZHUK-231016-253555,CAUK000660,Tractor Unit,Box 44ft,BD5 8LZ,HP2 7PZ,53.763771,-1.739326,51.771839,-0.439712,2023-10-19 01:01:00+00:00,2023-10-19 02:41:01+00:00,2023-10-19 07:08:00+00:00,2023-10-19 10:04:01+00:00,True
SEZHUK-231016-253563,CAUK000435,Tractor Unit,Box 44ft,BD5 8LZ,EN3 7QP,53.763771,-1.739326,51.659325,-0.021793,2023-10-20 01:40:00+00:00,2023-10-20 03:20:01+00:00,2023-10-20 07:23:00+00:00,2023-10-20 11:03:01+00:00,True
SEZHUK-231016-253565,CAUK000883,Tractor Unit,Box 44ft,BD5 8LZ,RG19 4BQ,53.763771,-1.739326,51.398851,-1.231993,2023-10-20 01:01:00+00:00,2023-10-20 02:41:01+00:00,2023-10-20 07:54:00+00:00,2023-10-20 10:50:01+00:00,False
SEZHUK-231016-253569,CAUK000766,Tractor Unit,Box 44ft,BD5 8LZ,RG19 4BQ,53.763771,-1.739326,51.398851,-1.231993,2023-10-20 02:20:00+00:00,2023-10-20 04:00:01+00:00,2023-10-20 09:13:00+00:00,2023-10-20 12:09:01+00:00,True
SEZHUK-231016-253581,CAUK000766,Tractor Unit,Box 44ft,BD5 8LZ,RG19 4BQ,53.763771,-1.739326,51.398851,-1.231993,2023-10-18 02:20:00+00:00,2023-10-18 04:00:01+00:00,2023-10-18 09:13:00+00:00,2023-10-18 12:09:01+00:00,True
SEZHUK-231016-253604,CAUK000766,Tractor Unit,Box 44ft,BD5 8LZ,ME13 7TW,53.763771,-1.739326,51.328048,0.877608,2023-10-19 01:40:00+00:00,2023-10-19 03:20:01+00:00,2023-10-19 09:14:00+00:00,2023-10-19 12:10:00+00:00,False
SEZHUK-231016-253615,CAUK000766,Tractor Unit,Box 44ft,BD5 8LZ,ME13 7TW,53.763771,-1.739326,51.328048,0.877608,2023-10-21 01:40:00+00:00,2023-10-21 03:20:01+00:00,2023-10-21 09:14:00+00:00,2023-10-21 12:10:01+00:00,False
SEZHUK-231016-253618,CAUK000766,Tractor Unit,Box 44ft,BD5 8LZ,RG19 4BQ,53.763771,-1.739326,51.398851,-1.231993,2023-10-18 02:20:00+00:00,2023-10-18 04:00:01+00:00,2023-10-18 09:13:00+00:00,2023-10-18 12:09:01+00:00,True
SEZHUK-231016-253619,CAUK000883,Tractor Unit,Box 44ft,BD5 8LZ,RG19 4BQ,53.763771,-1.739326,51.398851,-1.231993,2023-10-18 01:01:00+00:00,2023-10-18 02:41:01+00:00,2023-10-18 07:54:00+00:00,2023-10-18 10:50:01+00:00,True
SEZHUK-231016-253622,CAUK000766,Tractor Unit,Box 44ft,BD5 8LZ,RG19 4BQ,53.763771,-1.739326,51.398851,-1.231993,2023-10-19 02:20:00+00:00,2023-10-19 04:00:01+00:00,2023-10-19 09:13:00+00:00,2023-10-19 12:09:01+00:00,True
SEZHUK-231017-253655,CAUK000034,Tractor Unit,Curtain-Side 13.6M Trailer,DN3 3FG,CV5 9DQ,53.537133,-1.037405,52.435113,-1.554438,2023-10-17 11:00:00+00:00,2023-10-17 20:00:00+00:00,2023-10-18 08:32:00+00:00,2023-10-18 09:00:00+00:00,True
SEZHUK-231017-253658,CAUK000295,Tractor Unit,Curtain-Side 13.6M Trailer,DG16 5HT,EH21 8JU,55.003467,-3.042858,55.943055,-3.005624,2023-10-18 06:00:00+00:00,2023-10-18 14:00:00+00:00,2023-10-19 08:00:00+00:00,2023-10-19 15:59:00+00:00,True
SEZHUK-231017-253664,CAUK000096,Tractor Unit,Curtain-Side 13.6M Trailer,HP22 5BL,NG7 2SD,51.779657,-0.772897,52.934662,-1.181471,2023-10-18 09:00:00+00:00,2023-10-18 09:30:00+00:00,2023-10-18 13:30:00+00:00,2023-10-18 14:00:00+00:00,False
SEZHUK-231017-253680,CAUK000863,Tractor Unit,Curtain-Side 13.6M Trailer,S80 3FY,NP16 6UD,53.293393,-1.074008,51.614678,-2.674519,2023-10-18 16:00:00+00:00,2023-10-18 16:59:00+00:00,2023-10-19 12:55:00+00:00,2023-10-19 13:25:00+00:00,True
SEZHUK-231017-253683,CAUK000863,Tractor Unit,Curtain-Side 13.6M Trailer,L11 0JA,WV4 6UD,53.462845,-2.896967,52.560452,-2.099437,2023-10-19 10:00:00+00:00,2023-10-19 10:01:00+00:00,2023-10-19 16:55:00+00:00,2023-10-19 17:25:00+00:00,True
SEZHUK-231017-253684,CAUK000863,Tractor Unit,Curtain-Side 13.6M Trailer,L11 0JA,MK17 8DB,53.462845,-2.896967,52.03393,-0.67711,2023-10-19 06:00:00+00:00,2023-10-19 06:01:00+00:00,2023-10-19 13:55:00+00:00,2023-10-19 14:25:00+00:00,True
SEZHUK-231017-253685,CAUK000863,Tractor Unit,Curtain-Side 13.6M Trailer,L11 0JA,CV9 2SQ,53.462845,-2.896967,52.583936,-1.557171,2023-10-19 12:00:00+00:00,2023-10-19 12:01:00+00:00,2023-10-19 17:55:00+00:00,2023-10-19 18:25:00+00:00,True
SEZHUK-231017-253695,CAUK000851,Tractor Unit,Curtain-Side 13.6M Trailer,ML4 3NW,MK17 8FF,55.821702,-4.036872,52.040191,-0.673743,2023-10-19 14:00:00+00:00,2023-10-19 14:30:00+00:00,2023-10-20 08:30:00+00:00,2023-10-20 09:00:00+00:00,True
SEZHUK-231017-253698,CAUK000235,Tractor Unit,Curtain-Side 13.6M Trailer,DE14 2WT,ME10 2FD,52.800481,-1.663328,51.371411,0.745506,2023-10-18 13:00:00+00:00,2023-10-18 13:30:00+00:00,2023-10-19 08:10:00+00:00,2023-10-19 08:40:00+00:00,True
SEZHUK-231017-253707,CAUK000310,Tractor Unit,Curtain-Side 13.6M Trailer,DE14 2WT,NN15 5YT,52.800481,-1.663328,52.370504,-0.684925,2023-10-19 05:00:00+00:00,2023-10-19 06:00:00+00:00,2023-10-19 08:50:00+00:00,2023-10-19 09:20:00+00:00,True
SEZHUK-231017-253708,CAUK000222,Tractor Unit,Curtain-Side 13.6M Trailer,DE14 2WT,NN15 5YT,52.800481,-1.663328,52.370504,-0.684925,2023-10-18 13:00:00+00:00,2023-10-18 13:30:00+00:00,2023-10-19 11:30:00+00:00,2023-10-19 12:00:00+00:00,True
SEZHUK-231017-253756,CAUK000029,Tractor Unit,Curtain-Side 13.6M Trailer,DN11 9HE,NN6 7TZ,53.437296,-1.068189,52.35193,-1.144734,2023-10-18 16:00:00+00:00,2023-10-18 16:59:00+00:00,2023-10-19 10:55:00+00:00,2023-10-19 11:25:00+00:00,True
SEZHUK-231017-253763,CAUK000770,Tractor Unit,Curtain-Side 13.6M Trailer,S80 3FY,SG18 9BJ,53.293393,-1.074008,52.099889,-0.281226,2023-10-19 05:00:00+00:00,2023-10-19 05:59:00+00:00,2023-10-19 10:55:00+00:00,2023-10-19 11:25:00+00:00,True
SEZHUK-231017-253775,CAUK000115,Tractor Unit,Curtain-Side 13.6M Trailer,LS10 1SL,DN31 3SW,53.771668,-1.514934,53.576337,-0.060395,2023-10-18 12:00:00+00:00,2023-10-18 12:30:00+00:00,2023-10-18 14:30:00+00:00,2023-10-18 15:00:00+00:00,True
SEZHUK-231017-253779,CAUK000155,Tractor Unit,Curtain-Side 13.6M Trailer,L11 0JA,ME9 8SR,53.462845,-2.896967,51.36932,0.749586,2023-10-18 00:00:00+00:00,2023-10-18 23:59:00+00:00,2023-10-19 04:35:00+00:00,2023-10-19 05:05:00+00:00,True
SEZHUK-231017-253793,CAUK000310,Tractor Unit,Curtain-Side 13.6M Trailer,DE14 2WT,EN9 3BZ,52.800481,-1.663328,51.679126,-0.001579,2023-10-19 12:00:00+00:00,2023-10-19 13:00:00+00:00,2023-10-19 15:30:00+00:00,2023-10-19 16:00:00+00:00,False
SEZHUK-231017-253803,CAUK000781,Tractor Unit,Curtain-Side 13.6M Trailer,L11 0JA,UB6 8UH,53.462845,-2.896967,51.54329,-0.358536,2023-10-18 16:00:00+00:00,2023-10-18 16:01:00+00:00,2023-10-19 12:55:00+00:00,2023-10-19 13:25:00+00:00,True
SEZHUK-231017-253816,CAUK000029,Tractor Unit,Curtain-Side 13.6M Trailer,NN17 4AZ,S43 4FD,52.507605,-0.693317,53.279992,-1.286396,2023-10-18 15:15:00+00:00,2023-10-18 15:45:00+00:00,2023-10-19 09:00:00+00:00,2023-10-19 09:30:00+00:00,True
SEZHUK-231017-253829,CAUK000146,Tractor Unit,Curtain-Side 13.6M Trailer,WA7 3PZ,SN3 4AL,53.31561,-2.654524,51.595609,-1.740718,2023-10-18 15:00:00+00:00,2023-10-18 16:02:00+00:00,2023-10-19 10:55:00+00:00,2023-10-19 11:25:00+00:00,True
SEZHUK-231017-253864,CAUK000325,Tractor Unit,Box 44ft,DE55 4LS,AL10 8XF,53.085338,-1.378715,51.74104,-0.218368,2023-10-18 19:00:00+00:00,2023-10-18 19:45:01+00:00,2023-10-18 23:16:00+00:00,2023-10-19 00:11:01+00:00,True
SEZHUK-231017-253875,CAUK000386,Tractor Unit,Curtain-Side 13.6M Trailer,IP27 0NZ,CV2 2TA,52.437964,0.610258,52.430911,-1.429058,2023-10-18 09:00:00+00:00,2023-10-18 10:00:00+00:00,2023-10-18 13:00:00+00:00,2023-10-18 14:00:00+00:00,False
SEZHUK-231017-253876,CAUK000386,Tractor Unit,Curtain-Side 13.6M Trailer,CO10 2YA,CV2 2TA,52.046223,0.752373,52.430911,-1.429058,2023-10-18 09:00:00+00:00,2023-10-18 10:00:00+00:00,2023-10-18 15:00:00+00:00,2023-10-18 16:00:00+00:00,True
SEZHUK-231017-253883,CAUK000297,Tractor Unit,Curtain-Side 13.6M Trailer,SK16 4UG,LE19 1WY,53.467868,-2.096512,52.601991,-1.190434,2023-10-18 10:00:00+00:00,2023-10-18 10:30:00+00:00,2023-10-18 16:30:00+00:00,2023-10-18 17:00:00+00:00,True
SEZHUK-231018-253901,CAUK000863,Tractor Unit,Curtain-Side 13.6M Trailer,CT14 9JQ,DN8 5TE,51.225603,1.397815,53.566639,-0.919839,2023-10-19 08:00:00+00:00,2023-10-19 15:00:00+00:00,2023-10-20 08:00:00+00:00,2023-10-20 15:00:00+00:00,True
SEZHUK-231018-253911,CAUK000863,Tractor Unit,Curtain-Side 13.6M Trailer,DN8 5TE,DA16 3RP,53.566639,-0.919839,51.467053,0.081267,2023-10-19 06:00:00+00:00,2023-10-19 18:00:00+00:00,2023-10-20 08:00:00+00:00,2023-10-20 15:59:00+00:00,True
SEZHUK-231018-253941,CAUK000096,Tractor Unit,Curtain-Side 13.6M Trailer,BS35 4GG,BS11 9BT,51.55257,-2.65344,51.511084,-2.703002,2023-10-19 09:00:00+00:00,2023-10-19 09:30:00+00:00,2023-10-19 13:30:00+00:00,2023-10-19 14:00:00+00:00,True
SEZHUK-231018-253942,CAUK000096,Tractor Unit,Curtain-Side 13.6M Trailer,BS35 4GG,DY9 7DP,51.55257,-2.65344,52.457769,-2.122196,2023-10-19 09:00:00+00:00,2023-10-19 09:30:00+00:00,2023-10-19 15:30:00+00:00,2023-10-19 16:00:00+00:00,True
SEZHUK-231018-253947,CAUK000096,Tractor Unit,Curtain-Side 13.6M Trailer,PL7 5JY,BS11 9BT,50.38645,-4.020841,51.511084,-2.703002,2023-10-18 14:00:00+00:00,2023-10-18 14:30:00+00:00,2023-10-18 14:00:00+00:00,2023-10-18 14:30:00+00:00,False
SEZHUK-231018-253961,CAUK000295,Tractor Unit,Curtain-Side 13.6M Trailer,DG16 5HT,NR13 4LQ,55.003467,-3.042858,52.635673,1.457581,2023-10-19 06:00:00+00:00,2023-10-19 14:00:00+00:00,2023-10-23 08:02:00+00:00,2023-10-23 08:30:00+00:00,True
SEZHUK-231018-253985,CAUK000222,Tractor Unit,Curtain-Side 13.6M Trailer,DE14 2WT,B66 1QG,52.800481,-1.663328,52.505017,-1.996833,2023-10-20 07:00:00+00:00,2023-10-20 07:00:00+00:00,2023-10-20 10:30:00+00:00,2023-10-20 11:00:00+00:00,True
SEZHUK-231018-253989,CAUK000222,Tractor Unit,Curtain-Side 13.6M Trailer,DE14 2WT,WS10 0TB,52.800481,-1.663328,52.553927,-1.987756,2023-10-20 03:00:00+00:00,2023-10-20 04:00:00+00:00,2023-10-20 06:30:00+00:00,2023-10-20 07:00:00+00:00,True
SEZHUK-231018-254020,CAUK000770,Tractor Unit,Curtain-Side 13.6M Trailer,DN11 9HE,MK42 6EY,53.437296,-1.068189,52.093182,-0.475758,2023-10-19 16:00:00+00:00,2023-10-19 16:59:00+00:00,2023-10-20 10:25:00+00:00,2023-10-20 10:55:00+00:00,True
SEZHUK-231018-254021,CAUK000863,Tractor Unit,Curtain-Side 13.6M Trailer,S80 3FY,SG18 9BJ,53.293393,-1.074008,52.099889,-0.281226,2023-10-20 05:00:00+00:00,2023-10-20 05:59:00+00:00,2023-10-20 10:55:00+00:00,2023-10-20 11:25:00+00:00,True
SEZHUK-231018-254022,CAUK000222,Tractor Unit,Curtain-Side 13.6M Trailer,L11 0JA,WV4 6UD,53.462845,-2.896967,52.560452,-2.099437,2023-10-20 13:00:00+00:00,2023-10-20 13:01:00+00:00,2023-10-20 17:55:00+00:00,2023-10-20 18:25:00+00:00,True
SEZHUK-231018-254024,CAUK000222,Tractor Unit,Curtain-Side 13.6M Trailer,L11 0JA,WV4 6UD,53.462845,-2.896967,52.560452,-2.099437,2023-10-20 11:00:00+00:00,2023-10-20 11:01:00+00:00,2023-10-20 16:55:00+00:00,2023-10-20 17:25:00+00:00,True
SEZHUK-231018-254026,CAUK000863,Tractor Unit,Curtain-Side 13.6M Trailer,L11 0JA,MK17 8DB,53.462845,-2.896967,52.03393,-0.67711,2023-10-20 11:00:00+00:00,2023-10-20 11:01:00+00:00,2023-10-20 17:55:00+00:00,2023-10-20 18:25:00+00:00,True
SEZHUK-231018-254039,CAUK000124,Tractor Unit,Curtain-Side 13.6M Trailer,SS17 9LD,LE67 1UA,51.514121,0.42854,52.701119,-1.339519,2023-10-23 13:00:00+00:00,2023-10-23 13:00:00+00:00,2023-10-24 11:00:00+00:00,2023-10-24 11:00:00+00:00,True
SEZHUK-231018-254065,CAUK000029,Tractor Unit,Curtain-Side 13.6M Trailer,DE14 2WT,WF2 0XE,52.800481,-1.663328,53.713695,-1.519842,2023-10-19 14:00:00+00:00,2023-10-19 14:30:00+00:00,2023-10-20 10:10:00+00:00,2023-10-20 10:40:00+00:00,False
SEZHUK-231018-254072,CAUK001039,Tractor Unit,Curtain-Side 13.6M Trailer,DE14 2WT,NP26 3DF,52.800481,-1.663328,51.55991,-2.882457,2023-10-19 17:00:00+00:00,2023-10-19 18:00:00+00:00,2023-10-20 04:30:00+00:00,2023-10-20 05:00:00+00:00,True
SEZHUK-231018-254079,CAUK000222,Tractor Unit,Curtain-Side 13.6M Trailer,DE14 2WT,WA11 9WB,52.800481,-1.663328,53.476506,-2.655024,2023-10-19 14:30:00+00:00,2023-10-20 06:00:00+00:00,2023-10-20 06:30:00+00:00,2023-10-20 07:00:00+00:00,True
SEZHUK-231018-254080,CAUK000222,Tractor Unit,Curtain-Side 13.6M Trailer,DE14 2WT,WA11 9WB,52.800481,-1.663328,53.476506,-2.655024,2023-10-19 14:20:00+00:00,2023-10-20 12:00:00+00:00,2023-10-20 12:30:00+00:00,2023-10-20 13:00:00+00:00,True
SEZHUK-231018-254092,CAUK000155,Tractor Unit,Box,BD12 7ER,RG19 4BQ,53.753295,-1.722689,51.398689,-1.232386,2023-10-24 19:00:00+00:00,2023-10-24 19:30:00+00:00,2023-10-25 02:00:00+00:00,2023-10-25 02:30:00+00:00,True
SEZHUK-231018-254093,CAUK000155,Tractor Unit,Box,BD12 7ER,RG19 4BQ,53.753295,-1.722689,51.398689,-1.232386,2023-10-25 19:00:00+00:00,2023-10-25 19:30:00+00:00,2023-10-26 02:00:00+00:00,2023-10-26 02:30:00+00:00,True
SEZHUK-231018-254095,CAUK000155,Tractor Unit,Box,BD12 7ER,RG19 4BQ,53.753295,-1.722689,51.398689,-1.232386,2023-10-27 19:00:00+00:00,2023-10-27 19:30:00+00:00,2023-10-28 02:00:00+00:00,2023-10-28 02:30:00+00:00,True
SEZHUK-231018-254096,CAUK000766,Tractor Unit,Box,BD12 7ER,HP2 7PZ,53.753295,-1.722689,51.771553,-0.439081,2023-10-23 22:00:00+00:00,2023-10-23 22:30:00+00:00,2023-10-24 02:00:00+00:00,2023-10-24 02:30:00+00:00,True
SEZHUK-231018-254103,CAUK000766,Tractor Unit,Box,BD12 7ER,EN3 7XA,53.753295,-1.722689,51.654826,-0.026769,2023-10-25 14:00:00+00:00,2023-10-25 15:00:00+00:00,2023-10-25 19:00:00+00:00,2023-10-25 19:30:00+00:00,False
SEZHUK-231018-254109,CAUK000490,Tractor Unit,Box,BD12 7ER,CW1 6FB,53.753295,-1.722689,53.087056,-2.416485,2023-10-25 16:00:00+00:00,2023-10-25 16:30:00+00:00,2023-10-25 19:00:00+00:00,2023-10-25 19:30:00+00:00,False
SEZHUK-231018-254110,CAUK000490,Tractor Unit,Box,BD12 7ER,CW1 6FB,53.753295,-1.722689,53.087056,-2.416485,2023-10-26 16:00:00+00:00,2023-10-26 16:30:00+00:00,2023-10-26 19:00:00+00:00,2023-10-26 19:30:00+00:00,False
SEZHUK-231018-254111,CAUK000490,Tractor Unit,Box,BD12 7ER,CW1 6FB,53.753295,-1.722689,53.087056,-2.416485,2023-10-27 16:00:00+00:00,2023-10-27 16:30:00+00:00,2023-10-27 19:00:00+00:00,2023-10-27 19:30:00+00:00,False
SEZHUK-231018-254118,CAUK000689,Tractor Unit,Curtain-Side 13.6M Trailer,S80 3FY,NP16 6UD,53.293393,-1.074008,51.614678,-2.674519,2023-10-20 00:00:00+00:00,2023-10-20 23:59:00+00:00,2023-10-20 18:30:00+00:00,2023-10-20 23:59:00+00:00,False
SEZHUK-231018-254120,CAUK000689,Tractor Unit,Curtain-Side 13.6M Trailer,S80 3FY,CF31 3PH,53.293393,-1.074008,51.490776,-3.550666,2023-10-19 16:00:00+00:00,2023-10-19 16:59:00+00:00,2023-10-20 10:55:00+00:00,2023-10-20 11:25:00+00:00,False
SEZHUK-231018-254122,CAUK000854,Tractor Unit,Curtain-Side 13.6M Trailer,S80 3FY,FK3 8UZ,53.293393,-1.074008,56.013818,-3.740373,2023-10-20 06:30:00+00:00,2023-10-20 07:00:00+00:00,2023-10-20 13:30:00+00:00,2023-10-20 14:00:00+00:00,False
SEZHUK-231018-254128,CAUK000689,Tractor Unit,Curtain-Side 13.6M Trailer,DE14 2WT,SA6 8PJ,52.800481,-1.663328,51.665609,-3.912027,2023-10-19 14:00:00+00:00,2023-10-20 06:00:00+00:00,2023-10-20 06:30:00+00:00,2023-10-20 07:00:00+00:00,False
SEZHUK-231018-254164,CAUK000115,26T Rigid,Curtain Side,LS10 1SL,CH62 4TG,53.771668,-1.514934,53.347921,-2.985477,2023-10-19 18:00:00+00:00,2023-10-19 18:30:00+00:00,2023-10-19 21:00:00+00:00,2023-10-19 22:00:00+00:00,True
SEZHUK-231018-254183,CAUK000222,Tractor Unit,Curtain-Side 13.6M Trailer,L11 0JA,ST4 4EX,53.462845,-2.896967,52.986502,-2.182119,2023-10-20 06:00:00+00:00,2023-10-20 06:01:00+00:00,2023-10-20 12:55:00+00:00,2023-10-20 13:25:00+00:00,False
SEZHUK-231018-254187,CAUK000029,Tractor Unit,Curtain-Side 13.6M Trailer,S80 3FY,OX16 2AA,53.293393,-1.074008,52.081463,-1.329055,2023-10-20 06:39:18+00:00,2023-10-20 07:38:18+00:00,2023-10-20 10:25:00+00:00,2023-10-20 10:55:00+00:00,True
SEZHUK-231018-254209,CAUK000446,Tractor Unit,Curtain-Side 13.6M Trailer,L11 0JA,CM2 5AS,53.462845,-2.896967,51.74837,0.518553,2023-10-19 13:00:00+00:00,2023-10-19 14:00:00+00:00,2023-10-20 04:55:00+00:00,2023-10-20 05:25:00+00:00,True
SEZHUK-231018-254220,CAUK000349,Tractor Unit,Curtain-Side 13.6M Trailer,S80 3FY,LE17 4XN,53.293393,-1.074008,52.462306,-1.246071,2023-10-20 15:01:00+00:00,2023-10-20 16:00:00+00:00,2023-10-20 18:00:00+00:00,2023-10-20 18:15:00+00:00,False
SEZHUK-231019-254235,CAUK000863,Tractor Unit,Curtain-Side 13.6M Trailer,DN8 5TE,HP5 1QJ,53.566639,-0.919839,51.692773,-0.592602,2023-10-20 06:00:00+00:00,2023-10-20 16:00:00+00:00,2023-10-23 08:00:00+00:00,2023-10-23 15:59:00+00:00,True
SEZHUK-231019-254236,CAUK000689,Tractor Unit,Curtain-Side 13.6M Trailer,DN8 5TE,TQ12 6GN,53.566639,-0.919839,50.55996,-3.669927,2023-10-20 06:00:00+00:00,2023-10-20 16:00:00+00:00,2023-10-23 11:31:00+00:00,2023-10-23 11:59:00+00:00,True
SEZHUK-231019-254237,CAUK000029,Tractor Unit,Curtain-Side 13.6M Trailer,DN8 5TE,TN17 2BN,53.566639,-0.919839,51.073509,0.580847,2023-10-20 06:00:00+00:00,2023-10-20 16:00:00+00:00,2023-10-23 08:00:00+00:00,2023-10-23 15:59:00+00:00,True
SEZHUK-231019-254249,CAUK001028,Tractor Unit,Curtain-Side 13.6M Trailer,DE14 2WT,DA11 9BU,52.800481,-1.663328,51.444403,0.343805,2023-10-20 13:00:00+00:00,2023-10-20 13:30:00+00:00,2023-10-23 07:45:00+00:00,2023-10-23 08:15:00+00:00,True
SEZHUK-231019-254336,CAUK000250,Tractor Unit,Box,S80 3FY,NAAS,53.293393,-1.074008,53.207122,-6.742479,2023-10-23 04:00:00+00:00,2023-10-23 04:59:00+00:00,2023-10-25 08:25:00+00:00,2023-10-25 08:55:00+00:00,False
SEZHUK-231019-254337,CAUK000250,Tractor Unit,Curtain-Side 13.6M Trailer,S80 3FY,MULLINGAR,53.293393,-1.074008,53.525595,-7.321696,2023-10-23 05:00:00+00:00,2023-10-23 05:59:00+00:00,2023-10-25 18:25:00+00:00,2023-10-25 18:55:00+00:00,True
SEZHUK-231019-254339,CAUK000565,Tractor Unit,Curtain-Side 13.6M Trailer,AL10 9TR,CT2 7PX,51.772167,-0.250353,51.293329,1.092989,2023-10-24 06:00:00+00:00,2023-10-24 06:30:00+00:00,2023-10-24 11:30:00+00:00,2023-10-24 12:00:00+00:00,True
SEZHUK-231019-254341,CAUK000565,Tractor Unit,Curtain-Side 13.6M Trailer,AL10 9TR,CT2 7PX,51.772167,-0.250353,51.293329,1.092989,2023-10-26 06:00:00+00:00,2023-10-26 06:30:00+00:00,2023-10-26 11:30:00+00:00,2023-10-26 12:00:00+00:00,True
SEZHUK-231019-254349,CAUK000184,Tractor Unit,Curtain-Side 13.6M Trailer,AL10 9TR,BN23 6PW,51.772167,-0.250353,50.788708,0.297115,2023-10-24 12:00:00+00:00,2023-10-24 13:00:00+00:00,2023-10-24 21:00:00+00:00,2023-10-24 22:00:00+00:00,True
SEZHUK-231019-254370,CAUK000124,Tractor Unit,Curtain-Side 13.6M Trailer,SG1 2DL,LE67 1UA,51.900329,-0.217132,52.701119,-1.339519,2023-10-20 12:00:00+00:00,2023-10-20 12:30:00+00:00,2023-10-23 09:00:00+00:00,2023-10-23 09:00:00+00:00,True
SEZHUK-231019-254384,CAUK000310,Tractor Unit,Curtain-Side 13.6M Trailer,DE14 2WT,ME10 2FD,52.800481,-1.663328,51.371411,0.745506,2023-10-23 00:00:00+00:00,2023-10-23 00:15:00+00:00,2023-10-23 05:10:00+00:00,2023-10-23 05:40:00+00:00,True
SEZHUK-231019-254386,CAUK000689,Tractor Unit,Curtain-Side 13.6M Trailer,PR7 7NA,NP26 3TS,53.686775,-2.672518,51.57282,-2.85848,2023-10-20 13:00:00+00:00,2023-10-20 14:00:00+00:00,2023-10-21 03:55:00+00:00,2023-10-21 04:25:00+00:00,True
SEZHUK-231019-254392,CAUK000428,Tractor Unit,Curtain-Side 13.6M Trailer,PR7 7NA,RM19 1ND,53.686775,-2.672518,51.480755,0.261461,2023-10-20 18:00:00+00:00,2023-10-20 20:00:00+00:00,2023-10-21 10:00:00+00:00,2023-10-21 12:00:00+00:00,True
SEZHUK-231019-254407,CAUK000034,Tractor Unit,Curtain-Side 13.6M Trailer,S80 3FY,DA1 5PR,53.293393,-1.074008,51.455418,0.242926,2023-10-23 06:00:00+00:00,2023-10-23 06:59:00+00:00,2023-10-23 12:55:00+00:00,2023-10-23 13:25:00+00:00,True
SEZHUK-231019-254408,CAUK000894,Tractor Unit,Curtain-Side 13.6M Trailer,PE29 2XR,EH54 8QX,52.315672,-0.157664,55.896335,-3.53565,2023-10-20 16:00:00+00:00,2023-10-20 16:56:00+00:00,2023-10-23 08:25:00+00:00,2023-10-23 08:55:00+00:00,True
SEZHUK-231019-254410,CAUK000770,Tractor Unit,Curtain-Side 13.6M Trailer,S80 3FY,EN11 0EZ,53.293393,-1.074008,51.766224,0.009545,2023-10-23 06:00:00+00:00,2023-10-23 06:30:00+00:00,2023-10-23 09:55:00+00:00,2023-10-23 10:25:00+00:00,True
SEZHUK-231019-254411,CAUK000310,Tractor Unit,Curtain-Side 13.6M Trailer,ST4 4FA,DOR,52.983393,-2.181287,51.652559,-3.022083,2023-10-21 19:00:00+00:00,2023-10-21 19:30:00+00:00,2023-10-21 21:30:00+00:00,2023-10-21 22:00:00+00:00,True
SEZHUK-231019-254430,CAUK000912,3.5T Van,Box,S35 2PW,LS27 0FU,53.476537,-1.471065,53.734398,-1.604189,2023-10-28 03:15:00+00:00,2023-10-28 03:45:00+00:00,2023-10-28 05:00:00+00:00,2023-10-28 05:30:00+00:00,True
SEZHUK-231019-254448,CAUK000912,3.5T Van,Box,S35 2PW,LS27 0FU,53.476537,-1.471065,53.734398,-1.604189,2023-10-24 03:15:00+00:00,2023-10-24 03:45:00+00:00,2023-10-24 05:00:00+00:00,2023-10-24 05:30:00+00:00,True
SEZHUK-231019-254450,CAUK000912,3.5T Van,Box,S35 2PW,LE3 8DX,53.476537,-1.471065,52.641456,-1.216005,2023-10-24 00:30:00+00:00,2023-10-24 01:00:00+00:00,2023-10-24 03:00:00+00:00,2023-10-24 03:30:00+00:00,True
SEZHUK-231019-254451,CAUK000912,3.5T Van,Box,S35 2PW,LE3 8DX,53.476537,-1.471065,52.641456,-1.216005,2023-10-28 00:30:00+00:00,2023-10-28 01:00:00+00:00,2023-10-28 03:00:00+00:00,2023-10-28 03:30:00+00:00,True
SEZHUK-231019-254458,CAUK000912,3.5T Van,Box,S35 2PW,LS27 0FU,53.476537,-1.471065,53.734398,-1.604189,2023-10-29 03:15:00+00:00,2023-10-29 03:45:00+00:00,2023-10-29 05:00:00+00:00,2023-10-29 05:30:00+00:00,True
SEZHUK-231019-254479,CAUK000912,3.5T Van,Box,S35 2PW,LS27 0FU,53.476537,-1.471065,53.734398,-1.604189,2023-10-23 03:15:00+00:00,2023-10-23 03:45:00+00:00,2023-10-23 05:00:00+00:00,2023-10-23 05:30:00+00:00,True
SEZHUK-231019-254493,CAUK000912,3.5T Van,Box,S35 2PW,LE3 8DX,53.476537,-1.471065,52.641456,-1.216005,2023-10-23 00:30:00+00:00,2023-10-23 01:00:00+00:00,2023-10-23 03:00:00+00:00,2023-10-23 03:30:00+00:00,True
SEZHUK-231019-254496,CAUK000912,3.5T Van,Box,S35 2PW,LS27 0FU,53.476537,-1.471065,53.734398,-1.604189,2023-10-27 03:15:00+00:00,2023-10-27 03:45:00+00:00,2023-10-27 05:00:00+00:00,2023-10-27 05:30:00+00:00,True
SEZHUK-231019-254506,CAUK000912,3.5T Van,Box,S35 2PW,LE3 8DX,53.476537,-1.471065,52.641456,-1.216005,2023-10-27 00:30:00+00:00,2023-10-27 01:00:00+00:00,2023-10-27 03:00:00+00:00,2023-10-27 03:30:00+00:00,True
SEZHUK-231019-254521,CAUK000912,3.5T Van,Box,S35 2PW,LE3 8DX,53.476537,-1.471065,52.641456,-1.216005,2023-10-26 00:30:00+00:00,2023-10-26 01:00:00+00:00,2023-10-26 03:00:00+00:00,2023-10-26 03:30:00+00:00,True
SEZHUK-231019-254525,CAUK000912,3.5T Van,Box,S35 2PW,LS27 0FU,53.476537,-1.471065,53.734398,-1.604189,2023-10-25 03:15:00+00:00,2023-10-25 03:45:00+00:00,2023-10-25 05:00:00+00:00,2023-10-25 05:30:00+00:00,True
SEZHUK-231019-254528,CAUK000912,3.5T Van,Box,S35 2PW,LE3 8DX,53.476537,-1.471065,52.641456,-1.216005,2023-10-25 00:30:00+00:00,2023-10-25 01:00:00+00:00,2023-10-25 03:00:00+00:00,2023-10-25 03:30:00+00:00,True
SEZHUK-231019-254541,CAUK000912,3.5T Van,Box,BD5 8LZ,LE3 8DX,53.766832,-1.740516,52.641456,-1.216005,2023-10-25 00:30:00+00:00,2023-10-25 01:00:00+00:00,2023-10-25 02:30:00+00:00,2023-10-25 03:00:00+00:00,False
SEZHUK-231019-254542,CAUK000912,3.5T Van,Box,S35 2PW,LS27 0FU,53.476537,-1.471065,53.734398,-1.604189,2023-10-26 03:15:00+00:00,2023-10-26 03:45:00+00:00,2023-10-26 05:00:00+00:00,2023-10-26 05:30:00+00:00,True
SEZHUK-231019-254545,CAUK000912,3.5T Van,Box,BD5 8LZ,LE3 8DX,53.766832,-1.740516,52.641456,-1.216005,2023-10-28 00:30:00+00:00,2023-10-28 01:00:00+00:00,2023-10-28 02:30:00+00:00,2023-10-28 03:00:00+00:00,False
SEZHUK-231019-254548,CAUK000912,3.5T Van,Box,BD5 8LZ,LE3 8DX,53.766832,-1.740516,52.641456,-1.216005,2023-10-27 00:30:00+00:00,2023-10-27 01:00:00+00:00,2023-10-27 02:30:00+00:00,2023-10-27 03:00:00+00:00,False
SEZHUK-231019-254555,CAUK000912,3.5T Van,Box,BD5 8LZ,LE3 8DX,53.766832,-1.740516,52.641456,-1.216005,2023-10-26 00:30:00+00:00,2023-10-26 01:00:00+00:00,2023-10-26 02:30:00+00:00,2023-10-26 03:00:00+00:00,False
SEZHUK-231019-254563,CAUK000993,Tractor Unit,Curtain-Side 13.6M Trailer,S80 3FY,RG2 0PN,53.293393,-1.074008,51.419654,-0.973301,2023-10-20 16:00:00+00:00,2023-10-20 16:59:00+00:00,2023-10-21 00:55:00+00:00,2023-10-21 01:25:00+00:00,True
SEZHUK-231019-254595,CAUK000863,Tractor Unit,Curtain-Side 13.6M Trailer,S80 3FY,LU5 4RZ,53.293393,-1.074008,51.895243,-0.518813,2023-10-22 16:00:00+00:00,2023-10-22 16:59:00+00:00,2023-10-23 05:55:00+00:00,2023-10-23 06:25:00+00:00,True
SEZHUK-231019-254604,CAUK000883,Tractor Unit,Curtain-Side 13.6M Trailer,S80 3FY,CM19 5BD,53.293393,-1.074008,51.762509,0.053285,2023-10-23 10:00:00+00:00,2023-10-23 10:59:00+00:00,2023-10-23 17:10:00+00:00,2023-10-23 17:40:00+00:00,False
SEZHUK-231019-254609,CAUK001028,Tractor Unit,Curtain-Side 13.6M Trailer,DE14 2WT,PE7 3AG,52.800481,-1.663328,52.53299,-0.30723,2023-10-20 12:00:00+00:00,2023-10-20 12:30:00+00:00,2023-10-23 07:30:00+00:00,2023-10-23 08:00:00+00:00,True
SEZHUK-231019-254615,CAUK000863,Tractor Unit,Curtain-Side 13.6M Trailer,S80 3FY,UB6 0AA,53.293393,-1.074008,51.542359,-0.344091,2023-10-22 11:00:00+00:00,2023-10-22 11:59:00+00:00,2023-10-23 10:55:00+00:00,2023-10-23 11:25:00+00:00,True
SEZHUK-231019-254715,CAUK000876,Tractor Unit,Curtain-Side 13.6M Trailer,B46 1TT,BT26 6JJ,52.524545,-1.712207,54.474078,-6.104285,2023-11-16 14:00:00+00:00,2023-11-16 14:30:00+00:00,2023-11-17 07:30:00+00:00,2023-11-17 08:00:00+00:00,False
SEZHUK-231019-254716,CAUK000876,Tractor Unit,Curtain-Side 13.6M Trailer,B46 1TT,BT26 6JJ,52.524545,-1.712207,54.474078,-6.104285,2023-11-23 14:00:00+00:00,2023-11-23 14:30:00+00:00,2023-11-24 07:30:00+00:00,2023-11-24 08:00:00+00:00,True
SEZHUK-231020-254724,CAUK000854,Tractor Unit,Curtain-Side 13.6M Trailer,DG16 5HT,CO16 9DN,55.003467,-3.042858,51.848642,1.119153,2023-10-23 06:00:00+00:00,2023-10-23 14:00:00+00:00,2023-10-24 08:00:00+00:00,2023-10-24 15:59:00+00:00,True
SEZHUK-231020-254725,CAUK000854,Tractor Unit,Curtain-Side 13.6M Trailer,DG16 5HT,NN12 8FU,55.003467,-3.042858,52.072268,-1.02918,2023-10-23 06:00:00+00:00,2023-10-23 14:00:00+00:00,2023-10-24 11:31:00+00:00,2023-10-24 11:59:00+00:00,True
SEZHUK-231020-254729,CAUK000770,Tractor Unit,Curtain-Side 13.6M Trailer,DN3 3FG,CV5 9DQ,53.537133,-1.037405,52.435113,-1.554438,2023-10-24 06:00:00+00:00,2023-10-24 18:00:00+00:00,2023-10-25 08:32:00+00:00,2023-10-25 09:00:00+00:00,False
SEZHUK-231020-254730,CAUK000192,Tractor Unit,Curtain-Side 13.6M Trailer,DN8 5TE,NP12 0PJ,53.566639,-0.919839,51.667325,-3.190283,2023-10-23 06:00:00+00:00,2023-10-23 14:00:00+00:00,2023-10-24 08:00:00+00:00,2023-10-24 15:59:00+00:00,True
SEZHUK-231020-254769,CAUK000912,3.5T Van,Box,S35 2PW,LE3 8DX,53.476537,-1.471065,52.641456,-1.216005,2023-10-29 00:30:00+00:00,2023-10-29 01:00:00+00:00,2023-10-29 03:00:00+00:00,2023-10-29 03:30:00+00:00,True
SEZHUK-231020-254789,CAUK000863,Tractor Unit,Curtain-Side 13.6M Trailer,DN3 3FG,HP5 1QJ,53.537133,-1.037405,51.692773,-0.592602,2023-10-24 06:00:00+00:00,2023-10-24 18:00:00+00:00,2023-10-25 08:00:00+00:00,2023-10-25 14:59:00+00:00,True
SEZHUK-231020-254799,CAUK000222,Tractor Unit,Curtain-Side 13.6M Trailer,BS35 4GG,BS11 9BT,51.55257,-2.65344,51.511084,-2.703002,2023-10-23 09:00:00+00:00,2023-10-23 09:30:00+00:00,2023-10-23 15:30:00+00:00,2023-10-23 16:00:00+00:00,True
SEZHUK-231020-254801,CAUK000096,Tractor Unit,Curtain-Side 13.6M Trailer,PL7 5JY,BS11 9BT,50.38645,-4.020841,51.511084,-2.703002,2023-10-23 14:00:00+00:00,2023-10-23 14:30:00+00:00,2023-10-24 15:30:00+00:00,2023-10-24 16:00:00+00:00,True
SEZHUK-231020-254818,CAUK000863,Tractor Unit,Curtain-Side 13.6M Trailer,DE14 2WT,LS13 4LQ,52.800481,-1.663328,53.804746,-1.649678,2023-10-23 14:00:00+00:00,2023-10-23 14:30:00+00:00,2023-10-24 08:00:00+00:00,2023-10-24 12:00:00+00:00,True
SEZHUK-231020-254831,CAUK001069,Tractor Unit,Temperature-Controlled,HU70 0YW,NN6 7SL,53.776502,-0.336721,52.349274,-1.149793,2023-10-24 22:30:00+00:00,2023-10-24 23:30:00+00:00,2023-10-25 02:45:00+00:00,2023-10-25 03:15:00+00:00,True
SEZHUK-231020-254843,CAUK000279,Tractor Unit,Curtain-Side 13.6M Trailer,DE12 8AA,NN15 5YT,52.690284,-1.548894,52.370504,-0.684925,2023-10-23 14:00:00+00:00,2023-10-23 15:00:00+00:00,2023-10-24 05:50:00+00:00,2023-10-24 06:20:00+00:00,True
SEZHUK-231020-254866,CAUK001009,3.5T Van,LWB Van,CA3 0EH,DE74 2TR,54.922111,-2.957338,52.829374,-1.332134,2023-10-31 16:45:00+00:00,2023-10-31 17:45:00+00:00,2023-10-31 21:10:00+00:00,2023-10-31 22:10:00+00:00,True
SEZHUK-231020-254867,CAUK000863,Tractor Unit,Curtain-Side 13.6M Trailer,L11 0JA,DE72 2HP,53.462845,-2.896967,52.867015,-1.314862,2023-10-23 14:00:00+00:00,2023-10-23 14:01:00+00:00,2023-10-24 04:55:00+00:00,2023-10-24 05:25:00+00:00,True
SEZHUK-231020-254869,CAUK001022,3.5T Van,LWB Van,SL3 0BB,E1W 2DA,51.470809,-0.514738,51.508022,-0.05711,2023-11-02 05:45:00+00:00,2023-11-02 06:45:00+00:00,2023-11-02 07:15:00+00:00,2023-11-02 08:15:00+00:00,True
SEZHUK-231020-254872,CAUK001009,3.5T Van,LWB Van,EN1 1TX,DE74 2TR,51.650981,-0.054718,52.826322,-1.348973,2023-10-31 16:15:00+00:00,2023-10-31 17:15:00+00:00,2023-10-31 19:45:00+00:00,2023-10-31 20:00:00+00:00,True
SEZHUK-231020-254882,CAUK001009,3.5T Van,LWB Van,NP10 9DQ,DE74 2TR,51.582459,-3.043825,52.829374,-1.332134,2023-11-03 17:50:00+00:00,2023-11-03 18:50:00+00:00,2023-11-03 21:30:00+00:00,2023-11-03 22:30:00+00:00,True
SEZHUK-231020-254887,CAUK001022,3.5T Van,LWB Van,E1W 2DA,SL3 0BB,51.508022,-0.05711,51.470809,-0.514738,2023-10-30 19:05:00+00:00,2023-10-30 20:05:00+00:00,2023-10-30 20:05:00+00:00,2023-10-30 21:05:00+00:00,True
SEZHUK-231020-254890,CAUK000349,Tractor Unit,Curtain-Side 13.6M Trailer,L11 0JA,EN11 0EZ,53.462845,-2.896967,51.766224,0.009545,2023-10-23 13:00:00+00:00,2023-10-23 13:01:00+00:00,2023-10-24 08:55:00+00:00,2023-10-24 09:25:00+00:00,True
SEZHUK-231020-254900,CAUK001024,3.5T Van,LWB Van,CO4 9QJ,CM22 7FD,51.920887,0.927015,51.869555,0.216885,2023-11-01 15:30:00+00:00,2023-11-01 16:30:00+00:00,2023-11-01 19:00:00+00:00,2023-11-01 20:00:00+00:00,True
SEZHUK-231020-254904,CAUK001009,3.5T Van,LWB Van,SE14 5RW,DE74 2TR,51.507218,-0.127586,52.826322,-1.348973,2023-10-31 15:30:00+00:00,2023-10-31 16:30:00+00:00,2023-10-31 19:45:00+00:00,2023-10-31 20:00:00+00:00,True
SEZHUK-231020-254906,CAUK001022,3.5T Van,LWB Van,SL3 0BB,E1W 2DA,51.470809,-0.514738,51.508022,-0.05711,2023-11-03 05:45:00+00:00,2023-11-03 06:45:00+00:00,2023-11-03 07:15:00+00:00,2023-11-03 08:15:00+00:00,True
SEZHUK-231020-254910,CAUK001022,3.5T Van,LWB Van,SL3 0BB,E1W 2DA,51.470809,-0.514738,51.508022,-0.05711,2023-10-31 05:45:00+00:00,2023-10-31 06:45:00+00:00,2023-10-31 07:15:00+00:00,2023-10-31 08:15:00+00:00,True
SEZHUK-231020-254912,CAUK001022,3.5T Van,LWB Van,E1W 2DA,SL3 0BB,51.508022,-0.05711,51.470809,-0.514738,2023-11-02 19:05:00+00:00,2023-11-02 20:05:00+00:00,2023-11-02 20:05:00+00:00,2023-11-02 21:05:00+00:00,True
SEZHUK-231020-254913,CAUK001022,3.5T Van,LWB Van,SL3 0BB,E1W 2DA,51.470809,-0.514738,51.508022,-0.05711,2023-11-01 05:45:00+00:00,2023-11-01 06:45:00+00:00,2023-11-01 07:15:00+00:00,2023-11-01 08:15:00+00:00,True
SEZHUK-231020-254927,CAUK001009,3.5T Van,LWB Van,BS32 0BF,DE74 2TR,51.54695,-2.551256,52.829374,-1.332134,2023-11-01 15:15:00+00:00,2023-11-01 16:15:00+00:00,2023-11-01 19:30:00+00:00,2023-11-01 20:30:00+00:00,True
SEZHUK-231020-254928,CAUK001022,3.5T Van,LWB Van,E1W 2DA,SL3 0BB,51.508022,-0.05711,51.470809,-0.514738,2023-11-01 19:05:00+00:00,2023-11-01 20:05:00+00:00,2023-11-01 20:05:00+00:00,2023-11-01 21:05:00+00:00,True
SEZHUK-231020-254931,CAUK001009,3.5T Van,LWB Van,CA3 0EH,DE74 2TR,54.922111,-2.957338,52.829374,-1.332134,2023-11-03 16:45:00+00:00,2023-11-03 17:45:00+00:00,2023-11-03 21:10:00+00:00,2023-11-03 22:10:00+00:00,True
SEZHUK-231020-254932,CAUK001022,3.5T Van,LWB Van,E1W 2DA,SL3 0BB,51.508022,-0.05711,51.470809,-0.514738,2023-11-03 19:05:00+00:00,2023-11-03 20:05:00+00:00,2023-11-03 20:05:00+00:00,2023-11-03 21:05:00+00:00,True
SEZHUK-231020-254938,CAUK001022,3.5T Van,LWB Van,E1W 2DA,SL3 0BB,51.508022,-0.05711,51.470809,-0.514738,2023-10-31 19:05:00+00:00,2023-10-31 20:05:00+00:00,2023-10-31 20:05:00+00:00,2023-10-31 21:05:00+00:00,True
SEZHUK-231020-254942,CAUK001009,3.5T Van,LWB Van,DE74 2TR,L24 8RF,52.829374,-1.332134,53.349124,-2.876108,2023-10-31 04:45:00+00:00,2023-10-31 05:45:00+00:00,2023-10-31 09:00:00+00:00,2023-10-31 10:00:00+00:00,True
SEZHUK-231020-254943,CAUK000770,Tractor Unit,Curtain-Side 13.6M Trailer,S80 3FY,EN9 3BZ,53.293393,-1.074008,51.679126,-0.001579,2023-10-24 05:00:00+00:00,2023-10-24 05:59:00+00:00,2023-10-24 11:55:00+00:00,2023-10-24 12:25:00+00:00,True
SEZHUK-231020-254948,CAUK000863,Tractor Unit,Curtain-Side 13.6M Trailer,S80 3FY,RG2 0PN,53.293393,-1.074008,51.419654,-0.973301,2023-10-23 12:30:00+00:00,2023-10-23 13:00:00+00:00,2023-10-24 05:55:00+00:00,2023-10-24 06:25:00+00:00,True
SEZHUK-231020-254949,CAUK000863,Tractor Unit,Curtain-Side 13.6M Trailer,DN11 9HE,CF3 2GJ,53.437296,-1.068189,51.50328,-3.109119,2023-10-23 14:00:00+00:00,2023-10-23 14:59:00+00:00,2023-10-24 09:55:00+00:00,2023-10-24 10:25:00+00:00,False
SEZHUK-231020-254950,CAUK001009,3.5T Van,LWB Van,DE74 2TR,CO4 9QJ,52.829374,-1.332134,51.920887,0.927015,2023-11-01 04:50:00+00:00,2023-11-01 05:50:00+00:00,2023-11-01 08:50:00+00:00,2023-11-01 09:50:00+00:00,True
SEZHUK-231020-254960,CAUK001009,3.5T Van,LWB Van,DE74 2TR,RG2 0RP,52.829374,-1.332134,51.432237,-0.984601,2023-11-01 04:00:00+00:00,2023-11-01 05:00:00+00:00,2023-11-01 07:45:00+00:00,2023-11-01 08:45:00+00:00,True
SEZHUK-231020-254966,CAUK001009,3.5T Van,LWB Van,BS32 0BF,DE74 2TR,51.54695,-2.551256,52.829374,-1.332134,2023-11-02 15:15:00+00:00,2023-11-02 16:15:00+00:00,2023-11-02 19:30:00+00:00,2023-11-02 20:30:00+00:00,True
SEZHUK-231020-254971,CAUK001009,3.5T Van,LWB Van,DE74 2TR,RG2 0RP,52.829374,-1.332134,51.432237,-0.984601,2023-11-02 04:00:00+00:00,2023-11-02 05:00:00+00:00,2023-11-02 07:45:00+00:00,2023-11-02 08:45:00+00:00,True
SEZHUK-231020-254973,CAUK001009,3.5T Van,LWB Van,CO4 9QJ,DE74 2TR,51.920887,0.927015,52.829374,-1.332134,2023-11-01 17:30:00+00:00,2023-11-01 18:30:00+00:00,2023-11-01 21:10:00+00:00,2023-11-01 22:10:00+00:00,True
SEZHUK-231020-254975,CAUK001009,3.5T Van,LWB Van,DE74 2TR,EN1 1TX,52.829374,-1.332134,51.650981,-0.054718,2023-10-31 04:50:00+00:00,2023-10-31 05:50:00+00:00,2023-10-31 08:20:00+00:00,2023-10-31 09:20:00+00:00,True
SEZHUK-231020-254976,CAUK001009,3.5T Van,LWB Van,DE74 2TR,EN1 1TX,52.829374,-1.332134,51.650981,-0.054718,2023-11-03 04:45:00+00:00,2023-11-03 05:45:00+00:00,2023-11-03 08:15:00+00:00,2023-11-03 09:15:00+00:00,True
SEZHUK-231020-254980,CAUK001009,3.5T Van,LWB Van,NE11 0JY,DE74 2TR,54.922706,-1.607332,52.829374,-1.332134,2023-11-02 17:25:00+00:00,2023-11-02 18:25:00+00:00,2023-11-02 21:10:00+00:00,2023-11-02 22:10:00+00:00,True
SEZHUK-231020-254982,CAUK001009,3.5T Van,LWB Van,DE74 2TR,RG2 0RP,52.829374,-1.332134,51.432237,-0.984601,2023-11-03 04:00:00+00:00,2023-11-03 05:00:00+00:00,2023-11-03 07:45:00+00:00,2023-11-03 08:45:00+00:00,True
SEZHUK-231020-254985,CAUK001009,3.5T Van,LWB Van,DE74 2TR,EN1 1TX,52.829374,-1.332134,51.650981,-0.054718,2023-10-31 04:45:00+00:00,2023-10-31 05:45:00+00:00,2023-10-31 08:15:00+00:00,2023-10-31 09:15:00+00:00,True
SEZHUK-231020-255000,CAUK001009,3.5T Van,LWB Van,NP10 9DQ,DE74 2TR,51.582459,-3.043825,52.829374,-1.332134,2023-11-04 08:30:00+00:00,2023-11-04 09:30:00+00:00,2023-11-04 12:30:00+00:00,2023-11-04 13:30:00+00:00,True
SEZHUK-231020-255003,CAUK000386,Tractor Unit,Curtain-Side 13.6M Trailer,CM12 9SJ,CV2 2TA,51.598173,0.393324,52.430911,-1.429058,2023-10-23 09:00:00+00:00,2023-10-23 10:00:00+00:00,2023-10-23 11:00:00+00:00,2023-10-23 12:00:00+00:00,False
SEZHUK-231020-255007,CAUK001009,3.5T Van,LWB Van,SE14 5RW,DE74 2TR,51.507218,-0.127586,52.826322,-1.348973,2023-10-30 15:30:00+00:00,2023-10-30 16:30:00+00:00,2023-10-30 20:00:00+00:00,2023-10-30 21:00:00+00:00,True
SEZHUK-231020-255010,CAUK000386,Tractor Unit,Curtain-Side 13.6M Trailer,IP27 0NZ,CV2 2TA,52.437964,0.610258,52.430911,-1.429058,2023-10-23 09:00:00+00:00,2023-10-23 10:00:00+00:00,2023-10-23 11:00:00+00:00,2023-10-23 12:00:00+00:00,False
SEZHUK-231020-255014,CAUK000280,Tractor Unit,Curtain-Side 13.6M Trailer,WN4 8DE,LE19 1WY,53.501398,-2.64202,52.601991,-1.190434,2023-10-20 15:00:00+00:00,2023-10-20 15:30:00+00:00,2023-10-20 22:30:00+00:00,2023-10-20 23:00:00+00:00,True
SEZHUK-231020-255016,CAUK000435,Tractor Unit,Temperature-Controlled,PE15 0UW,RG21 6AB,52.51939,-0.000971,51.269448,-1.103727,2023-10-27 01:30:00+00:00,2023-10-27 02:30:00+00:00,2023-10-27 06:30:00+00:00,2023-10-27 07:30:00+00:00,True
SEZHUK-231020-255020,CAUK000863,Tractor Unit,Curtain-Side 13.6M Trailer,S80 3FY,IP33 2JG,53.293393,-1.074008,52.236599,0.717008,2023-10-23 14:00:00+00:00,2023-10-23 14:59:00+00:00,2023-10-24 07:55:00+00:00,2023-10-24 08:25:00+00:00,True
SEZHUK-231020-255024,CAUK000863,Tractor Unit,Curtain-Side 13.6M Trailer,S80 3FY,OX16 2AA,53.293393,-1.074008,52.081463,-1.329055,2023-10-23 16:00:00+00:00,2023-10-23 16:59:00+00:00,2023-10-24 08:25:00+00:00,2023-10-24 08:55:00+00:00,False
SEZHUK-231020-255029,CAUK000565,Tractor Unit,Curtain-Side 13.6M Trailer,PE29 2XR,CF31 3PH,52.315672,-0.157664,51.490776,-3.550666,2023-10-23 13:00:00+00:00,2023-10-23 14:00:00+00:00,2023-10-24 06:55:00+00:00,2023-10-24 07:25:00+00:00,True
SEZHUK-231020-255069,CAUK000896,Tractor Unit,Curtain-Side 13.6M Trailer,L11 0JA,SN3 4AL,53.462845,-2.896967,51.595609,-1.740718,2023-10-23 13:00:00+00:00,2023-10-23 13:01:00+00:00,2023-10-24 09:55:00+00:00,2023-10-24 10:25:00+00:00,True
SEZHUK-231020-255072,CAUK000155,Tractor Unit,Curtain-Side 13.6M Trailer,L11 0JA,ME11 5AR,53.462845,-2.896967,51.411125,0.752907,2023-10-23 16:00:00+00:00,2023-10-23 16:01:00+00:00,2023-10-24 11:55:00+00:00,2023-10-24 12:25:00+00:00,True
SEZHUK-231020-255078,CAUK000116,Tractor Unit,Curtain-Side 13.6M Trailer,DE56 2JR,BS35 3UT,53.064651,-1.457448,51.6022,-2.521251,2023-12-19 14:00:00+00:00,2023-12-19 14:30:00+00:00,2023-12-20 05:30:00+00:00,2023-12-20 06:00:00+00:00,False
SEZHUK-231020-255079,CAUK000940,Tractor Unit,Curtain-Side 13.6M Trailer,DE56 2JR,CW1 6FB,53.064651,-1.457448,53.087056,-2.416485,2023-12-19 22:00:00+00:00,2023-12-19 22:30:00+00:00,2023-12-20 05:30:00+00:00,2023-12-20 06:00:00+00:00,False
SEZHUK-231020-255080,CAUK000940,Tractor Unit,Curtain-Side 13.6M Trailer,DE56 2JR,EN3 7QP,53.064651,-1.457448,51.6596,-0.023079,2023-12-19 23:00:00+00:00,2023-12-19 23:30:00+00:00,2023-12-20 03:00:00+00:00,2023-12-20 03:30:00+00:00,True
SEZHUK-231020-255082,CAUK000940,Tractor Unit,Curtain-Side 13.6M Trailer,DE56 2JR,HP2 7PZ,53.064651,-1.457448,51.768864,-0.433083,2023-12-19 19:00:00+00:00,2023-12-19 19:30:00+00:00,2023-12-20 03:00:00+00:00,2023-12-20 03:30:00+00:00,True
SEZHUK-231020-255162,CAUK000222,Tractor Unit,Curtain-Side 13.6M Trailer,M28 2LX,LE19 1WY,53.514337,-2.355945,52.601991,-1.190434,2023-10-23 10:00:00+00:00,2023-10-23 10:30:00+00:00,2023-10-23 16:30:00+00:00,2023-10-23 17:00:00+00:00,True
SEZHUK-231020-255172,CAUK000814,Tractor Unit,Box 44ft,BD5 8LZ,RG19 4BQ,53.763771,-1.739326,51.398851,-1.231993,2023-10-21 20:00:00+00:00,2023-10-21 21:40:01+00:00,2023-10-22 07:00:00+00:00,2023-10-22 09:45:01+00:00,True
SEZHUK-231021-255191,CAUK000854,Tractor Unit,Curtain-Side 13.6M Trailer,L11 0JA,EH54 8QX,53.462845,-2.896967,55.896335,-3.53565,2023-10-23 09:00:00+00:00,2023-10-23 09:30:00+00:00,2023-10-23 14:45:00+00:00,2023-10-23 15:00:00+00:00,True
SEZHUK-231021-255202,CAUK000295,Tractor Unit,Box 44ft,G68 9LB,G67 2XN,55.932081,-4.058684,55.936846,-3.986042,2023-10-22 09:00:00+00:00,2023-10-22 10:40:01+00:00,2023-10-22 10:51:00+00:00,2023-10-22 12:21:01+00:00,True
SEZHUK-231021-255217,CAUK000514,Tractor Unit,Box 44ft,SN3 4TT,ST4 4DG,51.602351,-1.733719,52.989325,-2.190387,2023-10-22 15:00:00+00:00,2023-10-22 16:40:01+00:00,2023-10-22 19:13:00+00:00,2023-10-22 19:13:01+00:00,True
SEZHUK-231021-255266,CAUK000766,Tractor Unit,Box 44ft,BD5 8LZ,HP2 7PZ,53.763771,-1.739326,51.771839,-0.439712,2023-10-22 01:20:00+00:00,2023-10-22 03:00:01+00:00,2023-10-22 07:51:00+00:00,2023-10-22 09:51:01+00:00,True
SEZHUK-231021-255272,CAUK000435,Tractor Unit,Box 44ft,BD5 8LZ,EN3 7QP,53.763771,-1.739326,51.659325,-0.021793,2023-10-22 01:01:00+00:00,2023-10-22 02:41:01+00:00,2023-10-22 07:29:00+00:00,2023-10-22 09:29:01+00:00,True
SEZHUK-231022-255362,CAUK000766,Tractor Unit,Box 44ft,BD5 8LZ,HP2 7PZ,53.763771,-1.739326,51.771839,-0.439712,2023-10-24 01:40:00+00:00,2023-10-24 03:20:01+00:00,2023-10-24 08:11:00+00:00,2023-10-24 11:06:01+00:00,True
SEZHUK-231022-255366,CAUK000863,Tractor Unit,Box 44ft,BD5 8LZ,HP2 7PZ,53.763771,-1.739326,51.771839,-0.439712,2023-10-25 15:20:00+00:00,2023-10-25 17:00:01+00:00,2023-10-26 06:00:00+00:00,2023-10-26 08:56:01+00:00,False
SEZHUK-231022-255368,CAUK000660,Tractor Unit,Box 44ft,BD5 8LZ,HP2 7PZ,53.763771,-1.739326,51.771839,-0.439712,2023-10-26 15:20:00+00:00,2023-10-26 17:00:01+00:00,2023-10-27 06:00:00+00:00,2023-10-27 08:56:01+00:00,True
SEZHUK-231022-255372,CAUK000766,Tractor Unit,Box 44ft,BD5 8LZ,HP2 7PZ,53.763771,-1.739326,51.771839,-0.439712,2023-10-26 01:40:00+00:00,2023-10-26 03:20:01+00:00,2023-10-26 08:11:00+00:00,2023-10-26 11:06:01+00:00,True
SEZHUK-231022-255375,CAUK000766,Tractor Unit,Box 44ft,BD5 8LZ,HP2 7PZ,53.763771,-1.739326,51.771839,-0.439712,2023-10-25 01:40:00+00:00,2023-10-25 03:20:01+00:00,2023-10-25 08:11:00+00:00,2023-10-25 11:06:01+00:00,True
SEZHUK-231022-255382,CAUK000435,Tractor Unit,Box 44ft,BD5 8LZ,EN3 7QP,53.763771,-1.739326,51.659325,-0.021793,2023-10-24 01:40:00+00:00,2023-10-24 03:20:01+00:00,2023-10-24 07:23:00+00:00,2023-10-24 11:03:01+00:00,True
SEZHUK-231022-255383,CAUK000435,Tractor Unit,Box 44ft,BD5 8LZ,EN3 7QP,53.763771,-1.739326,51.659325,-0.021793,2023-10-25 01:40:00+00:00,2023-10-25 03:20:01+00:00,2023-10-25 07:23:00+00:00,2023-10-25 11:03:01+00:00,True
SEZHUK-231022-255384,CAUK000435,Tractor Unit,Box 44ft,BD5 8LZ,EN3 7QP,53.763771,-1.739326,51.659325,-0.021793,2023-10-26 01:40:00+00:00,2023-10-26 03:20:01+00:00,2023-10-26 07:23:00+00:00,2023-10-26 11:03:01+00:00,True
SEZHUK-231022-255385,CAUK000435,Tractor Unit,Box 44ft,BD5 8LZ,EN3 7QP,53.763771,-1.739326,51.659325,-0.021793,2023-10-27 01:40:00+00:00,2023-10-27 03:20:01+00:00,2023-10-27 07:23:00+00:00,2023-10-27 11:03:01+00:00,True
SEZHUK-231022-255387,CAUK000618,Tractor Unit,Box 44ft,BD5 8LZ,BS35 3UT,53.763771,-1.739326,51.602415,-2.522567,2023-10-26 02:20:00+00:00,2023-10-26 04:00:01+00:00,2023-10-26 09:15:00+00:00,2023-10-26 13:22:01+00:00,True
SEZHUK-231022-255389,CAUK000435,Tractor Unit,Box 44ft,BD5 8LZ,EN3 7QP,53.763771,-1.739326,51.659325,-0.021793,2023-10-28 01:40:00+00:00,2023-10-28 03:20:01+00:00,2023-10-28 07:23:00+00:00,2023-10-28 11:03:01+00:00,True
SEZHUK-231022-255391,CAUK000618,Tractor Unit,Box 44ft,BD5 8LZ,BS35 3UT,53.763771,-1.739326,51.602415,-2.522567,2023-10-25 02:20:00+00:00,2023-10-25 04:00:01+00:00,2023-10-25 09:15:00+00:00,2023-10-25 13:22:01+00:00,True
SEZHUK-231022-255393,CAUK000766,Tractor Unit,Box 44ft,BD5 8LZ,HP2 7PZ,53.763771,-1.739326,51.771839,-0.439712,2023-10-28 01:40:00+00:00,2023-10-28 03:20:01+00:00,2023-10-28 08:11:00+00:00,2023-10-28 11:06:01+00:00,True
SEZHUK-231022-255394,CAUK000618,Tractor Unit,Box 44ft,BD5 8LZ,BS35 3UT,53.763771,-1.739326,51.602415,-2.522567,2023-10-27 02:20:00+00:00,2023-10-27 04:00:01+00:00,2023-10-27 09:15:00+00:00,2023-10-27 13:22:01+00:00,True
SEZHUK-231022-255396,CAUK000814,Tractor Unit,Box 44ft,BD5 8LZ,RG19 4BQ,53.763771,-1.739326,51.398851,-1.231993,2023-10-26 20:20:00+00:00,2023-10-26 22:00:01+00:00,2023-10-27 07:00:00+00:00,2023-10-27 10:41:01+00:00,True
SEZHUK-231022-255405,CAUK000766,Tractor Unit,Box 44ft,BD5 8LZ,RG19 4BQ,53.763771,-1.739326,51.398851,-1.231993,2023-10-28 02:20:00+00:00,2023-10-28 04:00:01+00:00,2023-10-28 09:37:00+00:00,2023-10-28 12:33:01+00:00,True
SEZHUK-231022-255413,CAUK000766,Tractor Unit,Box 44ft,BD5 8LZ,ME13 7TW,53.763771,-1.739326,51.328048,0.877608,2023-10-28 01:40:00+00:00,2023-10-28 03:20:01+00:00,2023-10-28 09:14:00+00:00,2023-10-28 12:10:01+00:00,True
SEZHUK-231022-255415,CAUK000618,Tractor Unit,Box 44ft,BD5 8LZ,BS35 3UT,53.763771,-1.739326,51.602415,-2.522567,2023-10-28 02:20:00+00:00,2023-10-28 04:00:01+00:00,2023-10-28 09:15:00+00:00,2023-10-28 13:22:01+00:00,True
SEZHUK-231022-255416,CAUK000618,Tractor Unit,Box 44ft,BD5 8LZ,BS35 3UT,53.763771,-1.739326,51.602415,-2.522567,2023-10-27 02:20:00+00:00,2023-10-27 04:00:01+00:00,2023-10-27 09:15:00+00:00,2023-10-27 13:22:01+00:00,True
SEZHUK-231022-255420,CAUK000766,Tractor Unit,Box 44ft,BD5 8LZ,RG19 4BQ,53.763771,-1.739326,51.398851,-1.231993,2023-10-24 02:20:00+00:00,2023-10-24 04:00:01+00:00,2023-10-24 09:37:00+00:00,2023-10-24 12:33:01+00:00,True
SEZHUK-231022-255422,CAUK000766,Tractor Unit,Box 44ft,BD5 8LZ,RG19 4BQ,53.763771,-1.739326,51.398851,-1.231993,2023-10-25 02:20:00+00:00,2023-10-25 04:00:01+00:00,2023-10-25 09:37:00+00:00,2023-10-25 12:33:01+00:00,True
SEZHUK-231022-255428,CAUK000766,Tractor Unit,Box 44ft,BD5 8LZ,ME13 7TW,53.763771,-1.739326,51.328048,0.877608,2023-10-26 01:40:00+00:00,2023-10-26 03:20:01+00:00,2023-10-26 09:14:00+00:00,2023-10-26 12:10:01+00:00,True
SEZHUK-231022-255437,CAUK000766,Tractor Unit,Box 44ft,BD5 8LZ,ME13 7TW,53.763771,-1.739326,51.328048,0.877608,2023-10-27 01:40:00+00:00,2023-10-27 03:20:01+00:00,2023-10-27 09:14:00+00:00,2023-10-27 12:10:01+00:00,True
SEZHUK-231022-255440,CAUK000766,Tractor Unit,Box 44ft,BD5 8LZ,ME13 7TW,53.763771,-1.739326,51.328048,0.877608,2023-10-27 01:40:00+00:00,2023-10-27 03:20:01+00:00,2023-10-27 09:14:00+00:00,2023-10-27 12:10:00+00:00,False
SEZHUK-231023-255521,CAUK000863,Tractor Unit,Curtain-Side 13.6M Trailer,DN8 5TE,B66 2EP,53.566639,-0.919839,52.5051,-1.958912,2023-10-24 06:00:00+00:00,2023-10-24 18:00:00+00:00,2023-10-25 07:32:00+00:00,2023-10-25 08:00:00+00:00,True
SEZHUK-231023-255537,CAUK000096,Tractor Unit,Curtain-Side 13.6M Trailer,BS35 4GG,BS11 9BT,51.55257,-2.65344,51.511084,-2.703002,2023-10-24 09:00:00+00:00,2023-10-24 09:30:00+00:00,2023-10-24 15:03:00+00:00,2023-10-24 15:33:00+00:00,False
SEZHUK-231023-255538,CAUK000096,Tractor Unit,Curtain-Side 13.6M Trailer,BS35 4GG,DY9 7DP,51.55257,-2.65344,52.457769,-2.122196,2023-10-24 09:00:00+00:00,2023-10-24 09:30:00+00:00,2023-10-24 15:03:00+00:00,2023-10-24 15:33:00+00:00,False
SEZHUK-231023-255561,CAUK000250,Tractor Unit,Curtain-Side 13.6M Trailer,S80 3FY,ASHBOURNE,53.293393,-1.074008,53.52341,-6.410445,2023-10-24 06:00:00+00:00,2023-10-24 06:59:00+00:00,2023-10-26 06:55:00+00:00,2023-10-26 07:25:00+00:00,True
SEZHUK-231023-255569,CAUK000155,Tractor Unit,Curtain-Side 13.6M Trailer,L11 0JA,ME11 5AR,53.462845,-2.896967,51.411125,0.752907,2023-10-24 13:00:00+00:00,2023-10-24 13:01:00+00:00,2023-10-25 10:55:00+00:00,2023-10-25 11:25:00+00:00,True
SEZHUK-231023-255574,CAUK000250,Tractor Unit,Curtain-Side 13.6M Trailer,S80 3FY,DONABATE,53.293393,-1.074008,53.483755,-6.13869,2023-10-24 08:00:00+00:00,2023-10-24 08:59:00+00:00,2023-10-26 15:55:00+00:00,2023-10-26 16:25:00+00:00,True
SEZHUK-231023-255577,CAUK000310,Tractor Unit,Curtain-Side 13.6M Trailer,DE14 2WT,HU14 3HJ,52.800481,-1.663328,53.721731,-0.535025,2023-10-25 05:00:00+00:00,2023-10-25 05:00:00+00:00,2023-10-25 08:30:00+00:00,2023-10-25 09:00:00+00:00,True
SEZHUK-231023-255579,CAUK000146,Tractor Unit,Curtain-Side 13.6M Trailer,NP26 3RA,SO16 0WB,51.585139,-2.844668,50.941738,-1.47868,2023-10-24 12:00:00+00:00,2023-10-24 12:45:00+00:00,2023-10-24 19:30:00+00:00,2023-10-24 20:00:00+00:00,True
SEZHUK-231023-255580,CAUK000863,Tractor Unit,Curtain-Side 13.6M Trailer,IP31 2BG,YO11 3DT,52.321427,0.924083,54.238562,-0.390816,2023-10-24 14:00:00+00:00,2023-10-24 14:42:13+00:00,2023-10-25 11:01:00+00:00,2023-10-25 11:31:00+00:00,True
SEZHUK-231023-255606,CAUK000155,Tractor Unit,Box,DA8 1DL,EH54 8QX,51.493182,0.167098,55.901847,-3.583873,2023-10-25 11:00:00+00:00,2023-10-25 11:30:00+00:00,2023-10-26 08:00:00+00:00,2023-10-26 08:30:00+00:00,True
SEZHUK-231023-255633,CAUK000310,Tractor Unit,Curtain-Side 13.6M Trailer,DE14 2WT,NN8 6GR,52.800481,-1.663328,52.30156,-0.733166,2023-10-25 07:00:00+00:00,2023-10-25 08:00:00+00:00,2023-10-25 10:30:00+00:00,2023-10-25 11:15:00+00:00,True
SEZHUK-231023-255634,CAUK000310,Tractor Unit,Curtain-Side 13.6M Trailer,DE14 2WT,OX11 7HJ,52.800481,-1.663328,51.619119,-1.256837,2023-10-25 14:00:00+00:00,2023-10-25 14:30:00+00:00,2023-10-25 18:00:00+00:00,2023-10-25 18:45:00+00:00,True
SEZHUK-231023-255635,CAUK001028,Tractor Unit,Curtain-Side 13.6M Trailer,NN4 9BA,DA18 4AG,52.213462,-0.951036,51.497213,0.142124,2023-10-25 11:00:00+00:00,2023-10-25 12:00:00+00:00,2023-10-25 15:30:00+00:00,2023-10-25 16:30:00+00:00,True
SEZHUK-231023-255647,CAUK000689,Tractor Unit,Curtain-Side 13.6M Trailer,S80 3FY,TA6 4FG,53.293393,-1.074008,51.155543,-2.983834,2023-10-24 15:00:00+00:00,2023-10-24 15:59:00+00:00,2023-10-25 07:35:00+00:00,2023-10-25 08:05:00+00:00,True
SEZHUK-231023-255650,CAUK000863,Tractor Unit,Curtain-Side 13.6M Trailer,S80 3FY,OX14 4TE,53.293393,-1.074008,51.623911,-1.28,2023-10-24 17:00:00+00:00,2023-10-24 17:59:00+00:00,2023-10-25 15:30:00+00:00,2023-10-25 16:00:00+00:00,True
SEZHUK-231023-255673,CAUK000155,Tractor Unit,Curtain-Side 13.6M Trailer,L11 0JA,RM19 1ND,53.462845,-2.896967,51.480755,0.261461,2023-10-24 11:00:00+00:00,2023-10-24 11:01:00+00:00,2023-10-25 01:25:00+00:00,2023-10-25 01:55:00+00:00,True
SEZHUK-231024-255806,CAUK000863,Tractor Unit,Curtain-Side 13.6M Trailer,DN3 3FG,IP6 0JW,53.537133,-1.037405,52.106487,1.098275,2023-10-25 06:00:00+00:00,2023-10-25 18:00:00+00:00,2023-10-26 09:32:00+00:00,2023-10-26 10:00:00+00:00,True
SEZHUK-231024-255812,CAUK000250,Tractor Unit,Curtain-Side 13.6M Trailer,S80 3FY,MITCHELSTOWN,53.293393,-1.074008,52.276579,-8.258109,2023-10-25 06:00:00+00:00,2023-10-25 06:59:00+00:00,2023-10-27 11:25:00+00:00,2023-10-27 11:55:00+00:00,True
SEZHUK-231024-255823,CAUK000770,Tractor Unit,Curtain-Side 13.6M Trailer,DN3 3FG,HP5 1QJ,53.537133,-1.037405,51.692773,-0.592602,2023-10-25 06:00:00+00:00,2023-10-25 18:00:00+00:00,2023-10-26 08:00:00+00:00,2023-10-26 14:59:00+00:00,True
SEZHUK-231024-255853,CAUK000250,Tractor Unit,Curtain-Side 13.6M Trailer,S80 3FY,BT41 4NN,53.293393,-1.074008,54.732479,-6.238003,2023-10-25 04:00:00+00:00,2023-10-25 04:59:00+00:00,2023-10-27 09:55:00+00:00,2023-10-27 10:25:00+00:00,True
SEZHUK-231024-255856,CAUK000250,Tractor Unit,Curtain-Side 13.6M Trailer,S80 3FY,DONABATE,53.293393,-1.074008,53.483755,-6.13869,2023-10-25 04:00:00+00:00,2023-10-25 04:59:00+00:00,2023-10-27 11:55:00+00:00,2023-10-27 12:25:00+00:00,True
SEZHUK-231024-255860,CAUK001028,Tractor Unit,Curtain-Side 13.6M Trailer,L11 0JA,CM19 5BD,53.462845,-2.896967,51.762509,0.053285,2023-10-25 13:00:00+00:00,2023-10-25 14:00:00+00:00,2023-10-26 09:40:00+00:00,2023-10-26 10:10:00+00:00,True
SEZHUK-231024-255861,CAUK000250,Tractor Unit,Curtain-Side 13.6M Trailer,S80 3FY,CLONMEL,53.293393,-1.074008,52.363881,-7.69003,2023-10-25 06:00:00+00:00,2023-10-25 06:59:00+00:00,2023-10-27 11:25:00+00:00,2023-10-27 11:55:00+00:00,True
SEZHUK-231024-255867,CAUK000689,Tractor Unit,Curtain-Side 13.6M Trailer,DN11 9HE,SN3 4FN,53.437296,-1.068189,51.595572,-1.740649,2023-10-25 13:00:00+00:00,2023-10-25 13:59:00+00:00,2023-10-26 08:55:00+00:00,2023-10-26 09:25:00+00:00,True
SEZHUK-231024-255869,CAUK000854,Tractor Unit,Curtain-Side 13.6M Trailer,S80 3FY,KY11 8XT,53.293393,-1.074008,56.063851,-3.39072,2023-10-26 12:00:00+00:00,2023-10-26 12:59:00+00:00,2023-10-26 19:55:00+00:00,2023-10-26 20:25:00+00:00,True
SEZHUK-231024-255873,CAUK000029,Tractor Unit,Curtain-Side 13.6M Trailer,DN11 9HE,NN6 7TZ,53.437296,-1.068189,52.35193,-1.144734,2023-10-26 05:00:00+00:00,2023-10-26 05:59:00+00:00,2023-10-26 10:55:00+00:00,2023-10-26 11:25:00+00:00,True
SEZHUK-231024-255885,CAUK000310,Tractor Unit,Curtain-Side 13.6M Trailer,NN4 9BA,OX11 7HJ,52.213462,-0.951036,51.619119,-1.256837,2023-10-26 06:30:00+00:00,2023-10-26 07:00:00+00:00,2023-10-26 10:00:00+00:00,2023-10-26 10:30:00+00:00,True
SEZHUK-231024-255895,CAUK000310,Tractor Unit,Curtain-Side 13.6M Trailer,NN4 9BA,HP2 7DX,52.213462,-0.951036,51.76755,-0.436999,2023-10-26 13:00:00+00:00,2023-10-26 13:30:00+00:00,2023-10-26 17:00:00+00:00,2023-10-26 17:30:00+00:00,True
SEZHUK-231024-255902,CAUK000863,Tractor Unit,Curtain-Side 13.6M Trailer,DN3 3FG,IP6 0JW,53.537133,-1.037405,52.106487,1.098275,2023-10-26 06:00:00+00:00,2023-10-26 18:00:00+00:00,2023-10-27 07:02:00+00:00,2023-10-27 07:30:00+00:00,True
SEZHUK-231024-255916,CAUK000349,Tractor Unit,Curtain-Side 13.6M Trailer,NP26 3RA,UB3 1RY,51.585139,-2.844668,51.506227,-0.428925,2023-10-24 18:00:00+00:00,2023-10-24 18:15:00+00:00,2023-10-25 07:30:00+00:00,2023-10-25 07:45:00+00:00,False
SEZHUK-231024-255918,CAUK000349,Tractor Unit,Curtain-Side 13.6M Trailer,NP26 3RA,WD24 4UA,51.585139,-2.844668,51.667573,-0.392528,2023-10-24 19:00:00+00:00,2023-10-24 19:15:00+00:00,2023-10-25 07:15:00+00:00,2023-10-25 07:30:00+00:00,True
SEZHUK-231024-255928,CAUK000310,Tractor Unit,Tractor Only,ST16 3EF,CV8 3ED,52.806693,-2.12066,52.371656,-1.452312,2023-10-30 14:00:00+00:00,2023-10-30 15:00:00+00:00,2023-10-30 17:30:00+00:00,2023-10-30 18:30:00+00:00,True
SEZHUK-231024-255929,CAUK000310,Tractor Unit,Tractor Only,ST16 3EF,CV8 3ED,52.806693,-2.12066,52.371656,-1.452312,2023-10-31 14:00:00+00:00,2023-10-31 15:00:00+00:00,2023-10-31 17:30:00+00:00,2023-10-31 18:30:00+00:00,True
SEZHUK-231024-255944,CAUK000250,Tractor Unit,Curtain-Side 13.6M Trailer,S80 3FY,DONABATE,53.293393,-1.074008,53.483755,-6.13869,2023-10-25 04:00:00+00:00,2023-10-25 04:59:00+00:00,2023-10-26 19:00:00+00:00,2023-10-26 20:00:00+00:00,True
SEZHUK-231024-255946,CAUK000250,Tractor Unit,Curtain-Side 13.6M Trailer,S80 3FY,DONABATE,53.293393,-1.074008,53.483755,-6.13869,2023-10-25 04:00:00+00:00,2023-10-25 04:59:00+00:00,2023-10-26 19:00:00+00:00,2023-10-26 20:00:00+00:00,False
SEZHUK-231024-255968,CAUK000781,Tractor Unit,Curtain-Side 13.6M Trailer,L11 0JA,MK17 8DB,53.462845,-2.896967,52.03393,-0.67711,2023-10-25 20:00:00+00:00,2023-10-25 20:01:00+00:00,2023-10-26 13:30:00+00:00,2023-10-26 14:00:00+00:00,False
SEZHUK-231024-255977,CAUK000310,Tractor Unit,Curtain-Side 13.6M Trailer,NN4 9BA,WF9 2RH,52.213462,-0.951036,53.601298,-1.266222,2023-10-27 05:00:00+00:00,2023-10-27 05:30:00+00:00,2023-10-27 10:30:00+00:00,2023-10-27 11:30:00+00:00,True
SEZHUK-231024-255984,CAUK000155,Tractor Unit,Curtain-Side 13.6M Trailer,L11 0JA,RM19 1ND,53.462845,-2.896967,51.480755,0.261461,2023-10-25 11:00:00+00:00,2023-10-25 11:01:00+00:00,2023-10-26 01:55:00+00:00,2023-10-26 02:25:00+00:00,True
SEZHUK-231024-256038,CAUK000222,Tractor Unit,Curtain-Side 13.6M Trailer,OL15 8QF,LE19 1WY,53.634051,-2.1142,52.601991,-1.190434,2023-10-25 10:00:00+00:00,2023-10-25 10:30:00+00:00,2023-10-25 16:30:00+00:00,2023-10-25 17:00:00+00:00,True
SEZHUK-231024-256041,CAUK000222,Tractor Unit,Curtain-Side 13.6M Trailer,WN4 8DE,LE19 1WY,53.501398,-2.64202,52.601991,-1.190434,2023-10-25 10:00:00+00:00,2023-10-25 10:30:00+00:00,2023-10-25 16:30:00+00:00,2023-10-25 17:00:00+00:00,False
SEZHUK-231024-256043,CAUK000222,Tractor Unit,Curtain-Side 13.6M Trailer,DE14 2WT,WA5 3XA,52.800481,-1.663328,53.407297,-2.661854,2023-10-25 15:00:00+00:00,2023-10-25 15:00:00+00:00,2023-10-26 09:30:00+00:00,2023-10-26 10:00:00+00:00,False
SEZHUK-231024-256044,CAUK000222,Tractor Unit,Curtain-Side 13.6M Trailer,DE14 2WT,WA5 3XA,52.800481,-1.663328,53.407297,-2.661854,2023-10-25 16:00:00+00:00,2023-10-25 16:30:00+00:00,2023-10-26 09:30:00+00:00,2023-10-26 10:00:00+00:00,True
SEZHUK-231024-256045,CAUK000222,Tractor Unit,Curtain-Side 13.6M Trailer,DE14 2WT,WA5 3XA,52.800481,-1.663328,53.407297,-2.661854,2023-10-25 21:00:00+00:00,2023-10-25 21:00:00+00:00,2023-10-26 09:30:00+00:00,2023-10-26 10:00:00+00:00,False
SEZHUK-231024-256046,CAUK000863,Tractor Unit,Curtain-Side 13.6M Trailer,DE14 2WT,NE38 8NW,52.800481,-1.663328,54.88997,-1.501427,2023-10-25 17:00:00+00:00,2023-10-25 17:00:00+00:00,2023-10-26 09:30:00+00:00,2023-10-26 10:00:00+00:00,False
SEZHUK-231024-256049,CAUK000034,Tractor Unit,Curtain-Side 13.6M Trailer,M24 4DP,LE9 2BJ,53.547321,-2.202131,52.636678,-1.269836,2023-10-25 03:30:00+00:00,2023-10-25 04:26:00+00:00,2023-10-25 08:40:00+00:00,2023-10-25 09:10:00+00:00,True
SEZHUK-231024-256054,CAUK000689,Tractor Unit,Curtain-Side 13.6M Trailer,L11 0JA,SN3 4DB,53.462845,-2.896967,51.579105,-1.718746,2023-10-25 14:00:00+00:00,2023-10-25 14:01:00+00:00,2023-10-26 07:55:00+00:00,2023-10-26 08:25:00+00:00,False
SEZHUK-231024-256055,CAUK000863,Tractor Unit,Curtain-Side 13.6M Trailer,S80 3FY,OX16 2AA,53.293393,-1.074008,52.081463,-1.329055,2023-10-26 03:00:00+00:00,2023-10-26 03:59:00+00:00,2023-10-26 08:25:00+00:00,2023-10-26 08:55:00+00:00,True
SEZHUK-231025-256107,CAUK000863,Tractor Unit,Curtain-Side 13.6M Trailer,S80 3FY,AL10 9TR,53.293393,-1.074008,51.772167,-0.250353,2023-10-26 16:00:00+00:00,2023-10-26 16:59:00+00:00,2023-10-27 07:10:00+00:00,2023-10-27 07:40:00+00:00,True
SEZHUK-231025-256108,CAUK000029,Tractor Unit,Curtain-Side 13.6M Trailer,S80 3FY,MK42 6EY,53.293393,-1.074008,52.093182,-0.475758,2023-10-27 08:30:00+00:00,2023-10-27 09:29:00+00:00,2023-10-27 14:25:00+00:00,2023-10-27 14:55:00+00:00,True
SEZHUK-231025-256110,CAUK000863,Tractor Unit,Curtain-Side 13.6M Trailer,DN8 5TE,CT10 2QS,53.566639,-0.919839,51.369042,1.403156,2023-10-26 06:00:00+00:00,2023-10-26 18:00:00+00:00,2023-10-27 08:00:00+00:00,2023-10-27 15:59:00+00:00,True
SEZHUK-231025-256116,CAUK000689,Tractor Unit,Curtain-Side 13.6M Trailer,DN8 5TE,GL55 6PT,53.566639,-0.919839,52.085782,-1.776391,2023-10-26 06:00:00+00:00,2023-10-26 18:00:00+00:00,2023-10-27 07:32:00+00:00,2023-10-27 08:00:00+00:00,True
SEZHUK-231025-256126,CAUK000222,Tractor Unit,Curtain-Side 13.6M Trailer,L11 0JA,DE72 2HP,53.462845,-2.896967,52.867015,-1.314862,2023-10-26 14:00:00+00:00,2023-10-26 14:01:00+00:00,2023-10-27 05:55:00+00:00,2023-10-27 06:25:00+00:00,True
SEZHUK-231025-256142,CAUK000250,Tractor Unit,Curtain-Side 13.6M Trailer,S80 3FY,NAAS,53.293393,-1.074008,53.207122,-6.742479,2023-10-30 04:00:00+00:00,2023-10-30 04:59:00+00:00,2023-11-01 07:25:00+00:00,2023-11-01 07:55:00+00:00,True
SEZHUK-231025-256168,CAUK000155,Tractor Unit,Curtain Side,CV23 8BQ,G75 0ZZ,52.334853,-1.18045,55.735089,-4.168719,2023-11-07 14:00:00+00:00,2023-11-07 15:00:00+00:00,2023-11-07 23:00:00+00:00,2023-11-07 23:59:00+00:00,False
SEZHUK-231025-256169,CAUK000155,Tractor Unit,Curtain Side,CV23 8BQ,G75 0ZZ,52.334853,-1.18045,55.735089,-4.168719,2023-11-08 14:00:00+00:00,2023-11-08 15:00:00+00:00,2023-11-08 23:00:00+00:00,2023-11-08 23:59:00+00:00,True
SEZHUK-231025-256170,CAUK000155,Tractor Unit,Curtain Side,CV23 8BQ,ML1 4UY,52.334853,-1.18045,55.823042,-3.989173,2023-11-09 14:00:00+00:00,2023-11-09 15:00:00+00:00,2023-11-09 23:00:00+00:00,2023-11-09 23:59:00+00:00,False
SEZHUK-231025-256171,CAUK000155,Tractor Unit,Curtain Side,CV23 8BQ,G74 4UN,52.334853,-1.18045,55.782771,-4.171142,2023-11-10 14:00:00+00:00,2023-11-10 15:00:00+00:00,2023-11-10 23:00:00+00:00,2023-11-10 23:59:00+00:00,True
SEZHUK-231025-256204,CAUK000155,Tractor Unit,Curtain-Side 13.6M Trailer,L11 0JA,RG2 0PN,53.462845,-2.896967,51.419654,-0.973301,2023-10-26 14:00:00+00:00,2023-10-26 14:01:00+00:00,2023-10-27 08:25:00+00:00,2023-10-27 08:55:00+00:00,True
SEZHUK-231025-256207,CAUK000029,Tractor Unit,Curtain-Side 13.6M Trailer,S80 3FY,B77 5BP,53.293393,-1.074008,52.608378,-1.665363,2023-10-27 10:09:17+00:00,2023-10-27 11:08:17+00:00,2023-10-27 12:55:00+00:00,2023-10-27 13:25:00+00:00,True
SEZHUK-231025-256208,CAUK000029,Tractor Unit,Curtain-Side 13.6M Trailer,S80 3FY,B77 5BP,53.293393,-1.074008,52.608378,-1.665363,2023-10-27 07:09:17+00:00,2023-10-27 08:08:17+00:00,2023-10-27 09:55:00+00:00,2023-10-27 10:25:00+00:00,True
SEZHUK-231025-256209,CAUK000310,Tractor Unit,Curtain-Side 13.6M Trailer,S80 3FY,B77 5BP,53.293393,-1.074008,52.608378,-1.665363,2023-10-27 15:00:00+00:00,2023-10-27 15:59:00+00:00,2023-10-27 18:55:00+00:00,2023-10-27 19:25:00+00:00,True
SEZHUK-231025-256214,CAUK000660,Tractor Unit,Curtain-Side 13.6M Trailer,RG2 0BS,RG2 0BS,51.432637,-0.970833,51.432637,-0.970833,2023-10-30 09:00:00+00:00,2023-10-30 09:30:00+00:00,2023-10-30 12:32:00+00:00,2023-10-30 13:02:00+00:00,False
SEZHUK-231025-256226,CAUK000199,3.5 T Van,LWB Van,LS11 5LX,PE12 8HF,53.767204,-1.547784,52.854832,0.00395,2023-10-26 05:00:00+00:00,2023-10-26 05:30:00+00:00,2023-10-26 08:30:00+00:00,2023-10-26 09:00:00+00:00,False
SEZHUK-231025-256228,CAUK000770,Tractor Unit,Curtain-Side 13.6M Trailer,S80 3FY,NN4 9BB,53.293393,-1.074008,52.215154,-0.947502,2023-10-27 02:00:00+00:00,2023-10-27 02:00:00+00:00,2023-10-27 08:15:00+00:00,2023-10-27 08:45:00+00:00,True
SEZHUK-231025-256229,CAUK000863,Tractor Unit,Curtain-Side 13.6M Trailer,S80 3FY,SG18 9BJ,53.293393,-1.074008,52.099889,-0.281226,2023-10-27 03:00:00+00:00,2023-10-27 03:00:00+00:00,2023-10-27 09:55:00+00:00,2023-10-27 10:25:00+00:00,True
SEZHUK-231025-256235,CAUK001022,3.5T Van,LWB Van,E1W 2DA,SL3 0BB,51.508022,-0.05711,51.470809,-0.514738,2023-11-08 19:05:00+00:00,2023-11-08 20:05:00+00:00,2023-11-08 20:05:00+00:00,2023-11-08 21:05:00+00:00,True
SEZHUK-231025-256236,CAUK001022,3.5T Van,LWB Van,SL3 0BB,E1W 2DA,51.470809,-0.514738,51.508022,-0.05711,2023-11-07 05:45:00+00:00,2023-11-07 06:45:00+00:00,2023-11-07 07:15:00+00:00,2023-11-07 08:15:00+00:00,False
SEZHUK-231025-256242,CAUK001009,3.5T Van,LWB Van,DE74 2TR,EN1 1TX,52.829374,-1.332134,51.650981,-0.054718,2023-11-08 04:45:00+00:00,2023-11-08 05:45:00+00:00,2023-11-08 08:15:00+00:00,2023-11-08 09:15:00+00:00,True
SEZHUK-231025-256247,CAUK001022,3.5T Van,LWB Van,SL3 0BB,E1W 2DA,51.470809,-0.514738,51.508022,-0.05711,2023-11-09 05:45:00+00:00,2023-11-09 06:45:00+00:00,2023-11-09 07:15:00+00:00,2023-11-09 08:15:00+00:00,True
SEZHUK-231025-256248,CAUK001009,3.5T Van,LWB Van,DE74 2TR,NW10 7NZ,52.829374,-1.332134,51.537524,-0.27074,2023-11-10 04:45:00+00:00,2023-11-10 05:45:00+00:00,2023-11-10 08:15:00+00:00,2023-11-10 09:15:00+00:00,True
SEZHUK-231025-256254,CAUK001009,3.5T Van,LWB Van,DE74 2TR,EN1 1TX,52.829374,-1.332134,51.650981,-0.054718,2023-11-09 04:50:00+00:00,2023-11-09 05:50:00+00:00,2023-11-09 08:20:00+00:00,2023-11-09 09:20:00+00:00,True
SEZHUK-231025-256263,CAUK001009,3.5T Van,LWB Van,EN1 1TX,DE74 2TR,51.650981,-0.054718,52.826322,-1.348973,2023-11-07 16:15:00+00:00,2023-11-07 17:15:00+00:00,2023-11-07 19:45:00+00:00,2023-11-07 20:00:00+00:00,True
SEZHUK-231025-256268,CAUK001009,3.5T Van,LWB Van,CO4 9QJ,DE74 2TR,51.920887,0.927015,52.829374,-1.332134,2023-11-09 17:30:00+00:00,2023-11-09 18:30:00+00:00,2023-11-09 21:10:00+00:00,2023-11-09 22:10:00+00:00,True
SEZHUK-231025-256274,CAUK001009,3.5T Van,LWB Van,SE14 5RW,DE74 2TR,51.507218,-0.127586,52.826322,-1.348973,2023-11-07 15:30:00+00:00,2023-11-07 16:30:00+00:00,2023-11-07 19:45:00+00:00,2023-11-07 20:00:00+00:00,True
SEZHUK-231025-256275,CAUK001009,3.5T Van,LWB Van,NE11 0JY,DE74 2TR,54.922706,-1.607332,52.829374,-1.332134,2023-11-08 17:25:00+00:00,2023-11-08 18:25:00+00:00,2023-11-08 21:10:00+00:00,2023-11-08 22:10:00+00:00,True
SEZHUK-231025-256283,CAUK001009,3.5T Van,LWB Van,BS32 0BF,DE74 2TR,51.54695,-2.551256,52.829374,-1.332134,2023-11-06 15:15:00+00:00,2023-11-06 16:15:00+00:00,2023-11-06 19:30:00+00:00,2023-11-06 20:30:00+00:00,True
SEZHUK-231025-256288,CAUK001022,3.5T Van,LWB Van,SL3 0BB,E1W 2DA,51.470809,-0.514738,51.508022,-0.05711,2023-11-08 05:45:00+00:00,2023-11-08 06:45:00+00:00,2023-11-08 07:15:00+00:00,2023-11-08 08:15:00+00:00,True
SEZHUK-231025-256290,CAUK001022,3.5T Van,LWB Van,SL3 0BB,E1W 2DA,51.470809,-0.514738,51.508022,-0.05711,2023-11-10 05:45:00+00:00,2023-11-10 06:45:00+00:00,2023-11-10 07:15:00+00:00,2023-11-10 08:15:00+00:00,False
SEZHUK-231025-256293,CAUK001022,3.5T Van,LWB Van,E1W 2DA,SL3 0BB,51.508022,-0.05711,51.470809,-0.514738,2023-11-09 19:05:00+00:00,2023-11-09 20:05:00+00:00,2023-11-09 20:05:00+00:00,2023-11-09 21:05:00+00:00,True
SEZHUK-231025-256295,CAUK001022,3.5T Van,LWB Van,E1W 2DA,SL3 0BB,51.508022,-0.05711,51.470809,-0.514738,2023-11-07 19:05:00+00:00,2023-11-07 20:05:00+00:00,2023-11-07 20:05:00+00:00,2023-11-07 21:05:00+00:00,True
SEZHUK-231025-256297,CAUK001009,3.5T Van,LWB Van,SE14 5RW,DE74 2TR,51.507218,-0.127586,52.826322,-1.348973,2023-11-08 15:30:00+00:00,2023-11-08 16:30:00+00:00,2023-11-08 19:45:00+00:00,2023-11-08 20:00:00+00:00,False
SEZHUK-231025-256299,CAUK001022,3.5T Van,LWB Van,E1W 2DA,SL3 0BB,51.508022,-0.05711,51.470809,-0.514738,2023-11-10 19:05:00+00:00,2023-11-10 20:05:00+00:00,2023-11-10 20:05:00+00:00,2023-11-10 21:05:00+00:00,True
SEZHUK-231025-256305,CAUK001022,3.5T Van,LWB Van,E1W 2DA,SL3 0BB,51.508022,-0.05711,51.470809,-0.514738,2023-11-06 19:05:00+00:00,2023-11-06 20:05:00+00:00,2023-11-06 20:05:00+00:00,2023-11-06 21:05:00+00:00,True
SEZHUK-231025-256311,CAUK001009,3.5T Van,LWB Van,EN1 1TX,DE74 2TR,51.650981,-0.054718,52.826322,-1.348973,2023-11-09 16:15:00+00:00,2023-11-09 17:15:00+00:00,2023-11-09 19:45:00+00:00,2023-11-09 20:00:00+00:00,True
SEZHUK-231025-256326,CAUK001009,3.5T Van,LWB Van,NE11 0JY,DE74 2TR,54.922706,-1.607332,52.829374,-1.332134,2023-11-10 17:25:00+00:00,2023-11-10 18:25:00+00:00,2023-11-10 21:10:00+00:00,2023-11-10 22:10:00+00:00,True
SEZHUK-231025-256328,CAUK001009,3.5T Van,LWB Van,BS32 0BF,DE74 2TR,51.54695,-2.551256,52.829374,-1.332134,2023-11-09 15:15:00+00:00,2023-11-09 16:15:00+00:00,2023-11-09 19:30:00+00:00,2023-11-09 20:30:00+00:00,True
SEZHUK-231025-256333,CAUK001009,3.5T Van,LWB Van,NP10 9DQ,DE74 2TR,51.582459,-3.043825,52.829374,-1.332134,2023-11-06 17:50:00+00:00,2023-11-06 18:50:00+00:00,2023-11-06 21:30:00+00:00,2023-11-06 22:30:00+00:00,True
SEZHUK-231025-256336,CAUK001009,3.5T Van,LWB Van,NP10 9DQ,DE74 2TR,51.582459,-3.043825,52.829374,-1.332134,2023-11-10 17:50:00+00:00,2023-11-10 18:50:00+00:00,2023-11-10 21:30:00+00:00,2023-11-10 22:30:00+00:00,True
SEZHUK-231025-256349,CAUK001009,3.5T Van,LWB Van,DE74 2TR,EN1 1TX,52.829374,-1.332134,51.650981,-0.054718,2023-11-07 04:45:00+00:00,2023-11-07 05:45:00+00:00,2023-11-07 08:15:00+00:00,2023-11-07 09:15:00+00:00,True
SEZHUK-231025-256350,CAUK001009,3.5T Van,LWB Van,NP10 9DQ,DE74 2TR,51.582459,-3.043825,52.829374,-1.332134,2023-11-11 08:30:00+00:00,2023-11-11 09:30:00+00:00,2023-11-11 12:30:00+00:00,2023-11-11 13:30:00+00:00,True
SEZHUK-231025-256353,CAUK001009,3.5T Van,LWB Van,DE74 2TR,CO4 9QJ,52.829374,-1.332134,51.920887,0.927015,2023-11-09 04:50:00+00:00,2023-11-09 05:50:00+00:00,2023-11-09 08:50:00+00:00,2023-11-09 09:50:00+00:00,True
SEZHUK-231025-256356,CAUK001009,3.5T Van,LWB Van,DE74 2TR,EN1 1TX,52.829374,-1.332134,51.650981,-0.054718,2023-11-07 04:50:00+00:00,2023-11-07 05:50:00+00:00,2023-11-07 08:20:00+00:00,2023-11-07 09:20:00+00:00,True
SEZHUK-231025-256373,CAUK000250,Tractor Unit,Curtain-Side 13.6M Trailer,S80 3FY,ASHBOURNE,53.293393,-1.074008,53.52341,-6.410445,2023-10-27 08:00:00+00:00,2023-10-27 08:00:00+00:00,2023-10-31 05:55:00+00:00,2023-10-31 06:25:00+00:00,True
SEZHUK-231025-256391,CAUK000250,Tractor Unit,Curtain-Side 13.6M Trailer,S80 3FY,NEWBRIDGE,53.293393,-1.074008,53.177772,-6.79517,2023-10-27 10:00:00+00:00,2023-10-27 10:00:00+00:00,2023-10-31 11:55:00+00:00,2023-10-31 12:25:00+00:00,True
SEZHUK-231025-256392,CAUK000940,Tractor Unit,Curtain-Side 13.6M Trailer,S80 3FY,EN11 0EZ,53.293393,-1.074008,51.766224,0.009545,2023-10-26 20:00:00+00:00,2023-10-26 20:59:00+00:00,2023-10-27 02:55:00+00:00,2023-10-27 03:25:00+00:00,False
SEZHUK-231025-256406,CAUK000912,3.5T Van,Box,S35 2PW,LS27 0FU,53.476537,-1.471065,53.734398,-1.604189,2023-11-04 03:15:00+00:00,2023-11-04 03:45:00+00:00,2023-11-04 05:00:00+00:00,2023-11-04 05:30:00+00:00,True
SEZHUK-231025-256419,CAUK000912,3.5T Van,Box,S35 2PW,LE3 8DX,53.476537,-1.471065,52.641456,-1.216005,2023-11-04 00:30:00+00:00,2023-11-04 01:00:00+00:00,2023-11-04 03:00:00+00:00,2023-11-04 03:30:00+00:00,True
SEZHUK-231025-256425,CAUK000912,3.5T Van,Box,S35 2PW,LS27 0FU,53.476537,-1.471065,53.734398,-1.604189,2023-10-31 03:15:00+00:00,2023-10-31 03:45:00+00:00,2023-10-31 05:00:00+00:00,2023-10-31 05:30:00+00:00,True
SEZHUK-231025-256442,CAUK000912,3.5T Van,Box,S35 2PW,LE3 8DX,53.476537,-1.471065,52.641456,-1.216005,2023-10-31 00:30:00+00:00,2023-10-31 01:00:00+00:00,2023-10-31 03:00:00+00:00,2023-10-31 03:30:00+00:00,True
SEZHUK-231025-256450,CAUK000912,3.5T Van,Box,S35 2PW,LE3 8DX,53.476537,-1.471065,52.641456,-1.216005,2023-11-05 00:30:00+00:00,2023-11-05 01:00:00+00:00,2023-11-05 03:00:00+00:00,2023-11-05 03:30:00+00:00,False
SEZHUK-231025-256453,CAUK000912,3.5T Van,Box,S35 2PW,LS27 0FU,53.476537,-1.471065,53.734398,-1.604189,2023-11-03 03:15:00+00:00,2023-11-03 03:45:00+00:00,2023-11-03 05:00:00+00:00,2023-11-03 05:30:00+00:00,True
SEZHUK-231025-256454,CAUK000912,3.5T Van,Box,S35 2PW,LS27 0FU,53.476537,-1.471065,53.734398,-1.604189,2023-10-30 03:15:00+00:00,2023-10-30 03:45:00+00:00,2023-10-30 05:00:00+00:00,2023-10-30 05:30:00+00:00,True
SEZHUK-231025-256457,CAUK000912,3.5T Van,Box,S35 2PW,LE3 8DX,53.476537,-1.471065,52.641456,-1.216005,2023-11-03 00:30:00+00:00,2023-11-03 01:00:00+00:00,2023-11-03 03:00:00+00:00,2023-11-03 03:30:00+00:00,True
SEZHUK-231025-256480,CAUK000912,3.5T Van,Box,S35 2PW,LE3 8DX,53.476537,-1.471065,52.641456,-1.216005,2023-10-30 00:30:00+00:00,2023-10-30 01:00:00+00:00,2023-10-30 03:00:00+00:00,2023-10-30 03:30:00+00:00,True
SEZHUK-231025-256482,CAUK000912,3.5T Van,Box,S35 2PW,LS27 0FU,53.476537,-1.471065,53.734398,-1.604189,2023-11-01 03:15:00+00:00,2023-11-01 03:45:00+00:00,2023-11-01 05:00:00+00:00,2023-11-01 05:30:00+00:00,True
SEZHUK-231025-256491,CAUK000912,3.5T Van,Box,S35 2PW,LE3 8DX,53.476537,-1.471065,52.641456,-1.216005,2023-11-01 00:30:00+00:00,2023-11-01 01:00:00+00:00,2023-11-01 03:00:00+00:00,2023-11-01 03:30:00+00:00,True
SEZHUK-231025-256493,CAUK000912,3.5T Van,Box,BD5 8LZ,LE3 8DX,53.766832,-1.740516,52.641456,-1.216005,2023-11-03 00:30:00+00:00,2023-11-03 01:00:00+00:00,2023-11-04 02:30:00+00:00,2023-11-04 03:00:00+00:00,True
SEZHUK-231025-256498,CAUK000912,3.5T Van,Box,BD5 8LZ,LE3 8DX,53.766832,-1.740516,52.641456,-1.216005,2023-10-31 00:30:00+00:00,2023-10-31 01:00:00+00:00,2023-11-01 02:30:00+00:00,2023-11-01 03:00:00+00:00,True
SEZHUK-231025-256501,CAUK000912,3.5T Van,Box,S35 2PW,LE3 8DX,53.476537,-1.471065,52.641456,-1.216005,2023-11-02 00:30:00+00:00,2023-11-02 01:00:00+00:00,2023-11-02 03:00:00+00:00,2023-11-02 03:30:00+00:00,True
SEZHUK-231025-256504,CAUK000912,3.5T Van,Box,BD5 8LZ,LE3 8DX,53.766832,-1.740516,52.641456,-1.216005,2023-11-01 00:30:00+00:00,2023-11-01 01:00:00+00:00,2023-11-02 02:30:00+00:00,2023-11-02 03:00:00+00:00,True
SEZHUK-231025-256512,CAUK000912,3.5T Van,Box,BD5 8LZ,LE3 8DX,53.766832,-1.740516,52.641456,-1.216005,2023-11-04 00:30:00+00:00,2023-11-04 01:00:00+00:00,2023-11-05 02:30:00+00:00,2023-11-05 03:00:00+00:00,True
SEZHUK-231025-256515,CAUK000912,3.5T Van,Box,BD5 8LZ,LE3 8DX,53.766832,-1.740516,52.641456,-1.216005,2023-10-30 00:30:00+00:00,2023-10-30 01:00:00+00:00,2023-10-31 02:30:00+00:00,2023-10-31 03:00:00+00:00,True
SEZHUK-231025-256517,CAUK000912,3.5T Van,Box,S35 2PW,LS27 0FU,53.476537,-1.471065,53.734398,-1.604189,2023-11-02 03:15:00+00:00,2023-11-02 03:45:00+00:00,2023-11-02 05:00:00+00:00,2023-11-02 05:30:00+00:00,True
SEZHUK-231025-256523,CAUK000912,3.5T Van,Box,BD5 8LZ,LE3 8DX,53.766832,-1.740516,52.641456,-1.216005,2023-11-02 00:30:00+00:00,2023-11-02 01:00:00+00:00,2023-11-03 02:30:00+00:00,2023-11-03 03:00:00+00:00,True
SEZHUK-231025-256539,CAUK000386,Tractor Unit,Curtain-Side 13.6M Trailer,NE38 8QT,WF11 0AB,54.90394,-1.487516,53.692741,-1.268817,2023-10-26 11:00:00+00:00,2023-10-26 12:00:00+00:00,2023-10-26 12:00:00+00:00,2023-10-26 13:00:00+00:00,False
SEZHUK-231025-256542,CAUK000386,Tractor Unit,Curtain-Side 13.6M Trailer,E16 2EZ,WF11 0AB,51.501657,0.039637,53.692741,-1.268817,2023-10-26 11:00:00+00:00,2023-10-26 12:00:00+00:00,2023-10-26 12:00:00+00:00,2023-10-26 13:00:00+00:00,False
SEZHUK-231025-256608,CAUK000446,Tractor Unit,Curtain-Side 13.6M Trailer,L11 0JA,LE17 4XH,53.462845,-2.896967,52.454783,-1.253028,2023-10-27 11:00:00+00:00,2023-10-27 11:01:00+00:00,2023-10-27 17:55:00+00:00,2023-10-27 18:25:00+00:00,True
SEZHUK-231025-256613,CAUK000349,Tractor Unit,Curtain-Side 13.6M Trailer,L11 0JA,UB2 4SB,53.462845,-2.896967,51.507588,-0.360871,2023-10-26 16:00:00+00:00,2023-10-26 16:01:00+00:00,2023-10-27 08:55:00+00:00,2023-10-27 09:25:00+00:00,True
SEZHUK-231025-256628,CAUK000912,3.5T Van,Box,BD5 8LZ,LE3 8DX,53.767093,-1.742286,52.641456,-1.216005,2023-10-29 00:30:00+00:00,2023-10-29 02:00:00+00:00,2023-10-29 02:30:00+00:00,2023-10-29 03:00:00+00:00,True
SEZHUK-231026-256706,CAUK001028,Tractor Unit,Curtain-Side 13.6M Trailer,SS17 9DY,IG11 0DS,51.510091,0.459598,51.515717,0.100453,2023-10-27 09:00:00+00:00,2023-10-27 09:30:00+00:00,2023-10-27 15:30:00+00:00,2023-10-27 16:00:00+00:00,True
SEZHUK-231026-256725,CAUK000689,Tractor Unit,Curtain-Side 13.6M Trailer,L11 0JA,RG2 0PN,53.462845,-2.896967,51.419654,-0.973301,2023-10-27 15:00:00+00:00,2023-10-27 15:01:00+00:00,2023-10-28 04:55:00+00:00,2023-10-28 05:25:00+00:00,False
SEZHUK-231026-256749,CAUK000386,Tractor Unit,Curtain-Side 13.6M Trailer,OL2 6JZ,CV2 2TA,53.562159,-2.126899,52.430911,-1.429058,2023-10-27 09:00:00+00:00,2023-10-27 10:00:00+00:00,2023-10-27 14:00:00+00:00,2023-10-27 15:00:00+00:00,False
SEZHUK-231026-256755,CAUK000363,Tractor Unit,Curtain-Side 13.6M Trailer,S80 3FY,EH54 8QX,53.293393,-1.074008,55.896335,-3.53565,2023-10-27 16:00:00+00:00,2023-10-27 16:59:00+00:00,2023-10-28 11:30:00+00:00,2023-10-28 12:00:00+00:00,True
SEZHUK-231026-256765,CAUK000781,Tractor Unit,Curtain-Side 13.6M Trailer,L11 0JA,WS8 7TS,53.462845,-2.896967,52.643767,-1.95201,2023-10-27 14:00:00+00:00,2023-10-27 14:01:00+00:00,2023-10-30 05:55:00+00:00,2023-10-30 06:25:00+00:00,True
SEZHUK-231026-256769,CAUK000029,Tractor Unit,Curtain-Side 13.6M Trailer,DN11 9HE,NN6 7TZ,53.437296,-1.068189,52.35193,-1.144734,2023-10-30 06:00:00+00:00,2023-10-30 06:59:00+00:00,2023-10-30 12:55:00+00:00,2023-10-30 13:25:00+00:00,True
SEZHUK-231026-256803,CAUK000310,Tractor Unit,Curtain-Side 13.6M Trailer,DE14 2WT,NN8 6GR,52.800481,-1.663328,52.30156,-0.733166,2023-10-30 07:00:00+00:00,2023-10-30 07:30:00+00:00,2023-10-30 10:30:00+00:00,2023-10-30 11:00:00+00:00,True
SEZHUK-231026-256806,CAUK000155,Tractor Unit,Box,DA8 1DL,EH54 8QX,51.493182,0.167098,55.901847,-3.583873,2023-10-31 11:00:00+00:00,2023-10-31 11:30:00+00:00,2023-11-01 08:00:00+00:00,2023-11-01 08:30:00+00:00,True
SEZHUK-231026-256843,CAUK000490,Tractor Unit,Box 44ft,BD5 8LZ,EN3 7QP,53.763771,-1.739326,51.659325,-0.021793,2023-10-26 22:20:00+00:00,2023-10-27 00:00:01+00:00,2023-10-27 05:00:00+00:00,2023-10-27 07:00:01+00:00,False
SEZHUK-231026-256861,CAUK000770,Tractor Unit,Curtain-Side 13.6M Trailer,S80 3FY,OX16 2AA,53.293393,-1.074008,52.081463,-1.329055,2023-10-29 15:00:00+00:00,2023-10-29 15:59:00+00:00,2023-10-30 08:25:00+00:00,2023-10-30 08:55:00+00:00,False
SEZHUK-231026-256879,CAUK000899,Tractor Unit,Curtain-Side 13.6M Trailer,BD17 7EZ,RG2 0BS,53.837185,-1.780384,51.432637,-0.970833,2023-10-30 09:00:00+00:00,2023-10-30 09:30:00+00:00,2023-10-30 14:57:00+00:00,2023-10-30 15:27:00+00:00,False
SEZHUK-231026-256883,CAUK000155,Tractor Unit,Curtain-Side 13.6M Trailer,L11 0JA,UB6 8UH,53.462845,-2.896967,51.54329,-0.358536,2023-10-27 17:00:00+00:00,2023-10-27 17:01:00+00:00,2023-10-30 09:55:00+00:00,2023-10-30 10:25:00+00:00,True
SEZHUK-231026-256896,CAUK000199,3.5 T Van,LWB Van,LS10 1SL,LE18 4PQ,53.771668,-1.514934,52.577172,-1.131889,2023-10-27 06:00:00+00:00,2023-10-27 06:30:00+00:00,2023-10-27 09:00:00+00:00,2023-10-27 09:30:00+00:00,False
SEZHUK-231026-256940,CAUK000154,Tractor Unit,Curtain-Side 13.6M Trailer,PE29 2XR,NP16 6UD,52.315672,-0.157664,51.614678,-2.674519,2023-10-27 14:00:00+00:00,2023-10-27 14:30:00+00:00,2023-10-28 00:01:00+00:00,2023-10-28 00:31:00+00:00,False
SEZHUK-231026-256967,CAUK000096,Tractor Unit,Curtain-Side 13.6M Trailer,SK13 2NU,LE19 1WY,53.483205,-1.924197,52.601991,-1.190434,2023-10-27 10:00:00+00:00,2023-10-27 10:30:00+00:00,2023-10-27 16:30:00+00:00,2023-10-27 17:00:00+00:00,False
SEZHUK-231026-256968,CAUK000096,Tractor Unit,Curtain-Side 13.6M Trailer,OL15 8QF,LE19 1WY,53.634051,-2.1142,52.601991,-1.190434,2023-10-27 10:00:00+00:00,2023-10-27 10:30:00+00:00,2023-10-27 16:30:00+00:00,2023-10-27 17:00:00+00:00,True
SEZHUK-231026-256971,CAUK000096,Tractor Unit,Curtain-Side 13.6M Trailer,OL15 8QF,LE19 1WY,53.634051,-2.1142,52.601991,-1.190434,2023-10-27 10:00:00+00:00,2023-10-27 10:30:00+00:00,2023-10-27 16:30:00+00:00,2023-10-27 17:00:00+00:00,False
SEZHUK-231027-257016,CAUK000034,Tractor Unit,Curtain-Side 13.6M Trailer,PL7 5JY,DY9 7DP,50.38645,-4.020841,52.457769,-2.122196,2023-10-30 06:00:00+00:00,2023-10-30 06:30:00+00:00,2023-10-30 15:30:00+00:00,2023-10-30 16:00:00+00:00,True
SEZHUK-231027-257022,CAUK000034,Tractor Unit,Curtain-Side 13.6M Trailer,PE29 2XR,WA5 3TP,52.315672,-0.157664,53.411934,-2.659507,2023-10-27 00:00:00+00:00,2023-10-27 23:59:59+00:00,2023-10-29 14:55:00+00:00,2023-10-29 15:25:00+00:00,True
SEZHUK-231027-257030,CAUK000155,Tractor Unit,Box,RM9 6RS,EH54 8QX,51.530739,0.138456,55.901847,-3.583873,2023-11-02 11:00:00+00:00,2023-11-02 11:30:00+00:00,2023-11-03 08:00:00+00:00,2023-11-03 09:00:00+00:00,False
SEZHUK-231027-257043,CAUK000250,Tractor Unit,Curtain-Side 13.6M Trailer,S80 3FY,MITCHELSTOWN,53.293393,-1.074008,52.276579,-8.258109,2023-11-01 06:00:00+00:00,2023-11-01 06:59:00+00:00,2023-11-03 10:25:00+00:00,2023-11-03 10:55:00+00:00,True
SEZHUK-231027-257045,CAUK000250,Tractor Unit,Curtain-Side 13.6M Trailer,S80 3FY,MITCHELSTOWN,53.293393,-1.074008,52.276579,-8.258109,2023-11-01 04:00:00+00:00,2023-11-01 04:59:00+00:00,2023-11-03 10:25:00+00:00,2023-11-03 10:55:00+00:00,True
SEZHUK-231027-257051,CAUK001004,Tractor Unit,Curtain-Side 13.6M Trailer,B24 8DW,NN6 7GX,52.507428,-1.834192,52.358623,-1.166133,2023-10-29 06:30:00+00:00,2023-10-29 07:00:00+00:00,2023-10-29 09:30:00+00:00,2023-10-29 10:00:00+00:00,True
SEZHUK-231027-257079,CAUK000310,Tractor Unit,Curtain-Side 13.6M Trailer,L11 0JA,MK42 6EY,53.462845,-2.896967,52.093182,-0.475758,2023-10-31 13:00:00+00:00,2023-10-31 13:01:00+00:00,2023-10-31 20:25:00+00:00,2023-10-31 20:55:00+00:00,True
SEZHUK-231027-257085,CAUK000155,Tractor Unit,Curtain-Side 13.6M Trailer,L11 0JA,RM19 1ND,53.462845,-2.896967,51.480755,0.261461,2023-10-28 09:00:00+00:00,2023-10-28 09:01:00+00:00,2023-10-29 18:30:00+00:00,2023-10-29 19:00:00+00:00,True
SEZHUK-231027-257095,CAUK000250,Tractor Unit,Curtain-Side 13.6M Trailer,S80 3FY,NAAS,53.293393,-1.074008,53.207122,-6.742479,2023-11-02 06:00:00+00:00,2023-11-02 06:59:00+00:00,2023-11-06 07:25:00+00:00,2023-11-06 07:55:00+00:00,False
SEZHUK-231027-257100,CAUK001009,3.5T Van,LWB Van,DE74 2TR,WS9 0SW,52.829374,-1.332134,52.593326,-1.937572,2023-11-02 04:00:00+00:00,2023-11-02 05:00:00+00:00,2023-11-02 07:30:00+00:00,2023-11-02 10:30:00+00:00,True
SEZHUK-231027-257108,CAUK000689,Tractor Unit,Curtain-Side 13.6M Trailer,S80 3FY,SP4 7GQ,53.293393,-1.074008,51.17534,-1.753679,2023-10-30 13:00:00+00:00,2023-10-30 13:59:00+00:00,2023-10-31 06:55:00+00:00,2023-10-31 07:25:00+00:00,True
SEZHUK-231027-257111,CAUK000250,Tractor Unit,Curtain-Side 13.6M Trailer,S80 3FY,ASHBOURNE,53.293393,-1.074008,53.52341,-6.410445,2023-10-31 06:00:00+00:00,2023-10-31 06:59:00+00:00,2023-11-02 05:55:00+00:00,2023-11-02 06:25:00+00:00,True
SEZHUK-231027-257115,CAUK000250,Tractor Unit,Curtain-Side 13.6M Trailer,S80 3FY,BT36 7LQ,53.293393,-1.074008,54.664518,-5.932184,2023-10-31 06:00:00+00:00,2023-10-31 06:59:00+00:00,2023-11-02 08:25:00+00:00,2023-11-02 08:55:00+00:00,True
SEZHUK-231027-257146,CAUK000155,Tractor Unit,Box,BD12 7ER,RG19 4BQ,53.753295,-1.722689,51.398689,-1.232386,2023-10-30 19:00:00+00:00,2023-10-30 19:30:00+00:00,2023-10-31 02:00:00+00:00,2023-10-31 02:30:00+00:00,True
SEZHUK-231027-257147,CAUK000155,Tractor Unit,Box,BD12 7ER,RG19 4BQ,53.753295,-1.722689,51.398689,-1.232386,2023-10-31 19:00:00+00:00,2023-10-31 19:30:00+00:00,2023-11-01 02:00:00+00:00,2023-11-01 02:30:00+00:00,True
SEZHUK-231027-257149,CAUK000155,Tractor Unit,Box,BD12 7ER,RG19 4BQ,53.753295,-1.722689,51.398689,-1.232386,2023-11-02 19:00:00+00:00,2023-11-02 19:30:00+00:00,2023-11-03 02:00:00+00:00,2023-11-03 02:30:00+00:00,False
SEZHUK-231027-257150,CAUK000155,Tractor Unit,Box,BD12 7ER,RG19 4BQ,53.753295,-1.722689,51.398689,-1.232386,2023-11-03 19:00:00+00:00,2023-11-03 19:30:00+00:00,2023-11-04 02:00:00+00:00,2023-11-04 02:30:00+00:00,True
SEZHUK-231027-257153,CAUK000490,Tractor Unit,Box,BD12 7ER,CW1 6FB,53.753295,-1.722689,53.087056,-2.416485,2023-11-01 16:00:00+00:00,2023-11-01 16:30:00+00:00,2023-11-02 19:00:00+00:00,2023-11-02 19:30:00+00:00,True
SEZHUK-231027-257154,CAUK000490,Tractor Unit,Box,BD12 7ER,CW1 6FB,53.753295,-1.722689,53.087056,-2.416485,2023-11-02 16:00:00+00:00,2023-11-02 16:30:00+00:00,2023-11-03 19:00:00+00:00,2023-11-03 19:30:00+00:00,True
SEZHUK-231027-257155,CAUK000490,Tractor Unit,Box,BD12 7ER,CW1 6FB,53.753295,-1.722689,53.087056,-2.416485,2023-11-03 16:00:00+00:00,2023-11-03 16:30:00+00:00,2023-11-04 19:00:00+00:00,2023-11-04 19:30:00+00:00,True
SEZHUK-231027-257178,CAUK000155,Tractor Unit,Curtain-Side 13.6M Trailer,L11 0JA,DA17 6JY,53.462845,-2.896967,51.502211,0.154551,2023-10-30 11:00:00+00:00,2023-10-30 11:01:00+00:00,2023-10-31 09:55:00+00:00,2023-10-31 10:25:00+00:00,True
SEZHUK-231027-257188,CAUK000199,Tractor Unit,Curtain-Side 13.6M Trailer,LS11 5LX,LL13 9UE,53.767204,-1.547784,53.046804,-2.917933,2023-10-30 12:00:00+00:00,2023-10-30 12:30:00+00:00,2023-10-30 15:30:00+00:00,2023-10-30 16:00:00+00:00,False
SEZHUK-231027-257210,CAUK000435,Tractor Unit,Temperature-Controlled,PE15 0UW,RG21 6AB,52.51939,-0.000971,51.269448,-1.103727,2023-11-02 01:30:00+00:00,2023-11-02 02:30:00+00:00,2023-11-02 06:00:00+00:00,2023-11-02 18:00:00+00:00,True
SEZHUK-231027-257211,CAUK000435,Tractor Unit,Temperature-Controlled,PE15 0UW,RG21 6AB,52.51939,-0.000971,51.269448,-1.103727,2023-11-03 01:30:00+00:00,2023-11-03 02:30:00+00:00,2023-11-03 06:00:00+00:00,2023-11-03 18:00:00+00:00,True
SEZHUK-231027-257214,CAUK000781,Tractor Unit,Curtain-Side 13.6M Trailer,L11 0JA,DE72 2HP,53.462845,-2.896967,52.867015,-1.314862,2023-10-30 13:00:00+00:00,2023-10-30 13:01:00+00:00,2023-10-31 04:55:00+00:00,2023-10-31 05:25:00+00:00,True
SEZHUK-231027-257215,CAUK000155,Tractor Unit,Curtain-Side 13.6M Trailer,L11 0JA,ME9 8SR,53.462845,-2.896967,51.36932,0.749586,2023-10-30 13:00:00+00:00,2023-10-30 13:01:00+00:00,2023-10-31 05:55:00+00:00,2023-10-31 06:25:00+00:00,True
SEZHUK-231027-257222,CAUK000863,Tractor Unit,Curtain-Side 13.6M Trailer,NN17 4AZ,L33 7AP,52.507605,-0.693317,53.487931,-2.860516,2023-10-30 15:00:00+00:00,2023-10-30 15:30:00+00:00,2023-10-31 07:30:00+00:00,2023-10-31 08:00:00+00:00,False
SEZHUK-231027-257232,CAUK000310,Tractor Unit,Curtain-Side 13.6M Trailer,NN4 9BA,WF9 2RH,52.213462,-0.951036,53.601298,-1.266222,2023-10-31 05:00:00+00:00,2023-10-31 05:30:00+00:00,2023-10-31 10:30:00+00:00,2023-10-31 11:00:00+00:00,True
SEZHUK-231027-257237,CAUK000816,Tractor Unit,Curtain-Side 13.6M Trailer,DN11 9HE,NN4 9BF,53.437296,-1.068189,52.212328,-0.944564,2023-10-30 02:20:00+00:00,2023-10-30 03:29:00+00:00,2023-10-30 08:35:00+00:00,2023-10-30 09:05:00+00:00,True
SEZHUK-231027-257241,CAUK000222,Tractor Unit,Curtain-Side 13.6M Trailer,OL15 8QF,ST4 4FA,53.634051,-2.1142,52.983393,-2.181287,2023-10-30 10:00:00+00:00,2023-10-30 10:30:00+00:00,2023-10-30 16:30:00+00:00,2023-10-30 17:00:00+00:00,False
SEZHUK-231027-257248,CAUK000096,Tractor Unit,Curtain-Side 13.6M Trailer,WN4 8DE,LE19 1WY,53.501398,-2.64202,52.601991,-1.190434,2023-10-30 10:00:00+00:00,2023-10-30 10:30:00+00:00,2023-10-30 16:30:00+00:00,2023-10-30 17:00:00+00:00,False
SEZHUK-231027-257250,CAUK000034,Tractor Unit,Curtain-Side 13.6M Trailer,DN11 9HE,MK42 6EY,53.437296,-1.068189,52.093182,-0.475758,2023-10-30 04:50:00+00:00,2023-10-30 05:59:00+00:00,2023-10-30 10:55:00+00:00,2023-10-30 11:25:00+00:00,True
SEZHUK-231028-257406,CAUK000854,Tractor Unit,Curtain-Side 13.6M Trailer,L11 0JA,EH54 8QX,53.462845,-2.896967,55.896335,-3.53565,2023-10-30 11:00:00+00:00,2023-10-30 11:01:00+00:00,2023-10-30 17:00:00+00:00,2023-10-30 17:30:00+00:00,True
SEZHUK-231028-257408,CAUK000155,Tractor Unit,Curtain-Side 13.6M Trailer,L11 0JA,RM19 1ND,53.462845,-2.896967,51.480755,0.261461,2023-10-29 13:00:00+00:00,2023-10-29 13:01:00+00:00,2023-10-30 20:30:00+00:00,2023-10-30 21:00:00+00:00,True
SEZHUK-231028-257475,CAUK000435,Tractor Unit,Box 44ft,BD5 8LZ,EN3 7QP,53.763771,-1.739326,51.659325,-0.021793,2023-10-28 23:19:00+00:00,2023-10-29 01:00:01+00:00,2023-10-29 06:00:00+00:00,2023-10-29 08:55:01+00:00,True
SEZHUK-231029-257488,CAUK000192,26T Rigid,Curtain Side,LS10 1SL,M17 1NH,53.771668,-1.514934,53.474607,-2.319793,2023-10-30 13:00:00+00:00,2023-10-30 13:30:00+00:00,2023-10-30 15:00:00+00:00,2023-10-30 16:00:00+00:00,True
SEZHUK-231029-257555,CAUK000766,Tractor Unit,Box 44ft,BD5 8LZ,HP2 7PZ,53.763771,-1.739326,51.771841,-0.439918,2023-10-31 22:19:00+00:00,2023-11-01 01:00:01+00:00,2023-11-01 05:51:00+00:00,2023-11-01 08:46:01+00:00,True
SEZHUK-231029-257559,CAUK000814,Tractor Unit,Box 44ft,BD5 8LZ,HP2 7PZ,53.763771,-1.739326,51.771841,-0.439918,2023-11-01 22:19:00+00:00,2023-11-02 00:01:01+00:00,2023-11-02 05:00:00+00:00,2023-11-02 07:56:01+00:00,True
SEZHUK-231029-257560,CAUK000295,Tractor Unit,Box 44ft,BD5 8LZ,HP2 7PZ,53.763771,-1.739326,51.771841,-0.439918,2023-11-01 14:20:00+00:00,2023-11-01 16:00:01+00:00,2023-11-02 05:00:00+00:00,2023-11-02 07:56:01+00:00,True
SEZHUK-231029-257565,CAUK000295,Tractor Unit,Box 44ft,BD5 8LZ,HP2 7PZ,53.763771,-1.739326,51.771841,-0.439918,2023-11-02 14:20:00+00:00,2023-11-02 16:00:01+00:00,2023-11-03 05:00:00+00:00,2023-11-03 07:56:01+00:00,False
SEZHUK-231029-257576,CAUK000435,Tractor Unit,Box 44ft,BD5 8LZ,EN3 7QP,53.763771,-1.739326,51.659325,-0.021793,2023-10-31 22:19:00+00:00,2023-11-01 01:00:01+00:00,2023-11-01 06:00:00+00:00,2023-11-01 08:55:01+00:00,False
SEZHUK-231029-257579,CAUK000435,Tractor Unit,Box 44ft,BD5 8LZ,EN3 7QP,53.763771,-1.739326,51.659325,-0.021793,2023-10-30 22:19:00+00:00,2023-10-31 01:00:01+00:00,2023-10-31 06:00:00+00:00,2023-10-31 08:55:01+00:00,True
SEZHUK-231029-257580,CAUK000766,Tractor Unit,Box 44ft,BD5 8LZ,HP2 7PZ,53.763771,-1.739326,51.771841,-0.439918,2023-11-03 22:19:00+00:00,2023-11-04 01:00:01+00:00,2023-11-04 05:51:00+00:00,2023-11-04 08:46:01+00:00,False
SEZHUK-231029-257583,CAUK000435,Tractor Unit,Box 44ft,BD5 8LZ,EN3 7QP,53.763771,-1.739326,51.659325,-0.021793,2023-11-02 22:19:00+00:00,2023-11-03 01:00:01+00:00,2023-11-03 06:00:00+00:00,2023-11-03 08:55:01+00:00,True
SEZHUK-231029-257587,CAUK000863,Tractor Unit,Box 44ft,BD5 8LZ,HP2 7PZ,53.763771,-1.739326,51.771841,-0.439918,2023-10-31 12:20:00+00:00,2023-10-31 14:00:01+00:00,2023-11-01 05:00:00+00:00,2023-11-01 08:41:01+00:00,True
SEZHUK-231029-257591,CAUK000766,Tractor Unit,Box 44ft,BD5 8LZ,RG19 4BQ,53.763771,-1.739326,51.398851,-1.231993,2023-10-30 21:20:00+00:00,2023-10-30 23:00:01+00:00,2023-10-31 06:00:00+00:00,2023-10-31 08:56:01+00:00,True
SEZHUK-231029-257594,CAUK000814,Tractor Unit,Box 44ft,BD5 8LZ,RG19 4BQ,53.763771,-1.739326,51.398851,-1.231993,2023-10-31 18:20:00+00:00,2023-10-31 20:00:01+00:00,2023-11-01 06:00:00+00:00,2023-11-01 09:41:01+00:00,True
SEZHUK-231029-257600,CAUK000814,Tractor Unit,Box 44ft,BD5 8LZ,RG19 4BQ,53.763771,-1.739326,51.398851,-1.231993,2023-11-03 18:20:00+00:00,2023-11-03 20:00:01+00:00,2023-11-04 06:00:00+00:00,2023-11-04 09:41:01+00:00,True
SEZHUK-231029-257601,CAUK000766,Tractor Unit,Box 44ft,BD5 8LZ,RG19 4BQ,53.763771,-1.739326,51.398851,-1.231993,2023-11-03 21:20:00+00:00,2023-11-03 23:00:01+00:00,2023-11-04 06:00:00+00:00,2023-11-04 08:56:01+00:00,False
SEZHUK-231029-257614,CAUK000766,Tractor Unit,Box 44ft,BD5 8LZ,ME13 7TW,53.763771,-1.739326,51.328048,0.877608,2023-10-31 22:19:00+00:00,2023-11-01 00:01:01+00:00,2023-11-01 06:00:00+00:00,2023-11-01 08:56:01+00:00,False
SEZHUK-231029-257617,CAUK000766,Tractor Unit,Box 44ft,BD5 8LZ,ME13 7TW,53.763771,-1.739326,51.328048,0.877608,2023-11-01 22:19:00+00:00,2023-11-02 00:01:01+00:00,2023-11-02 06:00:00+00:00,2023-11-02 08:56:01+00:00,False
SEZHUK-231029-257642,CAUK000435,Tractor Unit,Box 44ft,BD5 8LZ,EN3 7QP,53.763771,-1.739326,51.659325,-0.021793,2023-11-01 22:19:00+00:00,2023-11-02 01:00:01+00:00,2023-11-02 06:00:00+00:00,2023-11-02 08:55:01+00:00,False
SEZHUK-231029-257643,CAUK000863,Tractor Unit,Box 44ft,BD5 8LZ,BS35 3UT,53.763771,-1.739326,51.602415,-2.522567,2023-11-01 12:20:00+00:00,2023-11-01 14:00:01+00:00,2023-11-02 06:00:00+00:00,2023-11-02 10:52:01+00:00,True
SEZHUK-231029-257647,CAUK000618,Tractor Unit,Box 44ft,BD5 8LZ,BS35 3UT,53.763771,-1.739326,51.602415,-2.522567,2023-11-04 01:20:00+00:00,2023-11-04 03:00:01+00:00,2023-11-04 08:15:00+00:00,2023-11-04 12:22:01+00:00,True
SEZHUK-231029-257653,CAUK000618,Tractor Unit,Box 44ft,BD5 8LZ,BS35 3UT,53.763771,-1.739326,51.602415,-2.522567,2023-10-31 01:20:00+00:00,2023-10-31 03:00:01+00:00,2023-10-31 08:15:00+00:00,2023-10-31 12:22:01+00:00,False
SEZHUK-231029-257655,CAUK000863,Tractor Unit,Box 44ft,BD5 8LZ,BS35 3UT,53.763771,-1.739326,51.602415,-2.522567,2023-11-03 01:20:00+00:00,2023-11-03 03:00:01+00:00,2023-11-03 08:15:00+00:00,2023-11-03 12:22:01+00:00,True
SEZHUK-231030-257662,CAUK000854,Tractor Unit,Curtain-Side 13.6M Trailer,DG16 5HT,SK4 1DR,55.003467,-3.042858,53.413337,-2.170565,2023-10-31 06:00:00+00:00,2023-10-31 15:00:00+00:00,2023-11-01 11:32:00+00:00,2023-11-01 12:00:00+00:00,True
SEZHUK-231030-257669,CAUK000689,Tractor Unit,Curtain-Side 13.6M Trailer,WA7 4HP,BS30 7DA,53.324964,-2.758291,51.444447,-2.497657,2023-10-31 07:00:00+00:00,2023-10-31 14:00:00+00:00,2023-11-01 10:32:00+00:00,2023-11-01 11:00:00+00:00,True
SEZHUK-231030-257708,CAUK000096,Tractor Unit,Curtain-Side 13.6M Trailer,RG24 8PD,NW10 6QY,51.279249,-1.072926,51.52668,-0.235678,2023-10-31 10:00:00+00:00,2023-10-31 10:30:00+00:00,2023-10-31 14:30:00+00:00,2023-10-31 15:00:00+00:00,False
SEZHUK-231030-257745,CAUK000124,Tractor Unit,Curtain-Side 13.6M Trailer,OX16 3ED,LE67 1UA,52.07404,-1.317257,52.701119,-1.339519,2023-10-31 13:00:00+00:00,2023-10-31 13:00:00+00:00,2023-11-01 11:00:00+00:00,2023-11-01 11:00:00+00:00,True
SEZHUK-231030-257757,CAUK000222,Tractor Unit,Curtain-Side 13.6M Trailer,L11 0JA,MK4 4BX,53.462845,-2.896967,51.992683,-0.784387,2023-10-31 21:00:00+00:00,2023-10-31 22:00:00+00:00,2023-11-01 10:55:00+00:00,2023-11-01 11:25:00+00:00,True
SEZHUK-231030-257759,CAUK000781,Tractor Unit,Curtain-Side 13.6M Trailer,L11 0JA,WV4 6UD,53.462845,-2.896967,52.560452,-2.099437,2023-11-01 11:00:00+00:00,2023-11-01 11:01:00+00:00,2023-11-01 16:55:00+00:00,2023-11-01 17:25:00+00:00,False
SEZHUK-231030-257771,CAUK000310,Tractor Unit,Tractor Only,ST16 3EF,CV8 3ED,52.806693,-2.12066,52.371656,-1.452312,2023-11-06 14:00:00+00:00,2023-11-06 15:00:00+00:00,2023-11-06 18:30:00+00:00,2023-11-06 19:30:00+00:00,True
SEZHUK-231030-257772,CAUK000310,Tractor Unit,Tractor Only,ST16 3EF,CV8 3ED,52.806693,-2.12066,52.371656,-1.452312,2023-11-07 14:00:00+00:00,2023-11-07 15:00:00+00:00,2023-11-07 18:30:00+00:00,2023-11-07 19:30:00+00:00,True
SEZHUK-231030-257775,CAUK000192,Tractor Unit,Curtain-Side 13.6M Trailer,LS10 1SL,DA14 5DF,53.771668,-1.514934,51.415995,0.118003,2023-10-31 08:00:00+00:00,2023-10-31 08:30:00+00:00,2023-10-31 15:30:00+00:00,2023-10-31 16:00:00+00:00,True
SEZHUK-231030-257778,CAUK000199,Tractor Unit,Curtain-Side 13.6M Trailer,LS10 1SL,BL5 3XU,53.771668,-1.514934,53.555966,-2.533663,2023-10-31 07:00:00+00:00,2023-10-31 07:30:00+00:00,2023-10-31 09:30:00+00:00,2023-10-31 10:00:00+00:00,False
SEZHUK-231030-257791,CAUK000222,Tractor Unit,Curtain-Side 13.6M Trailer,CF37 5TF,LE67 1UA,51.572559,-3.291144,52.701119,-1.339519,2023-10-30 12:00:00+00:00,2023-10-30 12:30:00+00:00,2023-10-31 08:00:00+00:00,2023-10-31 08:00:00+00:00,False
SEZHUK-231030-257797,CAUK000876,Tractor Unit,Curtain-Side 13.6M Trailer,LS24 9SD,BT26 6JJ,53.886427,-1.271051,54.474078,-6.104285,2023-10-31 11:00:00+00:00,2023-11-02 07:00:00+00:00,2023-11-03 07:30:00+00:00,2023-11-03 08:00:00+00:00,False
SEZHUK-231030-257800,CAUK000876,Tractor Unit,Curtain-Side 13.6M Trailer,BT26 6JJ,LS24 9SD,54.474078,-6.104285,53.886427,-1.271051,2023-11-02 08:00:00+00:00,2023-11-06 08:00:00+00:00,2023-11-06 08:30:00+00:00,2023-11-06 09:00:00+00:00,False
SEZHUK-231030-257810,CAUK000192,26T Rigid,Curtain Side,LS10 1SL,ST4 3PR,53.771668,-1.514934,52.988996,-2.205473,2023-10-31 06:00:00+00:00,2023-10-31 06:30:00+00:00,2023-10-31 09:00:00+00:00,2023-10-31 10:00:00+00:00,True
SEZHUK-231030-257828,CAUK000179,Tractor Unit,Curtain-Side 13.6M Trailer,PR7 7NA,EH54 8TB,53.686775,-2.672518,55.902675,-3.586822,2023-10-31 21:30:00+00:00,2023-10-31 22:00:00+00:00,2023-11-01 03:55:00+00:00,2023-11-01 04:25:00+00:00,False
SEZHUK-231030-257832,CAUK000689,Tractor Unit,Curtain-Side 13.6M Trailer,PE29 2XR,CF3 2GJ,52.315672,-0.157664,51.50328,-3.109119,2023-10-31 09:00:00+00:00,2023-10-31 10:00:00+00:00,2023-11-01 06:30:00+00:00,2023-11-01 07:00:00+00:00,False
SEZHUK-231030-257833,CAUK000863,Tractor Unit,Curtain-Side 13.6M Trailer,S80 3FY,OX16 2AA,53.293393,-1.074008,52.081463,-1.329055,2023-11-01 05:00:00+00:00,2023-11-01 05:59:00+00:00,2023-11-01 10:25:00+00:00,2023-11-01 10:55:00+00:00,True
SEZHUK-231030-257837,CAUK000863,Tractor Unit,Curtain-Side 13.6M Trailer,S80 3FY,OX16 2AA,53.293393,-1.074008,52.081463,-1.329055,2023-10-31 17:00:00+00:00,2023-10-31 17:59:00+00:00,2023-11-01 08:25:00+00:00,2023-11-01 08:55:00+00:00,True
SEZHUK-231030-257844,CAUK000689,Tractor Unit,Curtain-Side 13.6M Trailer,S80 3FY,GL3 4AQ,53.293393,-1.074008,51.841444,-2.171011,2023-10-31 16:00:00+00:00,2023-10-31 16:59:00+00:00,2023-11-01 11:25:00+00:00,2023-11-01 11:55:00+00:00,False
SEZHUK-231030-257845,CAUK000155,Tractor Unit,Curtain-Side 13.6M Trailer,L11 0JA,ME11 5AR,53.462845,-2.896967,51.411125,0.752907,2023-10-31 13:00:00+00:00,2023-10-31 13:01:00+00:00,2023-11-01 10:55:00+00:00,2023-11-01 11:25:00+00:00,True
SEZHUK-231030-257846,CAUK000863,Tractor Unit,Curtain-Side 13.6M Trailer,S80 3FY,RG2 0PN,53.293393,-1.074008,51.419654,-0.973301,2023-10-31 14:00:00+00:00,2023-10-31 14:59:00+00:00,2023-11-01 10:55:00+00:00,2023-11-01 11:25:00+00:00,True
SEZHUK-231030-257852,CAUK000055,Tractor Unit,Curtain-Side 13.6M Trailer,NN17 4AZ,HP2 7FZ,52.507605,-0.693317,51.767713,-0.438495,2023-10-31 14:15:00+00:00,2023-10-31 15:00:00+00:00,2023-11-01 10:30:00+00:00,2023-11-01 11:00:00+00:00,False
SEZHUK-231030-257853,CAUK000770,Tractor Unit,Curtain-Side 13.6M Trailer,S80 3FY,OX16 2AA,53.293393,-1.074008,52.081463,-1.329055,2023-10-31 14:00:00+00:00,2023-10-31 14:59:00+00:00,2023-11-01 08:55:00+00:00,2023-11-01 09:25:00+00:00,True
SEZHUK-231030-257855,CAUK000029,Tractor Unit,Curtain-Side 13.6M Trailer,DN11 9HE,EN11 0EZ,53.437296,-1.068189,51.766224,0.009545,2023-10-31 16:00:00+00:00,2023-10-31 16:59:00+00:00,2023-11-01 10:55:00+00:00,2023-11-01 11:25:00+00:00,True
SEZHUK-231030-257856,CAUK000689,Tractor Unit,Curtain-Side 13.6M Trailer,DN11 9HE,NP26 3TS,53.437296,-1.068189,51.57282,-2.85848,2023-11-01 07:00:00+00:00,2023-11-01 07:59:00+00:00,2023-11-01 15:55:00+00:00,2023-11-01 16:25:00+00:00,False
SEZHUK-231030-257857,CAUK000029,Tractor Unit,Curtain-Side 13.6M Trailer,DN11 9HE,RG2 0PN,53.437296,-1.068189,51.419654,-0.973301,2023-10-31 17:00:00+00:00,2023-10-31 17:59:00+00:00,2023-11-01 12:55:00+00:00,2023-11-01 13:25:00+00:00,True
SEZHUK-231030-257858,CAUK000155,Tractor Unit,Curtain-Side 13.6M Trailer,L11 0JA,RM19 1ND,53.462845,-2.896967,51.480755,0.261461,2023-11-01 03:00:00+00:00,2023-11-01 04:00:00+00:00,2023-11-01 07:30:00+00:00,2023-11-01 08:00:00+00:00,False
SEZHUK-231030-257876,CAUK000689,Tractor Unit,Curtain-Side 13.6M Trailer,L11 0JA,CF3 2GJ,53.462845,-2.896967,51.50328,-3.109119,2023-10-31 15:00:00+00:00,2023-10-31 15:01:00+00:00,2023-11-01 08:55:00+00:00,2023-11-01 09:25:00+00:00,True
SEZHUK-231030-257913,CAUK000689,Tractor Unit,Curtain-Side 13.6M Trailer,S80 3FY,NP16 6UD,53.293393,-1.074008,51.614678,-2.674519,2023-10-31 13:00:00+00:00,2023-10-31 13:59:00+00:00,2023-11-03 12:30:00+00:00,2023-11-03 13:00:00+00:00,True
SEZHUK-231030-257926,CAUK000222,Tractor Unit,Curtain-Side 13.6M Trailer,OL16 4NZ,LE19 1WY,53.602351,-2.126989,52.601991,-1.190434,2023-10-31 10:00:00+00:00,2023-10-31 10:30:00+00:00,2023-10-31 16:30:00+00:00,2023-10-31 17:00:00+00:00,True
SEZHUK-231031-257973,CAUK000096,Tractor Unit,Curtain-Side 13.6M Trailer,RG24 8PD,IG11 0DS,51.279249,-1.072926,51.515717,0.100453,2023-11-01 10:00:00+00:00,2023-11-01 10:30:00+00:00,2023-11-01 14:30:00+00:00,2023-11-01 15:00:00+00:00,False
SEZHUK-231031-257974,CAUK001028,Tractor Unit,Curtain-Side 13.6M Trailer,WA7 4HP,N11 3PW,53.324964,-2.758291,51.611578,-0.143669,2023-11-01 07:00:00+00:00,2023-11-01 14:00:00+00:00,2023-11-02 12:32:00+00:00,2023-11-02 13:00:00+00:00,False
SEZHUK-231031-257975,CAUK001028,Tractor Unit,Curtain-Side 13.6M Trailer,WA7 4HP,ME8 6BY,53.324964,-2.758291,51.369118,0.568841,2023-11-01 07:00:00+00:00,2023-11-01 14:00:00+00:00,2023-11-02 14:02:00+00:00,2023-11-02 14:30:00+00:00,True
SEZHUK-231031-257978,CAUK000935,Tractor Unit,Curtain-Side 13.6M Trailer,L11 0JA,EH54 8QX,53.462845,-2.896967,55.896335,-3.53565,2023-10-31 15:00:00+00:00,2023-10-31 16:00:00+00:00,2023-11-01 15:30:00+00:00,2023-11-01 16:00:00+00:00,False
SEZHUK-231031-257979,CAUK000029,Tractor Unit,Curtain-Side 13.6M Trailer,WA7 4HP,GU1 1AJ,53.324964,-2.758291,51.247484,-0.580755,2023-11-01 07:00:00+00:00,2023-11-01 14:00:00+00:00,2023-11-02 09:02:00+00:00,2023-11-02 09:30:00+00:00,True
SEZHUK-231031-257982,CAUK000096,Tractor Unit,Curtain-Side 13.6M Trailer,WS10 7WL,B66 2LF,52.543992,-2.030867,52.498661,-1.952333,2023-11-01 09:00:00+00:00,2023-11-01 09:30:00+00:00,2023-11-01 13:30:00+00:00,2023-11-01 14:00:00+00:00,True
SEZHUK-231031-257995,CAUK000096,Tractor Unit,Curtain-Side 13.6M Trailer,ME6 5PX,IG11 0DS,51.32487,0.446613,51.515717,0.100453,2023-11-01 09:00:00+00:00,2023-11-01 09:30:00+00:00,2023-11-01 13:30:00+00:00,2023-11-01 14:00:00+00:00,False
SEZHUK-231031-257997,CAUK000096,Tractor Unit,Curtain-Side 13.6M Trailer,ME6 5PX,IG11 0DS,51.32487,0.446613,51.515717,0.100453,2023-11-01 09:00:00+00:00,2023-11-01 09:30:00+00:00,2023-11-01 14:30:00+00:00,2023-11-01 15:00:00+00:00,True
SEZHUK-231031-257998,CAUK001028,Tractor Unit,Curtain-Side 13.6M Trailer,SG1 2DL,IG11 0DS,51.900329,-0.217132,51.515717,0.100453,2023-11-01 10:00:00+00:00,2023-11-01 10:30:00+00:00,2023-11-01 13:30:00+00:00,2023-11-01 14:00:00+00:00,True
SEZHUK-231031-258018,CAUK000029,Tractor Unit,Curtain-Side 13.6M Trailer,S80 3FY,NN15 5YT,53.293393,-1.074008,52.370504,-0.684925,2023-11-01 07:00:00+00:00,2023-11-01 07:59:00+00:00,2023-11-01 11:35:00+00:00,2023-11-01 12:05:00+00:00,False
SEZHUK-231031-258056,CAUK000155,Tractor Unit,Box,DA8 1DL,EH54 8QX,51.493182,0.167098,55.901847,-3.583873,2023-11-02 11:00:00+00:00,2023-11-02 11:30:00+00:00,2023-11-03 09:00:00+00:00,2023-11-03 09:30:00+00:00,True
SEZHUK-231031-258059,CAUK000029,Tractor Unit,Curtain-Side 13.6M Trailer,DN11 9HE,NN6 7TZ,53.437296,-1.068189,52.35193,-1.144734,2023-11-01 16:00:00+00:00,2023-11-01 16:59:00+00:00,2023-11-02 09:55:00+00:00,2023-11-02 10:25:00+00:00,True
SEZHUK-231031-258061,CAUK000029,Tractor Unit,Curtain-Side 13.6M Trailer,S80 3FY,RG2 0PN,53.293393,-1.074008,51.419654,-0.973301,2023-11-01 13:00:00+00:00,2023-11-01 13:59:00+00:00,2023-11-02 04:55:00+00:00,2023-11-02 05:25:00+00:00,False
SEZHUK-231031-258062,CAUK000155,Tractor Unit,Curtain-Side 13.6M Trailer,L11 0JA,RM19 1ND,53.462845,-2.896967,51.480755,0.261461,2023-11-01 14:00:00+00:00,2023-11-01 14:01:00+00:00,2023-11-02 02:55:00+00:00,2023-11-02 03:25:00+00:00,True
SEZHUK-231031-258063,CAUK000155,Tractor Unit,Curtain-Side 13.6M Trailer,L11 0JA,ME9 8SR,53.462845,-2.896967,51.36932,0.749586,2023-11-01 18:00:00+00:00,2023-11-01 18:01:00+00:00,2023-11-02 14:15:00+00:00,2023-11-02 14:45:00+00:00,True
SEZHUK-231031-258065,CAUK000876,Tractor Unit,Curtain-Side 13.6M Trailer,LS24 9SD,BT26 6JJ,53.886427,-1.271051,54.474078,-6.104285,2023-11-01 11:00:00+00:00,2023-11-03 07:00:00+00:00,2023-11-03 07:30:00+00:00,2023-11-03 08:00:00+00:00,False
SEZHUK-231031-258070,CAUK000029,Tractor Unit,Curtain-Side 13.6M Trailer,S80 3FY,TA6 4FG,53.293393,-1.074008,51.155543,-2.983834,2023-11-01 13:00:00+00:00,2023-11-01 13:59:00+00:00,2023-11-02 05:55:00+00:00,2023-11-02 06:25:00+00:00,True
SEZHUK-231031-258071,CAUK000029,Tractor Unit,Curtain-Side 13.6M Trailer,S80 3FY,RG2 0PN,53.293393,-1.074008,51.419654,-0.973301,2023-11-02 02:44:33+00:00,2023-11-02 03:43:33+00:00,2023-11-02 07:55:00+00:00,2023-11-02 08:25:00+00:00,False
SEZHUK-231031-258072,CAUK000876,Tractor Unit,Curtain-Side 13.6M Trailer,DE14 1PT,BT26 6JJ,52.811918,-1.630808,54.474078,-6.104285,2023-11-01 10:00:00+00:00,2023-11-03 07:00:00+00:00,2023-11-03 07:30:00+00:00,2023-11-03 08:00:00+00:00,True
SEZHUK-231031-258081,CAUK000155,Tractor Unit,Curtain-Side 13.6M Trailer,DE74 2UT,SL1 4PY,52.85112,-1.343226,51.525651,-0.628026,2023-11-01 13:00:00+00:00,2023-11-01 13:30:00+00:00,2023-11-01 18:30:00+00:00,2023-11-01 19:00:00+00:00,True
SEZHUK-231031-258086,CAUK000124,Tractor Unit,Curtain-Side 13.6M Trailer,NN4 7BW,LE67 1UA,52.215353,-0.86783,52.701119,-1.339519,2023-11-01 12:00:00+00:00,2023-11-01 13:00:00+00:00,2023-11-02 08:00:00+00:00,2023-11-02 08:00:00+00:00,True
SEZHUK-231031-258097,CAUK000863,Tractor Unit,Curtain-Side 13.6M Trailer,S80 3FY,EN11 0EZ,53.293393,-1.074008,51.766224,0.009545,2023-11-01 18:00:00+00:00,2023-11-01 18:59:00+00:00,2023-11-02 11:55:00+00:00,2023-11-02 12:25:00+00:00,False
SEZHUK-231031-258099,CAUK000770,Tractor Unit,Curtain-Side 13.6M Trailer,S80 3FY,NN6 7TZ,53.293393,-1.074008,52.35193,-1.144734,2023-11-01 16:00:00+00:00,2023-11-01 16:59:00+00:00,2023-11-02 06:55:00+00:00,2023-11-02 07:25:00+00:00,False
SEZHUK-231031-258103,CAUK000689,Tractor Unit,Curtain-Side 13.6M Trailer,S80 3FY,NP26 3TS,53.293393,-1.074008,51.57282,-2.85848,2023-11-01 14:00:00+00:00,2023-11-01 14:59:00+00:00,2023-11-02 02:55:00+00:00,2023-11-02 03:25:00+00:00,False
SEZHUK-231031-258131,CAUK000222,Tractor Unit,Curtain-Side 13.6M Trailer,L11 0JA,NN4 9BB,53.462845,-2.896967,52.215154,-0.947502,2023-11-01 15:00:00+00:00,2023-11-01 15:01:00+00:00,2023-11-02 07:55:00+00:00,2023-11-02 08:25:00+00:00,True
SEZHUK-231031-258145,CAUK000222,Tractor Unit,Curtain-Side 13.6M Trailer,L11 0JA,NN15 5YT,53.462845,-2.896967,52.370504,-0.684925,2023-11-01 16:00:00+00:00,2023-11-01 16:01:00+00:00,2023-11-02 06:55:00+00:00,2023-11-02 07:25:00+00:00,False
SEZHUK-231031-258153,CAUK000689,Tractor Unit,Curtain-Side 13.6M Trailer,L11 0JA,CF3 2GJ,53.462845,-2.896967,51.50328,-3.109119,2023-11-01 17:00:00+00:00,2023-11-01 17:01:00+00:00,2023-11-02 09:55:00+00:00,2023-11-02 10:25:00+00:00,False
SEZHUK-231031-258188,CAUK000222,Tractor Unit,Curtain-Side 13.6M Trailer,SK13 2NU,LE19 1WY,53.483205,-1.924197,52.601991,-1.190434,2023-11-01 10:00:00+00:00,2023-11-01 10:30:00+00:00,2023-11-01 16:30:00+00:00,2023-11-01 17:00:00+00:00,True
SEZHUK-231101-258202,CAUK000029,Tractor Unit,Curtain-Side 13.6M Trailer,DN3 3FG,B66 2EP,53.537133,-1.037405,52.5051,-1.958912,2023-11-02 06:00:00+00:00,2023-11-02 18:00:00+00:00,2023-11-03 07:32:00+00:00,2023-11-03 08:00:00+00:00,True
SEZHUK-231101-258215,CAUK000096,Tractor Unit,Curtain-Side 13.6M Trailer,HP22 5BL,B66 2LF,51.779657,-0.772897,52.498661,-1.952333,2023-11-02 09:00:00+00:00,2023-11-02 09:30:00+00:00,2023-11-02 13:30:00+00:00,2023-11-02 14:00:00+00:00,False
SEZHUK-231101-258218,CAUK000222,Tractor Unit,Curtain-Side 13.6M Trailer,BS35 4GG,BS11 9BT,51.55257,-2.65344,51.511084,-2.703002,2023-11-02 09:00:00+00:00,2023-11-02 09:30:00+00:00,2023-11-02 13:30:00+00:00,2023-11-02 14:00:00+00:00,False
SEZHUK-231101-258221,CAUK000096,Tractor Unit,Curtain-Side 13.6M Trailer,ME6 5PX,IG11 0DS,51.32487,0.446613,51.515717,0.100453,2023-11-02 09:00:00+00:00,2023-11-02 09:30:00+00:00,2023-11-02 13:30:00+00:00,2023-11-02 14:00:00+00:00,False
SEZHUK-231101-258222,CAUK000096,Tractor Unit,Curtain-Side 13.6M Trailer,SG1 2DL,NW10 6QY,51.900329,-0.217132,51.52668,-0.235678,2023-11-02 09:00:00+00:00,2023-11-02 09:30:00+00:00,2023-11-02 14:30:00+00:00,2023-11-02 15:00:00+00:00,False
SEZHUK-231101-258223,CAUK000096,Tractor Unit,Curtain-Side 13.6M Trailer,SS17 9DY,IG11 0DS,51.510091,0.459598,51.515717,0.100453,2023-11-02 09:00:00+00:00,2023-11-02 09:30:00+00:00,2023-11-02 13:30:00+00:00,2023-11-02 14:00:00+00:00,True
SEZHUK-231101-258224,CAUK000863,Tractor Unit,Curtain-Side 13.6M Trailer,IP31 2BG,B69 4PH,52.321427,0.924083,52.499596,-2.00619,2023-11-02 13:00:00+00:00,2023-11-02 13:48:00+00:00,2023-11-03 07:55:00+00:00,2023-11-03 08:25:00+00:00,False
SEZHUK-231101-258226,CAUK000428,Tractor Unit,Curtain-Side 13.6M Trailer,SS17 9DY,NW10 6QY,51.510091,0.459598,51.52668,-0.235678,2023-11-02 09:00:00+00:00,2023-11-02 09:30:00+00:00,2023-11-02 13:30:00+00:00,2023-11-02 14:00:00+00:00,True
SEZHUK-231101-258236,CAUK000623,Tractor Unit,Curtain-Side 13.6M Trailer,DE14 2WT,G41 1SS,52.800481,-1.663328,55.844093,-4.269283,2023-11-02 05:00:00+00:00,2023-11-02 06:00:00+00:00,2023-11-03 11:30:00+00:00,2023-11-03 12:00:00+00:00,False
SEZHUK-231101-258277,CAUK000435,Tractor Unit,Temperature-Controlled,PE15 0UW,RG21 6AB,52.51939,-0.000971,51.269448,-1.103727,2023-11-09 01:30:00+00:00,2023-11-09 02:30:00+00:00,2023-11-09 06:30:00+00:00,2023-11-09 07:00:00+00:00,False
SEZHUK-231101-258278,CAUK000435,Tractor Unit,Temperature-Controlled,PE15 0UW,RG21 6AB,52.51939,-0.000971,51.269448,-1.103727,2023-11-10 01:30:00+00:00,2023-11-10 02:30:00+00:00,2023-11-10 06:00:00+00:00,2023-11-10 18:00:00+00:00,True
SEZHUK-231101-258324,CAUK000199,3.5 T Van,LWB Van,LS10 1SL,BL4 8NB,53.771668,-1.514934,53.536726,-2.388382,2023-11-02 06:00:00+00:00,2023-11-02 06:30:00+00:00,2023-11-02 08:30:00+00:00,2023-11-02 09:00:00+00:00,False
SEZHUK-231101-258333,CAUK000155,Tractor Unit,Curtain-Side 13.6M Trailer,L11 0JA,RM19 1ND,53.462845,-2.896967,51.480755,0.261461,2023-11-02 13:00:00+00:00,2023-11-02 13:01:00+00:00,2023-11-03 03:55:00+00:00,2023-11-03 04:25:00+00:00,True
SEZHUK-231101-258383,CAUK000770,Tractor Unit,Curtain-Side 13.6M Trailer,DN11 9HE,NN4 9BF,53.437296,-1.068189,52.212328,-0.944564,2023-11-02 05:00:00+00:00,2023-11-02 05:59:00+00:00,2023-11-03 08:25:00+00:00,2023-11-03 08:55:00+00:00,True
SEZHUK-231101-258385,CAUK000235,Tractor Unit,Curtain-Side 13.6M Trailer,S80 3FY,RG2 0PN,53.293393,-1.074008,51.419654,-0.973301,2023-11-03 07:30:00+00:00,2023-11-03 08:00:00+00:00,2023-11-03 15:30:00+00:00,2023-11-03 16:00:00+00:00,False
SEZHUK-231101-258386,CAUK000854,Tractor Unit,Curtain-Side 13.6M Trailer,S80 3FY,FK3 8UZ,53.293393,-1.074008,56.013818,-3.740373,2023-11-02 13:00:00+00:00,2023-11-02 13:59:00+00:00,2023-11-03 10:55:00+00:00,2023-11-03 11:25:00+00:00,True
SEZHUK-231101-258403,CAUK000863,Tractor Unit,Curtain-Side 13.6M Trailer,S80 3FY,OX16 2AA,53.293393,-1.074008,52.081463,-1.329055,2023-11-02 15:00:00+00:00,2023-11-02 15:59:00+00:00,2023-11-03 10:25:00+00:00,2023-11-03 10:55:00+00:00,True
SEZHUK-231101-258431,CAUK000446,Tractor Unit,Curtain-Side 13.6M Trailer,S80 3FY,NN6 7TZ,53.293393,-1.074008,52.35193,-1.144734,2023-11-02 18:00:00+00:00,2023-11-02 18:59:00+00:00,2023-11-03 06:55:00+00:00,2023-11-03 07:25:00+00:00,True
SEZHUK-231101-258445,CAUK000863,Tractor Unit,Curtain-Side 13.6M Trailer,S80 3FY,N18 3BB,53.293393,-1.074008,51.614473,-0.042472,2023-11-02 17:00:00+00:00,2023-11-02 17:59:00+00:00,2023-11-03 09:55:00+00:00,2023-11-03 10:25:00+00:00,True
SEZHUK-231101-258446,CAUK000863,Tractor Unit,Curtain-Side 13.6M Trailer,S80 3FY,OX16 2AA,53.293393,-1.074008,52.081463,-1.329055,2023-11-03 03:00:00+00:00,2023-11-03 03:59:00+00:00,2023-11-03 08:25:00+00:00,2023-11-03 08:55:00+00:00,True
SEZHUK-231101-258447,CAUK000689,Tractor Unit,Curtain-Side 13.6M Trailer,L11 0JA,CF3 2GJ,53.462845,-2.896967,51.50328,-3.109119,2023-11-02 10:00:00+00:00,2023-11-02 10:01:00+00:00,2023-11-03 07:55:00+00:00,2023-11-03 08:25:00+00:00,True
SEZHUK-231101-258452,CAUK000222,Tractor Unit,Curtain-Side 13.6M Trailer,WN4 8DE,LE19 1WY,53.501398,-2.64202,52.601991,-1.190434,2023-11-02 10:00:00+00:00,2023-11-02 10:30:00+00:00,2023-11-02 16:30:00+00:00,2023-11-02 17:00:00+00:00,True
SEZHUK-231101-258457,CAUK000096,Tractor Unit,Curtain-Side 13.6M Trailer,SK16 4UG,LE19 1WY,53.467868,-2.096512,52.601991,-1.190434,2023-11-02 10:00:00+00:00,2023-11-02 10:30:00+00:00,2023-11-02 16:30:00+00:00,2023-11-02 17:00:00+00:00,True
SEZHUK-231102-258520,CAUK000863,Tractor Unit,Curtain-Side 13.6M Trailer,S80 3FY,SP4 7GQ,53.293393,-1.074008,51.17534,-1.753679,2023-11-04 07:00:00+00:00,2023-11-04 07:59:00+00:00,2023-11-04 14:55:00+00:00,2023-11-04 15:25:00+00:00,False
SEZHUK-231102-258521,CAUK000863,Tractor Unit,Curtain-Side 13.6M Trailer,HP22 5BL,B8 1AE,51.779657,-0.772897,52.482568,-1.868331,2023-11-03 10:30:00+00:00,2023-11-03 10:30:00+00:00,2023-11-03 13:30:00+00:00,2023-11-03 14:00:00+00:00,False
SEZHUK-231102-258523,CAUK000146,Tractor Unit,Curtain-Side 13.6M Trailer,M24 4DP,SP4 7SQ,53.547321,-2.202131,51.177012,-1.757833,2023-11-04 02:00:00+00:00,2023-11-04 03:00:00+00:00,2023-11-05 07:55:00+00:00,2023-11-05 08:25:00+00:00,True
SEZHUK-231102-258524,CAUK000146,Tractor Unit,Curtain-Side 13.6M Trailer,M24 4DP,SP4 7SQ,53.547321,-2.202131,51.177012,-1.757833,2023-11-04 02:00:00+00:00,2023-11-04 03:00:00+00:00,2023-11-05 05:55:00+00:00,2023-11-05 06:25:00+00:00,True
SEZHUK-231102-258533,CAUK000034,Tractor Unit,Curtain-Side 13.6M Trailer,SS17 9DY,NW10 6QY,51.510091,0.459598,51.52668,-0.235678,2023-11-06 09:00:00+00:00,2023-11-06 09:30:00+00:00,2023-11-06 13:30:00+00:00,2023-11-06 14:00:00+00:00,False
SEZHUK-231102-258539,CAUK001022,3.5T Van,LWB Van,SL3 0BB,E1W 2DA,51.470809,-0.514738,51.508022,-0.05711,2023-11-15 05:45:00+00:00,2023-11-15 06:45:00+00:00,2023-11-15 08:15:00+00:00,2023-11-15 09:15:00+00:00,True
SEZHUK-231102-258542,CAUK001009,3.5T Van,LWB Van,DE74 2TR,WS9 0SW,52.829374,-1.332134,52.593326,-1.937572,2023-11-16 04:00:00+00:00,2023-11-16 05:00:00+00:00,2023-11-16 07:30:00+00:00,2023-11-16 10:30:00+00:00,False
SEZHUK-231102-258543,CAUK001009,3.5T Van,LWB Van,DE74 2TR,CO4 9QJ,52.829374,-1.332134,51.920887,0.927015,2023-11-14 04:50:00+00:00,2023-11-14 05:50:00+00:00,2023-11-14 08:50:00+00:00,2023-11-14 09:50:00+00:00,True
SEZHUK-231102-258547,CAUK001022,3.5T Van,LWB Van,SL3 0BB,E1W 2DA,51.470809,-0.514738,51.508022,-0.05711,2023-11-17 05:45:00+00:00,2023-11-17 06:45:00+00:00,2023-11-17 08:15:00+00:00,2023-11-17 09:15:00+00:00,True
SEZHUK-231102-258550,CAUK001009,3.5T Van,LWB Van,NE11 0JY,DE74 2TR,54.922706,-1.607332,52.829374,-1.332134,2023-11-17 17:25:00+00:00,2023-11-17 18:25:00+00:00,2023-11-17 21:10:00+00:00,2023-11-17 22:10:00+00:00,True
SEZHUK-231102-258556,CAUK001022,3.5T Van,LWB Van,E1W 2DA,SL3 0BB,51.508022,-0.05711,51.470809,-0.514738,2023-11-15 19:05:00+00:00,2023-11-15 20:05:00+00:00,2023-11-15 21:05:00+00:00,2023-11-15 22:05:00+00:00,True
SEZHUK-231102-258558,CAUK001009,3.5T Van,LWB Van,DE74 2TR,RG2 0RP,52.829374,-1.332134,51.432237,-0.984601,2023-11-15 04:00:00+00:00,2023-11-15 05:00:00+00:00,2023-11-15 07:45:00+00:00,2023-11-15 08:45:00+00:00,True
SEZHUK-231102-258560,CAUK001009,3.5T Van,LWB Van,EN1 1TX,DE74 2TR,51.650981,-0.054718,52.826322,-1.348973,2023-11-16 16:15:00+00:00,2023-11-16 17:15:00+00:00,2023-11-16 20:00:00+00:00,2023-11-16 21:00:00+00:00,True
SEZHUK-231102-258563,CAUK001009,3.5T Van,LWB Van,BS32 0BF,DE74 2TR,51.54695,-2.551256,52.829374,-1.332134,2023-11-15 15:15:00+00:00,2023-11-15 16:15:00+00:00,2023-11-15 19:30:00+00:00,2023-11-15 20:30:00+00:00,True
SEZHUK-231102-258568,CAUK001009,3.5T Van,LWB Van,CO4 9QJ,DE74 2TR,51.920887,0.927015,52.829374,-1.332134,2023-11-14 17:30:00+00:00,2023-11-14 18:30:00+00:00,2023-11-14 21:10:00+00:00,2023-11-14 22:10:00+00:00,True
SEZHUK-231102-258569,CAUK001022,3.5T Van,LWB Van,SL3 0BB,E1W 2DA,51.470809,-0.514738,51.508022,-0.05711,2023-11-16 05:45:00+00:00,2023-11-16 06:45:00+00:00,2023-11-16 08:15:00+00:00,2023-11-16 09:15:00+00:00,True
SEZHUK-231102-258570,CAUK001022,3.5T Van,LWB Van,SL3 0BB,E1W 2DA,51.470809,-0.514738,51.508022,-0.05711,2023-11-14 05:45:00+00:00,2023-11-14 06:45:00+00:00,2023-11-14 08:15:00+00:00,2023-11-14 09:15:00+00:00,True
SEZHUK-231102-258575,CAUK001024,3.5T Van,LWB Van,CO4 9QJ,CM22 7FD,51.920887,0.927015,51.869555,0.216885,2023-11-13 18:15:00+00:00,2023-11-13 19:15:00+00:00,2023-11-13 20:15:00+00:00,2023-11-13 21:15:00+00:00,True
SEZHUK-231102-258577,CAUK001009,3.5T Van,LWB Van,SE14 5RW,DE74 2TR,51.507218,-0.127586,52.826322,-1.348973,2023-11-16 15:30:00+00:00,2023-11-16 16:30:00+00:00,2023-11-16 20:00:00+00:00,2023-11-16 21:00:00+00:00,True
SEZHUK-231102-258579,CAUK001022,3.5T Van,LWB Van,E1W 2DA,SL3 0BB,51.508022,-0.05711,51.470809,-0.514738,2023-11-16 19:05:00+00:00,2023-11-16 20:05:00+00:00,2023-11-16 21:05:00+00:00,2023-11-16 22:05:00+00:00,True
SEZHUK-231102-258585,CAUK001022,3.5T Van,LWB Van,E1W 2DA,SL3 0BB,51.508022,-0.05711,51.470809,-0.514738,2023-11-13 19:05:00+00:00,2023-11-13 20:05:00+00:00,2023-11-13 21:05:00+00:00,2023-11-13 22:05:00+00:00,True
SEZHUK-231102-258593,CAUK000029,Tractor Unit,Curtain-Side 13.6M Trailer,DN8 5TE,TN14 7NN,53.566639,-0.919839,51.328538,0.118422,2023-11-03 06:00:00+00:00,2023-11-03 18:00:00+00:00,2023-11-03 08:00:00+00:00,2023-11-03 18:00:00+00:00,True
SEZHUK-231102-258597,CAUK001009,3.5T Van,LWB Van,SE14 5RW,DE74 2TR,51.507218,-0.127586,52.826322,-1.348973,2023-11-15 15:30:00+00:00,2023-11-15 16:30:00+00:00,2023-11-15 20:00:00+00:00,2023-11-15 21:00:00+00:00,True
SEZHUK-231102-258600,CAUK001009,3.5T Van,LWB Van,L24 8RF,DE74 2TR,53.349124,-2.876108,52.829374,-1.332134,2023-11-15 18:25:00+00:00,2023-11-15 19:25:00+00:00,2023-11-15 21:15:00+00:00,2023-11-15 22:15:00+00:00,True
SEZHUK-231102-258601,CAUK000222,Tractor Unit,Curtain-Side 13.6M Trailer,L11 0JA,CV9 2SQ,53.462845,-2.896967,52.583936,-1.557171,2023-11-04 11:00:00+00:00,2023-11-04 11:01:00+00:00,2023-11-04 17:55:00+00:00,2023-11-04 18:25:00+00:00,True
SEZHUK-231102-258602,CAUK001022,3.5T Van,LWB Van,E1W 2DA,SL3 0BB,51.508022,-0.05711,51.470809,-0.514738,2023-11-14 19:05:00+00:00,2023-11-14 20:05:00+00:00,2023-11-14 21:05:00+00:00,2023-11-14 22:05:00+00:00,True
SEZHUK-231102-258606,CAUK001009,3.5T Van,LWB Van,DE74 2TR,CO4 9QJ,52.829374,-1.332134,51.920887,0.927015,2023-11-13 04:15:00+00:00,2023-11-13 05:15:00+00:00,2023-11-13 08:15:00+00:00,2023-11-13 09:15:00+00:00,True
SEZHUK-231102-258608,CAUK001009,3.5T Van,LWB Van,DE74 2TR,RG2 0RP,52.829374,-1.332134,51.432237,-0.984601,2023-11-17 04:00:00+00:00,2023-11-17 05:00:00+00:00,2023-11-17 07:45:00+00:00,2023-11-17 08:45:00+00:00,True
SEZHUK-231102-258609,CAUK001024,3.5T Van,LWB Van,CO4 9QJ,CM22 7FD,51.920887,0.927015,51.869555,0.216885,2023-11-15 18:15:00+00:00,2023-11-15 19:15:00+00:00,2023-11-15 20:15:00+00:00,2023-11-15 21:15:00+00:00,True
SEZHUK-231102-258611,CAUK001022,3.5T Van,LWB Van,E1W 2DA,SL3 0BB,51.508022,-0.05711,51.470809,-0.514738,2023-11-17 19:05:00+00:00,2023-11-17 20:05:00+00:00,2023-11-17 21:05:00+00:00,2023-11-17 22:05:00+00:00,True
SEZHUK-231102-258615,CAUK001009,3.5T Van,LWB Van,DE74 2TR,EN1 1TX,52.829374,-1.332134,51.650981,-0.054718,2023-11-16 04:50:00+00:00,2023-11-16 05:50:00+00:00,2023-11-16 08:20:00+00:00,2023-11-16 09:20:00+00:00,True
SEZHUK-231102-258616,CAUK001009,3.5T Van,LWB Van,CO4 9QJ,DE74 2TR,51.920887,0.927015,52.829374,-1.332134,2023-11-13 17:30:00+00:00,2023-11-13 18:30:00+00:00,2023-11-13 21:10:00+00:00,2023-11-13 22:10:00+00:00,True
SEZHUK-231102-258619,CAUK000222,Tractor Unit,Curtain-Side 13.6M Trailer,L11 0JA,DE72 2HP,53.462845,-2.896967,52.867015,-1.314862,2023-11-03 15:00:00+00:00,2023-11-03 15:01:00+00:00,2023-11-04 04:55:00+00:00,2023-11-04 05:25:00+00:00,True
SEZHUK-231102-258620,CAUK000124,Tractor Unit,Curtain-Side 13.6M Trailer,B46 1DA,LE67 1UA,52.523278,-1.709032,52.701119,-1.339519,2023-11-03 12:00:00+00:00,2023-11-03 13:00:00+00:00,2023-11-06 08:00:00+00:00,2023-11-06 08:00:00+00:00,True
SEZHUK-231102-258624,CAUK001009,3.5T Van,LWB Van,DE74 2TR,EN1 1TX,52.829374,-1.332134,51.650981,-0.054718,2023-11-16 04:45:00+00:00,2023-11-16 05:45:00+00:00,2023-11-16 08:15:00+00:00,2023-11-16 09:15:00+00:00,False
SEZHUK-231102-258628,CAUK001009,3.5T Van,LWB Van,DE74 2TR,EN1 1TX,52.829374,-1.332134,51.650981,-0.054718,2023-11-15 04:45:00+00:00,2023-11-15 05:45:00+00:00,2023-11-15 08:15:00+00:00,2023-11-15 09:15:00+00:00,True
SEZHUK-231102-258637,CAUK001009,3.5T Van,LWB Van,L24 8RF,DE74 2TR,53.349124,-2.876108,52.829374,-1.332134,2023-11-16 18:25:00+00:00,2023-11-16 19:25:00+00:00,2023-11-16 21:15:00+00:00,2023-11-16 22:15:00+00:00,True
SEZHUK-231102-258640,CAUK001009,3.5T Van,LWB Van,DE74 2TR,WS9 0SW,52.829374,-1.332134,52.593326,-1.937572,2023-11-14 04:00:00+00:00,2023-11-14 05:00:00+00:00,2023-11-14 07:30:00+00:00,2023-11-14 10:30:00+00:00,True
SEZHUK-231102-258649,CAUK001009,3.5T Van,LWB Van,NP10 9DQ,DE74 2TR,51.582459,-3.043825,52.829374,-1.332134,2023-11-18 08:30:00+00:00,2023-11-18 09:30:00+00:00,2023-11-18 12:30:00+00:00,2023-11-18 13:30:00+00:00,True
SEZHUK-231102-258654,CAUK001009,3.5T Van,LWB Van,NP10 9DQ,DE74 2TR,51.582459,-3.043825,52.829374,-1.332134,2023-11-17 17:50:00+00:00,2023-11-17 18:50:00+00:00,2023-11-17 21:30:00+00:00,2023-11-17 22:30:00+00:00,True
SEZHUK-231102-258659,CAUK001009,3.5T Van,LWB Van,DE74 2TR,EN1 1TX,52.829374,-1.332134,51.650981,-0.054718,2023-11-17 04:50:00+00:00,2023-11-17 05:50:00+00:00,2023-11-17 08:20:00+00:00,2023-11-17 09:20:00+00:00,False
SEZHUK-231102-258668,CAUK001009,3.5T Van,LWB Van,DE74 2TR,RG2 0RP,52.829374,-1.332134,51.432237,-0.984601,2023-11-14 04:00:00+00:00,2023-11-14 05:00:00+00:00,2023-11-14 07:45:00+00:00,2023-11-14 08:45:00+00:00,True
SEZHUK-231102-258674,CAUK000854,Tractor Unit,Curtain-Side 13.6M Trailer,DN8 5TE,IV2 5BA,53.566639,-0.919839,57.470155,-4.179144,2023-11-03 06:00:00+00:00,2023-11-03 16:00:00+00:00,2023-11-06 08:00:00+00:00,2023-11-06 15:59:00+00:00,True
SEZHUK-231102-258675,CAUK000863,Tractor Unit,Curtain-Side 13.6M Trailer,DN8 5TE,EN2 9EU,53.566639,-0.919839,51.668724,-0.066257,2023-11-03 06:00:00+00:00,2023-11-03 16:00:00+00:00,2023-11-06 08:00:00+00:00,2023-11-06 15:59:00+00:00,True
SEZHUK-231102-258691,CAUK000863,Tractor Unit,Curtain-Side 13.6M Trailer,S80 3FY,DA1 5XU,53.293393,-1.074008,51.465326,0.244394,2023-11-03 14:00:00+00:00,2023-11-03 14:59:00+00:00,2023-11-03 22:55:00+00:00,2023-11-03 23:25:00+00:00,True
SEZHUK-231102-258704,CAUK000155,Tractor Unit,Curtain-Side 13.6M Trailer,L11 0JA,RM19 1ND,53.462845,-2.896967,51.480755,0.261461,2023-11-03 10:00:00+00:00,2023-11-03 10:01:00+00:00,2023-11-04 18:30:00+00:00,2023-11-04 19:00:00+00:00,True
SEZHUK-231102-258709,CAUK000912,3.5T Van,Box,S35 2PW,LE3 8DX,53.476537,-1.471065,52.641456,-1.216005,2023-11-11 00:30:00+00:00,2023-11-11 01:00:00+00:00,2023-11-11 03:00:00+00:00,2023-11-11 03:30:00+00:00,True
SEZHUK-231102-258749,CAUK000912,3.5T Van,Box,DE74 2HJ,RG19 4BQ,52.849573,-1.348959,51.399439,-1.23272,2023-11-11 18:00:00+00:00,2023-11-11 18:30:00+00:00,2023-11-11 21:00:00+00:00,2023-11-11 21:30:00+00:00,False
SEZHUK-231102-258755,CAUK000912,3.5T Van,Box,S35 2PW,LS27 0FU,53.476537,-1.471065,53.734398,-1.604189,2023-11-12 03:15:00+00:00,2023-11-12 03:45:00+00:00,2023-11-12 05:00:00+00:00,2023-11-12 05:30:00+00:00,True
SEZHUK-231102-258759,CAUK000912,3.5T Van,Box,S35 2PW,LS27 0FU,53.476537,-1.471065,53.734398,-1.604189,2023-11-11 03:15:00+00:00,2023-11-11 03:45:00+00:00,2023-11-11 05:00:00+00:00,2023-11-11 05:30:00+00:00,True
SEZHUK-231102-258775,CAUK000912,3.5T Van,Box,S35 2PW,LE3 8DX,53.476537,-1.471065,52.641456,-1.216005,2023-11-09 00:30:00+00:00,2023-11-09 01:00:00+00:00,2023-11-09 03:00:00+00:00,2023-11-09 03:30:00+00:00,True
SEZHUK-231102-258786,CAUK000912,3.5T Van,Box,S35 2PW,LE3 8DX,53.476537,-1.471065,52.641456,-1.216005,2023-11-07 00:30:00+00:00,2023-11-07 01:00:00+00:00,2023-11-07 03:00:00+00:00,2023-11-07 03:30:00+00:00,True
SEZHUK-231102-258790,CAUK000912,3.5T Van,Box,S35 2PW,LE3 8DX,53.476537,-1.471065,52.641456,-1.216005,2023-11-10 00:30:00+00:00,2023-11-10 01:00:00+00:00,2023-11-10 03:00:00+00:00,2023-11-10 03:30:00+00:00,True
SEZHUK-231102-258794,CAUK000912,3.5T Van,Box,BD5 8LZ,LE3 8DX,53.766832,-1.740516,52.641456,-1.216005,2023-11-11 00:30:00+00:00,2023-11-11 01:00:00+00:00,2023-11-12 02:30:00+00:00,2023-11-12 03:00:00+00:00,True
SEZHUK-231102-258796,CAUK000912,3.5T Van,Box,S35 2PW,LS27 0FU,53.476537,-1.471065,53.734398,-1.604189,2023-11-07 03:15:00+00:00,2023-11-07 03:45:00+00:00,2023-11-07 05:00:00+00:00,2023-11-07 05:30:00+00:00,True
SEZHUK-231102-258810,CAUK000912,3.5T Van,Box,BD5 8LZ,LE3 8DX,53.766832,-1.740516,52.641456,-1.216005,2023-11-05 00:30:00+00:00,2023-11-05 01:00:00+00:00,2023-11-06 02:30:00+00:00,2023-11-06 03:00:00+00:00,True
SEZHUK-231102-258820,CAUK000912,3.5T Van,Box,BD5 8LZ,LE3 8DX,53.766832,-1.740516,52.641456,-1.216005,2023-11-06 00:30:00+00:00,2023-11-06 01:00:00+00:00,2023-11-07 02:30:00+00:00,2023-11-07 03:00:00+00:00,True
SEZHUK-231102-258822,CAUK000912,3.5T Van,Box,S35 2PW,LS27 0FU,53.476537,-1.471065,53.734398,-1.604189,2023-11-08 03:15:00+00:00,2023-11-08 03:45:00+00:00,2023-11-08 05:00:00+00:00,2023-11-08 05:30:00+00:00,True
SEZHUK-231102-258825,CAUK000912,3.5T Van,Box,BD5 8LZ,LE3 8DX,53.766832,-1.740516,52.641456,-1.216005,2023-11-09 00:30:00+00:00,2023-11-09 01:00:00+00:00,2023-11-10 02:30:00+00:00,2023-11-10 03:00:00+00:00,True
SEZHUK-231102-258827,CAUK000912,3.5T Van,Box,S35 2PW,LS27 0FU,53.476537,-1.471065,53.734398,-1.604189,2023-11-06 03:15:00+00:00,2023-11-06 03:45:00+00:00,2023-11-06 05:00:00+00:00,2023-11-06 05:30:00+00:00,True
SEZHUK-231102-258835,CAUK000912,3.5T Van,Box,S35 2PW,LE3 8DX,53.476537,-1.471065,52.641456,-1.216005,2023-11-12 00:30:00+00:00,2023-11-12 01:00:00+00:00,2023-11-12 03:00:00+00:00,2023-11-12 03:30:00+00:00,True
SEZHUK-231102-258836,CAUK000912,3.5T Van,Box,BD5 8LZ,LE3 8DX,53.766832,-1.740516,52.641456,-1.216005,2023-11-08 00:30:00+00:00,2023-11-08 01:00:00+00:00,2023-11-09 02:30:00+00:00,2023-11-09 03:00:00+00:00,True
SEZHUK-231102-258863,CAUK000912,3.5T Van,Box,BD5 8LZ,LE3 8DX,53.766832,-1.740516,52.641456,-1.216005,2023-11-07 00:30:00+00:00,2023-11-07 01:00:00+00:00,2023-11-08 02:30:00+00:00,2023-11-08 03:00:00+00:00,True
SEZHUK-231102-258864,CAUK000912,3.5T Van,Box,S35 2PW,LS27 0FU,53.476537,-1.471065,53.734398,-1.604189,2023-11-10 03:15:00+00:00,2023-11-10 03:45:00+00:00,2023-11-10 05:00:00+00:00,2023-11-10 05:30:00+00:00,True
SEZHUK-231102-258866,CAUK000912,3.5T Van,Box,S35 2PW,LE3 8DX,53.476537,-1.471065,52.641456,-1.216005,2023-11-06 00:30:00+00:00,2023-11-06 01:00:00+00:00,2023-11-06 03:00:00+00:00,2023-11-06 03:30:00+00:00,True
SEZHUK-231102-258876,CAUK000912,3.5T Van,Box,BD5 8LZ,LE3 8DX,53.766832,-1.740516,52.641456,-1.216005,2023-11-10 00:30:00+00:00,2023-11-10 01:00:00+00:00,2023-11-11 02:30:00+00:00,2023-11-11 03:00:00+00:00,True
SEZHUK-231102-258880,CAUK000912,3.5T Van,Box,S35 2PW,LE3 8DX,53.476537,-1.471065,52.641456,-1.216005,2023-11-08 00:30:00+00:00,2023-11-08 01:00:00+00:00,2023-11-08 03:00:00+00:00,2023-11-08 03:30:00+00:00,True
SEZHUK-231102-258887,CAUK000863,Tractor Unit,Curtain-Side 13.6M Trailer,DE14 2WT,NE11 0RQ,52.800481,-1.663328,54.940326,-1.617581,2023-11-05 08:00:00+00:00,2023-11-06 10:00:00+00:00,2023-11-06 10:30:00+00:00,2023-11-06 11:00:00+00:00,True
SEZHUK-231102-258889,CAUK000689,Tractor Unit,Curtain-Side 13.6M Trailer,S80 3FY,SN3 4DB,53.293393,-1.074008,51.579105,-1.718746,2023-11-03 17:00:00+00:00,2023-11-03 17:59:00+00:00,2023-11-04 12:55:00+00:00,2023-11-04 13:25:00+00:00,False
SEZHUK-231102-258892,CAUK000199,3.5 T Van,LWB Van,LS10 1SL,WN5 0JL,53.771668,-1.514934,53.552584,-2.685708,2023-11-03 07:00:00+00:00,2023-11-03 07:30:00+00:00,2023-11-03 10:00:00+00:00,2023-11-03 10:30:00+00:00,False
SEZHUK-231102-258896,CAUK000199,18T Rigid,Curtain Side,LS10 1SL,LE18 4PQ,53.771668,-1.514934,52.577172,-1.131889,2023-11-03 05:00:00+00:00,2023-11-03 05:30:00+00:00,2023-11-03 09:00:00+00:00,2023-11-03 09:30:00+00:00,False
SEZHUK-231102-258898,CAUK000876,Tractor Unit,Curtain-Side 13.6M Trailer,LS24 9SD,BT26 6JJ,53.886427,-1.271051,54.474078,-6.104285,2023-11-03 10:00:00+00:00,2023-11-07 07:00:00+00:00,2023-11-07 07:30:00+00:00,2023-11-07 08:00:00+00:00,False
SEZHUK-231102-258899,CAUK000029,Tractor Unit,Curtain-Side 13.6M Trailer,S80 3FY,RM19 1ND,53.293393,-1.074008,51.480755,0.261461,2023-11-04 06:00:00+00:00,2023-11-04 06:59:00+00:00,2023-11-04 12:30:00+00:00,2023-11-04 13:00:00+00:00,True
SEZHUK-231102-258900,CAUK000029,Tractor Unit,Curtain-Side 13.6M Trailer,S80 3FY,RM19 1ND,53.293393,-1.074008,51.480755,0.261461,2023-11-04 05:00:00+00:00,2023-11-04 05:59:00+00:00,2023-11-04 12:30:00+00:00,2023-11-04 13:00:00+00:00,True
SEZHUK-231102-258909,CAUK000428,Tractor Unit,Curtain-Side 13.6M Trailer,PE29 2XR,FK3 8UZ,52.315672,-0.157664,56.013818,-3.740373,2023-11-04 14:00:00+00:00,2023-11-04 15:00:00+00:00,2023-11-05 14:00:00+00:00,2023-11-05 15:00:00+00:00,True
SEZHUK-231102-258924,CAUK000689,Tractor Unit,Curtain-Side 13.6M Trailer,PR7 7NA,NP26 3TS,53.686775,-2.672518,51.57282,-2.85848,2023-11-03 16:00:00+00:00,2023-11-03 17:00:00+00:00,2023-11-04 10:55:00+00:00,2023-11-04 11:25:00+00:00,False
SEZHUK-231102-258937,CAUK000863,Tractor Unit,Curtain-Side 13.6M Trailer,S80 3FY,UB6 0AA,53.293393,-1.074008,51.542359,-0.344091,2023-11-06 13:00:00+00:00,2023-11-06 13:59:00+00:00,2023-11-06 20:55:00+00:00,2023-11-06 21:25:00+00:00,False
SEZHUK-231102-258951,CAUK000222,Tractor Unit,Curtain-Side 13.6M Trailer,L11 0JA,WS11 8JH,53.462845,-2.896967,52.67816,-2.003448,2023-11-05 22:00:00+00:00,2023-11-05 22:00:00+00:00,2023-11-06 05:55:00+00:00,2023-11-06 06:25:00+00:00,True
SEZHUK-231102-258954,CAUK000863,Tractor Unit,Curtain-Side 13.6M Trailer,S80 3FY,OX16 2AA,53.293393,-1.074008,52.081463,-1.329055,2023-11-06 05:00:00+00:00,2023-11-06 05:59:00+00:00,2023-11-06 10:25:00+00:00,2023-11-06 10:55:00+00:00,False
SEZHUK-231102-258956,CAUK000029,Tractor Unit,Curtain-Side 13.6M Trailer,S80 3FY,SP4 7GQ,53.293393,-1.074008,51.17534,-1.753679,2023-11-06 13:00:00+00:00,2023-11-06 13:59:00+00:00,2023-11-06 19:55:00+00:00,2023-11-06 20:25:00+00:00,False
SEZHUK-231102-258957,CAUK000863,Tractor Unit,Curtain-Side 13.6M Trailer,S80 3FY,DA8 1DE,53.293393,-1.074008,51.493182,0.167098,2023-11-05 14:00:00+00:00,2023-11-05 14:59:00+00:00,2023-11-06 06:55:00+00:00,2023-11-06 07:25:00+00:00,True
SEZHUK-231102-258964,CAUK000250,Tractor Unit,Curtain-Side 13.6M Trailer,S80 3FY,ASHBOURNE,53.293393,-1.074008,53.52341,-6.410445,2023-11-06 06:00:00+00:00,2023-11-06 06:59:00+00:00,2023-11-08 06:00:00+00:00,2023-11-08 06:15:00+00:00,True
SEZHUK-231102-258977,CAUK000029,Tractor Unit,Curtain-Side 13.6M Trailer,DN11 9HE,NN6 7TZ,53.437296,-1.068189,52.35193,-1.144734,2023-11-06 05:00:00+00:00,2023-11-06 05:59:00+00:00,2023-11-06 11:55:00+00:00,2023-11-06 12:25:00+00:00,False
SEZHUK-231102-259027,CAUK000310,Tractor Unit,Curtain-Side 13.6M Trailer,NN4 9BA,DA18 4AG,52.213462,-0.951036,51.497213,0.142124,2023-11-06 11:00:00+00:00,2023-11-06 11:45:00+00:00,2023-11-06 15:30:00+00:00,2023-11-06 16:15:00+00:00,True
SEZHUK-231102-259098,CAUK000096,Tractor Unit,Curtain-Side 13.6M Trailer,OL15 8QF,LE19 1WY,53.634051,-2.1142,52.601991,-1.190434,2023-11-03 10:00:00+00:00,2023-11-03 10:30:00+00:00,2023-11-03 16:30:00+00:00,2023-11-03 17:00:00+00:00,True
SEZHUK-231102-259102,CAUK000222,Tractor Unit,Curtain-Side 13.6M Trailer,SK16 4UG,LE19 1WY,53.467868,-2.096512,52.601991,-1.190434,2023-11-03 10:00:00+00:00,2023-11-03 10:30:00+00:00,2023-11-03 16:30:00+00:00,2023-11-03 17:00:00+00:00,False
SEZHUK-231102-259104,CAUK000096,Tractor Unit,Curtain-Side 13.6M Trailer,BD4 6SG,ST4 4FA,53.759369,-1.739318,52.983393,-2.181287,2023-11-03 10:00:00+00:00,2023-11-03 10:30:00+00:00,2023-11-03 16:30:00+00:00,2023-11-03 17:00:00+00:00,False
SEZHUK-231102-259107,CAUK000222,Tractor Unit,Curtain-Side 13.6M Trailer,WN4 8DE,LE19 1WY,53.501398,-2.64202,52.601991,-1.190434,2023-11-03 10:00:00+00:00,2023-11-03 10:30:00+00:00,2023-11-03 16:30:00+00:00,2023-11-03 17:00:00+00:00,True
SEZHUK-231103-259113,CAUK000689,Tractor Unit,Curtain-Side 13.6M Trailer,DN3 3FG,TQ12 6GN,53.537133,-1.037405,50.55996,-3.669927,2023-11-07 06:00:00+00:00,2023-11-07 18:00:00+00:00,2023-11-08 06:02:00+00:00,2023-11-08 06:30:00+00:00,False
SEZHUK-231103-259117,CAUK000770,Tractor Unit,Curtain-Side 13.6M Trailer,DN3 3FG,HP22 5EZ,53.537133,-1.037405,51.818102,-0.739456,2023-11-07 06:00:00+00:00,2023-11-07 18:00:00+00:00,2023-11-08 09:32:00+00:00,2023-11-08 10:00:00+00:00,False
SEZHUK-231103-259147,CAUK000096,Tractor Unit,Curtain-Side 13.6M Trailer,HP22 5BL,NG7 2SD,51.779657,-0.772897,52.934662,-1.181471,2023-11-06 09:00:00+00:00,2023-11-06 09:30:00+00:00,2023-11-06 13:30:00+00:00,2023-11-06 14:00:00+00:00,False
SEZHUK-231103-259157,CAUK000863,Tractor Unit,Curtain-Side 13.6M Trailer,L11 0JA,MK42 6EY,53.462845,-2.896967,52.093182,-0.475758,2023-11-07 17:00:00+00:00,2023-11-07 17:01:00+00:00,2023-11-07 23:25:00+00:00,2023-11-07 23:55:00+00:00,True
SEZHUK-231103-259160,CAUK000155,Tractor Unit,Curtain-Side 13.6M Trailer,L11 0JA,RM19 1ND,53.462845,-2.896967,51.480755,0.261461,2023-11-05 00:00:00+00:00,2023-11-05 23:59:00+00:00,2023-11-05 18:30:00+00:00,2023-11-05 23:59:00+00:00,True
SEZHUK-231103-259164,CAUK000863,Tractor Unit,Curtain-Side 13.6M Trailer,L11 0JA,RG2 0PN,53.462845,-2.896967,51.419654,-0.973301,2023-11-03 16:00:00+00:00,2023-11-03 17:00:00+00:00,2023-11-05 08:25:00+00:00,2023-11-05 08:55:00+00:00,True
SEZHUK-231103-259171,CAUK000781,Tractor Unit,Curtain-Side 13.6M Trailer,L11 0JA,DE72 2HP,53.462845,-2.896967,52.867015,-1.314862,2023-11-06 13:00:00+00:00,2023-11-06 13:01:00+00:00,2023-11-07 05:55:00+00:00,2023-11-07 06:25:00+00:00,True
SEZHUK-231103-259181,CAUK000863,Tractor Unit,Curtain-Side 13.6M Trailer,DN3 3FG,NN4 7EX,53.537133,-1.037405,52.220692,-0.857877,2023-11-07 06:00:00+00:00,2023-11-07 18:00:00+00:00,2023-11-08 08:32:00+00:00,2023-11-08 09:00:00+00:00,True
SEZHUK-231103-259182,CAUK000124,Tractor Unit,Curtain-Side 13.6M Trailer,HP22 5BL,LE67 1UA,51.779657,-0.772897,52.701119,-1.339519,2023-11-06 08:00:00+00:00,2023-11-06 08:30:00+00:00,2023-11-08 12:30:00+00:00,2023-11-08 13:00:00+00:00,True
SEZHUK-231103-259191,CAUK000155,Tractor Unit,Box,DA8 1DL,EH54 8QX,51.493182,0.167098,55.901847,-3.583873,2023-11-08 11:00:00+00:00,2023-11-08 11:30:00+00:00,2023-11-09 08:00:00+00:00,2023-11-09 08:30:00+00:00,True
SEZHUK-231103-259193,CAUK000155,Tractor Unit,Box,RM9 6RS,EH54 8QX,51.530739,0.138456,55.901847,-3.583873,2023-11-09 11:00:00+00:00,2023-11-09 11:30:00+00:00,2023-11-10 08:00:00+00:00,2023-11-10 09:00:00+00:00,True
SEZHUK-231103-259194,CAUK000310,Tractor Unit,Curtain-Side 13.6M Trailer,DE14 2WT,NN8 6GR,52.800481,-1.663328,52.30156,-0.733166,2023-11-06 07:00:00+00:00,2023-11-06 07:30:00+00:00,2023-11-06 10:30:00+00:00,2023-11-06 11:00:00+00:00,True
SEZHUK-231103-259196,CAUK000310,Tractor Unit,Curtain-Side 13.6M Trailer,DE14 2WT,DA18 4AG,52.800481,-1.663328,51.497213,0.142124,2023-11-07 09:00:00+00:00,2023-11-07 09:30:00+00:00,2023-11-07 15:30:00+00:00,2023-11-07 16:00:00+00:00,False
SEZHUK-231103-259202,CAUK000029,Tractor Unit,Curtain-Side 13.6M Trailer,DN11 9HE,RG2 0PN,53.437296,-1.068189,51.419654,-0.973301,2023-11-04 08:00:00+00:00,2023-11-04 08:59:00+00:00,2023-11-05 10:25:00+00:00,2023-11-05 10:55:00+00:00,False
SEZHUK-231103-259206,CAUK000689,Tractor Unit,Curtain-Side 13.6M Trailer,DE12 8AA,TA6 4FG,52.690284,-1.548894,51.155543,-2.983834,2023-11-06 13:56:00+00:00,2023-11-06 14:56:00+00:00,2023-11-07 06:30:00+00:00,2023-11-07 07:00:00+00:00,True
SEZHUK-231103-259207,CAUK000689,Tractor Unit,Curtain-Side 13.6M Trailer,DE12 8AA,TA6 4FG,52.690284,-1.548894,51.155543,-2.983834,2023-11-06 14:00:00+00:00,2023-11-06 15:00:00+00:00,2023-11-07 08:10:00+00:00,2023-11-07 08:40:00+00:00,True
SEZHUK-231103-259260,CAUK000096,Tractor Unit,Curtain-Side 13.6M Trailer,PE29 2XR,EH48 2FB,52.315672,-0.157664,55.877803,-3.648558,2023-11-06 12:00:00+00:00,2023-11-06 13:00:00+00:00,2023-11-07 07:30:00+00:00,2023-11-07 08:00:00+00:00,True
SEZHUK-231103-259270,CAUK000116,Tractor Unit,Curtain-Side 13.6M Trailer,S80 3FY,SP4 7GQ,53.293393,-1.074008,51.17534,-1.753679,2023-11-07 16:55:00+00:00,2023-11-07 17:54:00+00:00,2023-11-07 17:00:00+00:00,2023-11-07 17:54:00+00:00,True
SEZHUK-231103-259287,CAUK000854,Tractor Unit,Curtain-Side 13.6M Trailer,S80 3FY,EH54 8QX,53.293393,-1.074008,55.896335,-3.53565,2023-11-06 12:00:00+00:00,2023-11-06 12:59:00+00:00,2023-11-07 06:30:00+00:00,2023-11-07 07:00:00+00:00,False
SEZHUK-231103-259295,CAUK000224,Tractor Unit,Curtain-Side 13.6M Trailer,S80 3FY,IP1 5NX,53.293393,-1.074008,52.082025,1.114378,2023-11-06 06:00:00+00:00,2023-11-06 07:00:00+00:00,2023-11-06 12:00:00+00:00,2023-11-06 12:30:00+00:00,False
SEZHUK-231103-259325,CAUK000689,Tractor Unit,Curtain-Side 13.6M Trailer,S80 3FY,TA6 4FG,53.293393,-1.074008,51.155543,-2.983834,2023-11-06 14:30:00+00:00,2023-11-06 15:29:00+00:00,2023-11-07 09:15:00+00:00,2023-11-07 09:45:00+00:00,True
SEZHUK-231103-259329,CAUK000155,Tractor Unit,Curtain-Side 13.6M Trailer,DE74 2UT,SL1 4PY,52.85112,-1.343226,51.525651,-0.628026,2023-11-06 14:00:00+00:00,2023-11-06 14:30:00+00:00,2023-11-06 18:30:00+00:00,2023-11-06 19:00:00+00:00,True
SEZHUK-231103-259332,CAUK000199,7.5T Rigid,Curtain Side,LS10 1SL,ST4 3PR,53.771668,-1.514934,52.993263,-2.145935,2023-11-06 06:00:00+00:00,2023-11-06 06:30:00+00:00,2023-11-06 08:30:00+00:00,2023-11-06 09:00:00+00:00,False
SEZHUK-231103-259337,CAUK000155,Tractor Unit,Curtain-Side 13.6M Trailer,L11 0JA,DA17 6JY,53.462845,-2.896967,51.502211,0.154551,2023-11-06 14:00:00+00:00,2023-11-06 14:01:00+00:00,2023-11-07 06:55:00+00:00,2023-11-07 07:25:00+00:00,True
SEZHUK-231103-259342,CAUK000155,Tractor Unit,Curtain-Side 13.6M Trailer,L11 0JA,ME11 5AR,53.462845,-2.896967,51.411125,0.752907,2023-11-06 16:00:00+00:00,2023-11-06 16:01:00+00:00,2023-11-07 10:55:00+00:00,2023-11-07 11:25:00+00:00,True
SEZHUK-231103-259352,CAUK000250,Tractor Unit,Curtain-Side 13.6M Trailer,S80 3FY,MITCHELSTOWN,53.293393,-1.074008,52.245334,-8.430026,2023-11-06 06:00:00+00:00,2023-11-06 06:59:00+00:00,2023-11-09 10:25:00+00:00,2023-11-09 10:55:00+00:00,True
SEZHUK-231103-259354,CAUK001028,Tractor Unit,Curtain-Side 13.6M Trailer,NN9 5DB,CM19 4ED,52.322608,-0.622401,51.76935,0.08155,2023-11-06 16:30:00+00:00,2023-11-06 17:00:00+00:00,2023-11-07 10:45:00+00:00,2023-11-07 11:15:00+00:00,False
SEZHUK-231103-259367,CAUK000490,Tractor Unit,Box,BD12 7ER,CW1 6FB,53.753295,-1.722689,53.087056,-2.416485,2023-11-06 16:00:00+00:00,2023-11-06 16:30:00+00:00,2023-11-07 19:00:00+00:00,2023-11-07 19:30:00+00:00,True
SEZHUK-231103-259371,CAUK000490,Tractor Unit,Box,BD12 7ER,CW1 6FB,53.753295,-1.722689,53.087056,-2.416485,2023-11-09 16:00:00+00:00,2023-11-09 16:30:00+00:00,2023-11-10 19:00:00+00:00,2023-11-10 19:30:00+00:00,True
SEZHUK-231103-259374,CAUK000490,Tractor Unit,Box,BD12 7ER,CW1 6FB,53.753295,-1.722689,53.087056,-2.416485,2023-11-10 16:00:00+00:00,2023-11-10 16:30:00+00:00,2023-11-11 19:00:00+00:00,2023-11-11 19:30:00+00:00,True
SEZHUK-231103-259380,CAUK000766,Tractor Unit,Box,BD12 7ER,HP2 7PZ,53.753295,-1.722689,51.771553,-0.439081,2023-11-08 22:00:00+00:00,2023-11-08 22:30:00+00:00,2023-11-09 02:00:00+00:00,2023-11-09 02:30:00+00:00,False
SEZHUK-231103-259389,CAUK000155,Tractor Unit,Box,BD12 7ER,RG19 4BQ,53.753295,-1.722689,51.398689,-1.232386,2023-11-07 19:00:00+00:00,2023-11-07 19:30:00+00:00,2023-11-08 02:00:00+00:00,2023-11-08 02:30:00+00:00,True
SEZHUK-231103-259391,CAUK000155,Tractor Unit,Box,BD12 7ER,RG19 4BQ,53.753295,-1.722689,51.398689,-1.232386,2023-11-08 19:00:00+00:00,2023-11-08 19:30:00+00:00,2023-11-09 02:00:00+00:00,2023-11-09 02:30:00+00:00,True
SEZHUK-231103-259493,CAUK000155,Tractor Unit,Curtain-Side 13.6M Trailer,L11 0JA,OX14 4TE,53.462845,-2.896967,51.623911,-1.28,2023-11-06 18:00:00+00:00,2023-11-06 18:01:00+00:00,2023-11-07 13:55:00+00:00,2023-11-07 14:25:00+00:00,True
SEZHUK-231103-259495,CAUK000863,Tractor Unit,Curtain-Side 13.6M Trailer,M24 4DP,S80 3FY,53.547321,-2.202131,53.293393,-1.074008,2023-11-04 14:00:00+00:00,2023-11-04 14:56:00+00:00,2023-11-04 15:00:00+00:00,2023-11-04 15:30:00+00:00,True
SEZHUK-231103-259496,CAUK000863,Tractor Unit,Curtain-Side 13.6M Trailer,M24 4DP,S80 3FY,53.547321,-2.202131,53.293393,-1.074008,2023-11-04 14:00:00+00:00,2023-11-04 14:56:00+00:00,2023-11-04 15:00:00+00:00,2023-11-04 15:30:00+00:00,True
SEZHUK-231103-259510,CAUK000250,Tractor Unit,Curtain-Side 13.6M Trailer,S80 3FY,CHARLEVILLE,53.293393,-1.074008,52.350582,-8.687242,2023-11-06 04:00:00+00:00,2023-11-06 04:59:00+00:00,2023-11-09 11:55:00+00:00,2023-11-09 12:25:00+00:00,False
SEZHUK-231103-259517,CAUK000386,Tractor Unit,Curtain-Side 13.6M Trailer,NW10 6HJ,CV2 2TA,51.529366,-0.264535,52.430911,-1.429058,2023-11-06 13:00:00+00:00,2023-11-06 14:00:00+00:00,2023-11-07 14:00:00+00:00,2023-11-07 15:00:00+00:00,True
SEZHUK-231103-259558,CAUK000565,Tractor Unit,Curtain-Side 13.6M Trailer,AL10 9TR,CT2 7PX,51.772167,-0.250353,51.293329,1.092989,2023-11-08 06:00:00+00:00,2023-11-08 06:30:00+00:00,2023-11-08 11:30:00+00:00,2023-11-08 12:00:00+00:00,True
SEZHUK-231103-259574,CAUK000184,Tractor Unit,Curtain-Side 13.6M Trailer,AL10 9TR,BN23 6PW,51.772167,-0.250353,50.788708,0.297115,2023-11-09 12:00:00+00:00,2023-11-09 13:00:00+00:00,2023-11-09 21:00:00+00:00,2023-11-09 22:00:00+00:00,True
SEZHUK-231103-259590,CAUK000222,Tractor Unit,Curtain-Side 13.6M Trailer,WN4 8DE,ST4 4FA,53.501398,-2.64202,52.983393,-2.181287,2023-11-06 10:00:00+00:00,2023-11-06 10:30:00+00:00,2023-11-06 16:30:00+00:00,2023-11-06 17:00:00+00:00,False
SEZHUK-231103-259592,CAUK000222,Tractor Unit,Curtain-Side 13.6M Trailer,M28 2LX,LE19 1WY,53.514337,-2.355945,52.601991,-1.190434,2023-11-06 10:00:00+00:00,2023-11-06 10:30:00+00:00,2023-11-06 16:30:00+00:00,2023-11-06 17:00:00+00:00,True
SEZHUK-231103-259594,CAUK000222,Tractor Unit,Curtain-Side 13.6M Trailer,WN4 8DE,LE19 1WY,53.501398,-2.64202,52.601991,-1.190434,2023-11-06 10:00:00+00:00,2023-11-06 10:30:00+00:00,2023-11-06 16:30:00+00:00,2023-11-06 17:00:00+00:00,True
SEZHUK-231104-259646,CAUK000814,Tractor Unit,Box 44ft,BD5 8LZ,RG19 4BQ,53.763771,-1.739326,51.398851,-1.231993,2023-11-05 16:20:00+00:00,2023-11-05 18:00:01+00:00,2023-11-06 06:00:00+00:00,2023-11-06 08:00:01+00:00,True
SEZHUK-231104-259656,CAUK000766,Tractor Unit,Box 44ft,BD5 8LZ,HP2 7PZ,53.763771,-1.739326,51.771841,-0.439918,2023-11-05 00:01:00+00:00,2023-11-05 01:41:01+00:00,2023-11-05 06:32:00+00:00,2023-11-05 08:32:01+00:00,False
SEZHUK-231105-259692,CAUK000029,Tractor Unit,Curtain-Side 13.6M Trailer,S80 3FY,RM19 1ND,53.293393,-1.074008,51.480755,0.261461,2023-11-06 05:00:00+00:00,2023-11-06 05:59:00+00:00,2023-11-06 11:25:00+00:00,2023-11-06 11:55:00+00:00,False
SEZHUK-231105-259694,CAUK000766,Tractor Unit,Box 44ft,BD5 8LZ,HP2 7PZ,53.763771,-1.739326,51.771841,-0.439918,2023-11-07 00:01:00+00:00,2023-11-07 01:41:01+00:00,2023-11-07 06:32:00+00:00,2023-11-07 09:27:01+00:00,False
SEZHUK-231105-259695,CAUK000766,Tractor Unit,Box 44ft,BD5 8LZ,HP2 7PZ,53.763771,-1.739326,51.771841,-0.439918,2023-11-08 00:01:00+00:00,2023-11-08 01:41:01+00:00,2023-11-08 06:32:00+00:00,2023-11-08 09:27:01+00:00,True
SEZHUK-231105-259703,CAUK000766,Tractor Unit,Box 44ft,BD5 8LZ,HP2 7PZ,53.763771,-1.739326,51.771841,-0.439918,2023-11-10 00:01:00+00:00,2023-11-10 01:41:01+00:00,2023-11-10 06:32:00+00:00,2023-11-10 09:27:01+00:00,False
SEZHUK-231105-259704,CAUK000435,Tractor Unit,Box 44ft,BD5 8LZ,EN3 7QP,53.763771,-1.739326,51.659325,-0.021793,2023-11-07 00:01:00+00:00,2023-11-07 01:41:01+00:00,2023-11-07 06:29:00+00:00,2023-11-07 09:24:01+00:00,True
SEZHUK-231105-259710,CAUK000390,Tractor Unit,Box 44ft,BD5 8LZ,HP2 7PZ,53.763771,-1.739326,51.771841,-0.439918,2023-11-10 14:20:00+00:00,2023-11-10 16:00:01+00:00,2023-11-11 05:00:00+00:00,2023-11-11 07:56:01+00:00,True
SEZHUK-231105-259714,CAUK000689,Tractor Unit,Box 44ft,BD5 8LZ,BS35 3UT,53.763771,-1.739326,51.602415,-2.522567,2023-11-06 00:01:00+00:00,2023-11-06 01:41:01+00:00,2023-11-06 06:56:00+00:00,2023-11-06 11:03:01+00:00,True
SEZHUK-231105-259719,CAUK000435,Tractor Unit,Box 44ft,BD5 8LZ,EN3 7QP,53.763771,-1.739326,51.659325,-0.021793,2023-11-11 00:01:00+00:00,2023-11-11 01:41:01+00:00,2023-11-11 06:29:00+00:00,2023-11-11 09:24:01+00:00,True
SEZHUK-231105-259720,CAUK000390,Tractor Unit,Box 44ft,BD5 8LZ,HP2 7PZ,53.763771,-1.739326,51.771841,-0.439918,2023-11-08 14:20:00+00:00,2023-11-08 16:00:01+00:00,2023-11-09 05:00:00+00:00,2023-11-09 07:56:01+00:00,True
SEZHUK-231105-259723,CAUK000689,Tractor Unit,Box 44ft,BD5 8LZ,BS35 3UT,53.763771,-1.739326,51.602415,-2.522567,2023-11-07 00:01:00+00:00,2023-11-07 01:41:01+00:00,2023-11-07 06:56:00+00:00,2023-11-07 11:03:01+00:00,False
SEZHUK-231105-259725,CAUK000814,Tractor Unit,Box 44ft,BD5 8LZ,RG19 4BQ,53.763771,-1.739326,51.398851,-1.231993,2023-11-07 16:20:00+00:00,2023-11-07 18:00:01+00:00,2023-11-08 06:00:00+00:00,2023-11-08 08:56:01+00:00,True
SEZHUK-231105-259726,CAUK000689,Tractor Unit,Box 44ft,BD5 8LZ,BS35 3UT,53.763771,-1.739326,51.602415,-2.522567,2023-11-08 00:01:00+00:00,2023-11-08 01:41:01+00:00,2023-11-08 06:56:00+00:00,2023-11-08 11:03:01+00:00,True
SEZHUK-231105-259727,CAUK000435,Tractor Unit,Box 44ft,BD5 8LZ,EN3 7QP,53.763771,-1.739326,51.659325,-0.021793,2023-11-07 22:19:00+00:00,2023-11-08 01:00:01+00:00,2023-11-08 06:00:00+00:00,2023-11-08 08:55:00+00:00,False
SEZHUK-231105-259728,CAUK000435,Tractor Unit,Box 44ft,BD5 8LZ,EN3 7QP,53.763771,-1.739326,51.659325,-0.021793,2023-11-09 00:01:00+00:00,2023-11-09 01:41:01+00:00,2023-11-09 06:29:00+00:00,2023-11-09 09:24:01+00:00,False
SEZHUK-231105-259732,CAUK000618,Tractor Unit,Box 44ft,BD5 8LZ,BS35 3UT,53.763771,-1.739326,51.602415,-2.522567,2023-11-10 01:20:00+00:00,2023-11-10 03:00:01+00:00,2023-11-10 08:15:00+00:00,2023-11-10 12:22:00+00:00,False
SEZHUK-231105-259733,CAUK000689,Tractor Unit,Box 44ft,BD5 8LZ,BS35 3UT,53.763771,-1.739326,51.602415,-2.522567,2023-11-09 00:01:00+00:00,2023-11-09 01:41:01+00:00,2023-11-09 06:56:00+00:00,2023-11-09 11:03:01+00:00,True
SEZHUK-231105-259734,CAUK001068,Tractor Unit,Box 44ft,BD5 8LZ,RG19 4BQ,53.763771,-1.739326,51.398851,-1.231993,2023-11-09 01:20:00+00:00,2023-11-09 03:00:01+00:00,2023-11-09 08:37:00+00:00,2023-11-09 11:33:01+00:00,False
SEZHUK-231105-259738,CAUK000689,Tractor Unit,Box 44ft,BD5 8LZ,BS35 3UT,53.763771,-1.739326,51.602415,-2.522567,2023-11-10 00:01:00+00:00,2023-11-10 01:41:01+00:00,2023-11-10 06:56:00+00:00,2023-11-10 11:03:01+00:00,True
SEZHUK-231105-259739,CAUK000435,Tractor Unit,Box 44ft,BD5 8LZ,EN3 7QP,53.763771,-1.739326,51.659325,-0.021793,2023-11-10 00:01:00+00:00,2023-11-10 01:41:01+00:00,2023-11-10 06:29:00+00:00,2023-11-10 09:24:01+00:00,True
SEZHUK-231105-259740,CAUK001068,Tractor Unit,Box 44ft,BD5 8LZ,RG19 4BQ,53.763771,-1.739326,51.398851,-1.231993,2023-11-11 01:20:00+00:00,2023-11-11 03:00:01+00:00,2023-11-11 08:37:00+00:00,2023-11-11 11:33:01+00:00,True
SEZHUK-231105-259743,CAUK001068,Tractor Unit,Box 44ft,BD5 8LZ,ME13 7TW,53.763771,-1.739326,51.328048,0.877608,2023-11-06 01:20:00+00:00,2023-11-06 03:00:01+00:00,2023-11-06 08:54:00+00:00,2023-11-06 11:50:01+00:00,False
SEZHUK-231105-259750,CAUK000390,Tractor Unit,Box 44ft,BD5 8LZ,HP2 7PZ,53.763771,-1.739326,51.771841,-0.439918,2023-11-09 14:20:00+00:00,2023-11-09 16:00:01+00:00,2023-11-10 05:00:00+00:00,2023-11-10 07:56:01+00:00,True
SEZHUK-231105-259755,CAUK001068,Tractor Unit,Box 44ft,BD5 8LZ,RG19 4BQ,53.763771,-1.739326,51.398851,-1.231993,2023-11-10 01:20:00+00:00,2023-11-10 03:00:01+00:00,2023-11-10 08:37:00+00:00,2023-11-10 11:33:01+00:00,False
SEZHUK-231105-259760,CAUK000766,Tractor Unit,Box 44ft,BD5 8LZ,ME13 7TW,53.763771,-1.739326,51.328048,0.877608,2023-11-08 00:01:00+00:00,2023-11-08 01:41:01+00:00,2023-11-08 07:35:00+00:00,2023-11-08 10:31:01+00:00,True
SEZHUK-231105-259774,CAUK000814,Tractor Unit,Box 44ft,BD5 8LZ,RG19 4BQ,53.763771,-1.739326,51.398851,-1.231993,2023-11-10 16:20:00+00:00,2023-11-10 18:00:01+00:00,2023-11-11 06:00:00+00:00,2023-11-11 08:56:01+00:00,True
SEZHUK-231106-259799,CAUK000689,Tractor Unit,Curtain-Side 13.6M Trailer,WA7 4HP,SA72 4SX,53.324964,-2.758291,51.686967,-4.88992,2023-11-07 07:00:00+00:00,2023-11-07 14:00:00+00:00,2023-11-08 08:00:00+00:00,2023-11-08 15:59:00+00:00,True
SEZHUK-231106-259818,CAUK000159,Tractor Unit,Curtain-Side 13.6M Trailer,PR5 0XD,TS25 2DH,53.761551,-2.616875,54.649306,-1.20099,2023-11-07 13:00:00+00:00,2023-11-07 13:30:00+00:00,2023-11-08 07:30:00+00:00,2023-11-08 08:00:00+00:00,True
SEZHUK-231106-259823,CAUK000222,Tractor Unit,Curtain-Side 13.6M Trailer,BS35 4GG,DY9 7DP,51.55257,-2.65344,52.457769,-2.122196,2023-11-07 09:00:00+00:00,2023-11-07 09:30:00+00:00,2023-11-07 15:30:00+00:00,2023-11-07 16:00:00+00:00,False
SEZHUK-231106-259828,CAUK000386,Tractor Unit,Curtain-Side 13.6M Trailer,TN28 8XU,CV2 2TA,50.98317,0.950348,52.430911,-1.429058,2023-11-06 13:00:00+00:00,2023-11-06 14:00:00+00:00,2023-11-07 14:00:00+00:00,2023-11-07 15:00:00+00:00,True
SEZHUK-231106-259829,CAUK000096,Tractor Unit,Curtain-Side 13.6M Trailer,SG1 2DL,IG11 0DS,51.900329,-0.217132,51.515717,0.100453,2023-11-07 10:00:00+00:00,2023-11-07 10:30:00+00:00,2023-11-07 13:30:00+00:00,2023-11-07 14:00:00+00:00,False
SEZHUK-231106-259847,CAUK000490,Tractor Unit,Box,BD12 7ER,CW1 6FB,53.753295,-1.722689,53.087056,-2.416485,2023-11-14 16:00:00+00:00,2023-11-14 16:30:00+00:00,2023-11-15 19:00:00+00:00,2023-11-15 19:30:00+00:00,True
SEZHUK-231106-259849,CAUK000490,Tractor Unit,Box,BD12 7ER,CW1 6FB,53.753295,-1.722689,53.087056,-2.416485,2023-11-16 16:00:00+00:00,2023-11-16 16:30:00+00:00,2023-11-17 19:00:00+00:00,2023-11-17 19:30:00+00:00,True
SEZHUK-231106-259861,CAUK000155,Tractor Unit,Box,BD12 7ER,RG19 4BQ,53.753295,-1.722689,51.398689,-1.232386,2023-11-13 19:00:00+00:00,2023-11-13 19:30:00+00:00,2023-11-14 02:00:00+00:00,2023-11-14 02:30:00+00:00,True
SEZHUK-231106-259863,CAUK000155,Tractor Unit,Box,BD12 7ER,RG19 4BQ,53.753295,-1.722689,51.398689,-1.232386,2023-11-15 19:00:00+00:00,2023-11-15 19:30:00+00:00,2023-11-16 02:00:00+00:00,2023-11-16 02:30:00+00:00,True
SEZHUK-231106-259865,CAUK000155,Tractor Unit,Box,BD12 7ER,RG19 4BQ,53.753295,-1.722689,51.398689,-1.232386,2023-11-17 19:00:00+00:00,2023-11-17 19:30:00+00:00,2023-11-18 02:00:00+00:00,2023-11-18 02:30:00+00:00,True
SEZHUK-231106-259867,CAUK000124,Tractor Unit,Curtain-Side 13.6M Trailer,SS17 9DY,LE67 1UA,51.510091,0.459598,52.701119,-1.339519,2023-11-08 08:00:00+00:00,2023-11-08 13:00:00+00:00,2023-11-09 13:00:00+00:00,2023-11-09 13:00:00+00:00,True
SEZHUK-231106-259868,CAUK000689,Tractor Unit,Curtain-Side 13.6M Trailer,DE14 2WT,CF11 8TS,52.800481,-1.663328,51.459807,-3.195345,2023-11-07 13:00:00+00:00,2023-11-07 13:30:00+00:00,2023-11-08 11:00:00+00:00,2023-11-08 11:30:00+00:00,True
SEZHUK-231106-259885,CAUK000116,Tractor Unit,Curtain-Side 13.6M Trailer,M24 4DP,SP4 7SQ,53.547321,-2.202131,51.177012,-1.757833,2023-11-08 11:01:00+00:00,2023-11-08 11:57:00+00:00,2023-11-08 18:55:00+00:00,2023-11-08 19:25:00+00:00,False
SEZHUK-231106-259904,CAUK000250,Tractor Unit,Curtain-Side 13.6M Trailer,S80 3FY,NAAS,53.293393,-1.074008,53.207122,-6.742479,2023-11-08 06:00:00+00:00,2023-11-08 06:59:00+00:00,2023-11-10 07:25:00+00:00,2023-11-10 07:55:00+00:00,True
SEZHUK-231106-259905,CAUK000250,Tractor Unit,Curtain-Side 13.6M Trailer,S80 3FY,MITCHELSTOWN,53.293393,-1.074008,52.276579,-8.258109,2023-11-08 04:00:00+00:00,2023-11-08 04:59:00+00:00,2023-11-10 10:25:00+00:00,2023-11-10 10:55:00+00:00,False
SEZHUK-231106-259906,CAUK000250,Tractor Unit,Curtain-Side 13.6M Trailer,S80 3FY,NAAS,53.293393,-1.074008,53.207122,-6.742479,2023-11-10 06:00:00+00:00,2023-11-10 06:59:00+00:00,2023-11-13 07:25:00+00:00,2023-11-13 07:55:00+00:00,True
SEZHUK-231106-259932,CAUK000484,Tractor Unit,Curtain-Side 13.6M Trailer,S9 1TZ,L3 1DL,53.397681,-1.401805,53.406761,-2.998437,2023-11-06 12:55:00+00:00,2023-11-10 10:00:00+00:00,2023-11-06 12:56:00+00:00,2023-11-10 17:00:00+00:00,False
SEZHUK-231106-260024,CAUK000435,Tractor Unit,Temperature-Controlled,PE15 0UW,RG21 6AB,52.51939,-0.000971,51.269448,-1.103727,2023-11-16 01:30:00+00:00,2023-11-16 02:30:00+00:00,2023-11-16 06:00:00+00:00,2023-11-16 18:00:00+00:00,True
SEZHUK-231106-260025,CAUK000435,Tractor Unit,Temperature-Controlled,PE15 0UW,RG21 6AB,52.51939,-0.000971,51.269448,-1.103727,2023-11-17 01:30:00+00:00,2023-11-17 02:30:00+00:00,2023-11-17 06:30:00+00:00,2023-11-17 07:00:00+00:00,True
SEZHUK-231106-260054,CAUK000029,Tractor Unit,Curtain-Side 13.6M Trailer,S80 3FY,NN6 7TZ,53.293393,-1.074008,52.35193,-1.144734,2023-11-08 08:00:00+00:00,2023-11-08 08:59:00+00:00,2023-11-08 10:55:00+00:00,2023-11-08 11:25:00+00:00,True
SEZHUK-231106-260056,CAUK000029,Tractor Unit,Curtain-Side 13.6M Trailer,S80 3FY,NN6 7TZ,53.293393,-1.074008,52.35193,-1.144734,2023-11-08 05:00:00+00:00,2023-11-08 05:59:00+00:00,2023-11-08 08:55:00+00:00,2023-11-08 09:25:00+00:00,False
SEZHUK-231106-260061,CAUK000029,Tractor Unit,Curtain-Side 13.6M Trailer,S80 3FY,EH54 8QX,53.293393,-1.074008,55.896335,-3.53565,2023-11-07 12:00:00+00:00,2023-11-07 12:59:00+00:00,2023-11-08 06:45:00+00:00,2023-11-08 07:15:00+00:00,False
SEZHUK-231106-260094,CAUK000940,Tractor Unit,Box,S18 1PF,HP2 7PZ,53.304842,-1.482042,51.768864,-0.433083,2023-11-08 11:30:00+00:00,2023-11-08 12:00:00+00:00,2023-11-08 16:30:00+00:00,2023-11-08 17:00:00+00:00,True
SEZHUK-231106-260095,CAUK000940,Tractor Unit,Box,S18 1PF,RG19 4BQ,53.304842,-1.482042,51.398689,-1.232386,2023-11-08 13:00:00+00:00,2023-11-08 13:30:00+00:00,2023-11-08 17:00:00+00:00,2023-11-08 17:30:00+00:00,False
SEZHUK-231106-260098,CAUK000940,Tractor Unit,Box,S18 1PF,HP2 7PZ,53.304842,-1.482042,51.768864,-0.433083,2023-11-09 11:30:00+00:00,2023-11-09 12:00:00+00:00,2023-11-09 16:30:00+00:00,2023-11-09 17:00:00+00:00,True
SEZHUK-231106-260099,CAUK000940,Tractor Unit,Box,S18 1PF,RG19 4BQ,53.304842,-1.482042,51.398689,-1.232386,2023-11-09 13:00:00+00:00,2023-11-09 13:30:00+00:00,2023-11-09 17:00:00+00:00,2023-11-09 17:30:00+00:00,False
SEZHUK-231106-260102,CAUK000940,Tractor Unit,Box,S18 1PF,HP2 7PZ,53.304842,-1.482042,51.768864,-0.433083,2023-11-10 11:30:00+00:00,2023-11-10 12:00:00+00:00,2023-11-10 16:30:00+00:00,2023-11-10 17:00:00+00:00,True
SEZHUK-231106-260103,CAUK000940,Tractor Unit,Box,S18 1PF,RG19 4BQ,53.304842,-1.482042,51.398689,-1.232386,2023-11-10 13:00:00+00:00,2023-11-10 13:30:00+00:00,2023-11-10 17:00:00+00:00,2023-11-10 17:30:00+00:00,False
SEZHUK-231106-260110,CAUK000310,Tractor Unit,Curtain-Side 13.6M Trailer,NN4 9BA,OX11 7HJ,52.213462,-0.951036,51.619119,-1.256837,2023-11-09 07:00:00+00:00,2023-11-09 07:30:00+00:00,2023-11-09 10:00:00+00:00,2023-11-09 10:30:00+00:00,False
SEZHUK-231106-260134,CAUK000055,Tractor Unit,Curtain-Side 13.6M Trailer,NN17 4AZ,HP2 7EA,52.50896,-0.693338,51.767471,-0.441677,2023-11-08 06:15:00+00:00,2023-11-08 06:45:00+00:00,2023-11-08 09:30:00+00:00,2023-11-08 10:00:00+00:00,False
SEZHUK-231106-260135,CAUK000192,Tractor Unit,Curtain-Side 13.6M Trailer,NN17 4AZ,BD5 8LZ,52.50896,-0.693338,53.766832,-1.740516,2023-11-08 10:45:00+00:00,2023-11-08 11:15:00+00:00,2023-11-08 15:30:00+00:00,2023-11-08 16:00:00+00:00,True
SEZHUK-231106-260193,CAUK000222,Tractor Unit,Curtain-Side 13.6M Trailer,SK13 2NU,ST4 4FA,53.483205,-1.924197,52.983393,-2.181287,2023-11-07 10:00:00+00:00,2023-11-07 10:30:00+00:00,2023-11-07 16:30:00+00:00,2023-11-07 17:00:00+00:00,False
SEZHUK-231106-260195,CAUK000096,Tractor Unit,Curtain-Side 13.6M Trailer,OL15 8QF,ST4 4FA,53.634051,-2.1142,52.983393,-2.181287,2023-11-07 10:00:00+00:00,2023-11-07 10:30:00+00:00,2023-11-07 16:30:00+00:00,2023-11-07 17:00:00+00:00,False
SEZHUK-231106-260201,CAUK000222,Tractor Unit,Curtain-Side 13.6M Trailer,OL15 8QF,ST4 4FA,53.634051,-2.1142,52.983393,-2.181287,2023-11-07 10:00:00+00:00,2023-11-07 10:30:00+00:00,2023-11-07 16:30:00+00:00,2023-11-07 17:00:00+00:00,True
SEZHUK-231107-260216,CAUK000689,Tractor Unit,Curtain-Side 13.6M Trailer,DN3 3FG,TQ12 6GN,53.537133,-1.037405,50.55996,-3.669927,2023-11-09 06:00:00+00:00,2023-11-09 18:00:00+00:00,2023-11-10 07:02:00+00:00,2023-11-10 07:30:00+00:00,True
SEZHUK-231107-260220,CAUK000689,Tractor Unit,Curtain-Side 13.6M Trailer,S80 3FY,NP16 6UD,53.293393,-1.074008,51.614678,-2.674519,2023-11-07 15:00:00+00:00,2023-11-07 16:00:00+00:00,2023-11-08 14:55:00+00:00,2023-11-08 15:25:00+00:00,True
SEZHUK-231107-260221,CAUK000689,Tractor Unit,Curtain-Side 13.6M Trailer,WA7 4HP,BA20 2BU,53.324964,-2.758291,50.933927,-2.653689,2023-11-08 06:00:00+00:00,2023-11-08 07:00:00+00:00,2023-11-08 08:00:00+00:00,2023-11-08 08:30:00+00:00,False
SEZHUK-231107-260234,CAUK000863,Tractor Unit,Curtain-Side 13.6M Trailer,HP22 5BL,NG7 2SD,51.779657,-0.772897,52.934662,-1.181471,2023-11-08 09:00:00+00:00,2023-11-08 09:30:00+00:00,2023-11-08 14:30:00+00:00,2023-11-08 15:00:00+00:00,True
SEZHUK-231107-260240,CAUK000096,Tractor Unit,Curtain-Side 13.6M Trailer,SS17 9DY,NW10 6QY,51.510091,0.459598,51.52668,-0.235678,2023-11-08 09:00:00+00:00,2023-11-08 09:30:00+00:00,2023-11-08 14:30:00+00:00,2023-11-08 15:00:00+00:00,True
SEZHUK-231107-260254,CAUK000222,Tractor Unit,Curtain-Side 13.6M Trailer,DE14 2WT,SN3 4FN,52.800481,-1.663328,51.595572,-1.740649,2023-11-08 13:48:00+00:00,2023-11-08 14:18:00+00:00,2023-11-09 09:00:00+00:00,2023-11-09 09:30:00+00:00,False
SEZHUK-231107-260284,CAUK000781,Tractor Unit,Curtain-Side 13.6M Trailer,L11 0JA,WS13 8NF,53.462845,-2.896967,52.708306,-1.789815,2023-11-08 05:30:00+00:00,2023-11-08 06:00:00+00:00,2023-11-08 11:00:00+00:00,2023-11-08 11:30:00+00:00,True
SEZHUK-231107-260287,CAUK000940,Tractor Unit,Box,S18 1PF,RG19 4BQ,53.304842,-1.482042,51.398689,-1.232386,2023-11-15 13:00:00+00:00,2023-11-15 13:30:00+00:00,2023-11-15 17:00:00+00:00,2023-11-15 17:30:00+00:00,True
SEZHUK-231107-260288,CAUK000940,Tractor Unit,Box,S18 1PF,HP2 7PZ,53.304842,-1.482042,51.768864,-0.433083,2023-11-17 11:30:00+00:00,2023-11-17 12:00:00+00:00,2023-11-17 16:30:00+00:00,2023-11-17 17:00:00+00:00,True
SEZHUK-231107-260289,CAUK000940,Tractor Unit,Box,S18 1PF,HP2 7PZ,53.304842,-1.482042,51.768864,-0.433083,2023-11-16 11:30:00+00:00,2023-11-16 12:00:00+00:00,2023-11-16 16:30:00+00:00,2023-11-16 17:00:00+00:00,True
SEZHUK-231107-260293,CAUK000940,Tractor Unit,Box,S18 1PF,HP2 7PZ,53.304842,-1.482042,51.768864,-0.433083,2023-11-15 11:30:00+00:00,2023-11-15 12:00:00+00:00,2023-11-15 16:30:00+00:00,2023-11-15 17:00:00+00:00,True
SEZHUK-231107-260294,CAUK000940,Tractor Unit,Box,S18 1PF,RG19 4BQ,53.304842,-1.482042,51.398689,-1.232386,2023-11-16 13:00:00+00:00,2023-11-16 13:30:00+00:00,2023-11-16 17:00:00+00:00,2023-11-16 17:30:00+00:00,True
SEZHUK-231107-260309,CAUK000940,Tractor Unit,Box,S18 1PF,RG19 4BQ,53.304842,-1.482042,51.398689,-1.232386,2023-11-17 13:00:00+00:00,2023-11-17 13:30:00+00:00,2023-11-17 17:00:00+00:00,2023-11-17 17:30:00+00:00,True
SEZHUK-231107-260311,CAUK000310,Tractor Unit,Curtain-Side 13.6M Trailer,NN4 9BA,HP2 7DX,52.213462,-0.951036,51.76755,-0.436999,2023-11-14 13:00:00+00:00,2023-11-14 14:00:00+00:00,2023-11-14 17:30:00+00:00,2023-11-14 18:30:00+00:00,False
SEZHUK-231107-260312,CAUK000876,Tractor Unit,Curtain-Side 13.6M Trailer,DE14 1BZ,BT26 6JJ,52.803864,-1.641981,54.474078,-6.104285,2023-11-08 13:00:00+00:00,2023-11-08 13:30:00+00:00,2023-11-10 07:30:00+00:00,2023-11-10 08:00:00+00:00,False
SEZHUK-231107-260323,CAUK000155,Tractor Unit,Box,DA8 1DL,EH54 8QX,51.493182,0.167098,55.901847,-3.583873,2023-11-09 11:00:00+00:00,2023-11-09 11:30:00+00:00,2023-11-10 08:00:00+00:00,2023-11-10 08:30:00+00:00,True
SEZHUK-231107-260324,CAUK000155,Tractor Unit,Box,RM9 6RS,EH54 8QX,51.530739,0.138456,55.901847,-3.583873,2023-11-13 11:00:00+00:00,2023-11-13 11:30:00+00:00,2023-11-14 08:00:00+00:00,2023-11-14 08:30:00+00:00,True
SEZHUK-231107-260343,CAUK000250,Tractor Unit,Curtain-Side 13.6M Trailer,DE5 8JX,DONABATE,53.029877,-1.412565,53.483755,-6.13869,2023-11-08 13:00:00+00:00,2023-11-08 14:00:00+00:00,2023-11-10 15:25:00+00:00,2023-11-10 15:55:00+00:00,True
SEZHUK-231107-260344,CAUK000250,Tractor Unit,Curtain-Side 13.6M Trailer,DE5 8JX,DONABATE,53.029877,-1.412565,53.483755,-6.13869,2023-11-08 07:00:00+00:00,2023-11-08 07:00:00+00:00,2023-11-10 14:55:00+00:00,2023-11-10 15:25:00+00:00,True
SEZHUK-231107-260345,CAUK000250,Tractor Unit,Curtain-Side 13.6M Trailer,DE5 8JX,DONABATE,53.029877,-1.412565,53.483755,-6.13869,2023-11-08 08:00:00+00:00,2023-11-08 08:00:00+00:00,2023-11-10 15:55:00+00:00,2023-11-10 16:25:00+00:00,True
SEZHUK-231107-260356,CAUK000428,Tractor Unit,Box,RG14 2DQ,SE28 0GU,51.403829,-1.311221,51.497119,0.102096,2023-11-10 08:00:00+00:00,2023-11-10 09:00:00+00:00,2023-11-10 15:30:00+00:00,2023-11-10 15:30:00+00:00,True
SEZHUK-231107-260367,CAUK000155,Tractor Unit,Curtain-Side 13.6M Trailer,L11 0JA,ME11 5AR,53.462845,-2.896967,51.411125,0.752907,2023-11-09 17:00:00+00:00,2023-11-09 17:01:00+00:00,2023-11-10 10:55:00+00:00,2023-11-10 11:25:00+00:00,True
SEZHUK-231107-260376,CAUK000781,Tractor Unit,Curtain-Side 13.6M Trailer,L11 0JA,DE72 2HP,53.462845,-2.896967,52.867015,-1.314862,2023-11-09 12:00:00+00:00,2023-11-09 12:01:00+00:00,2023-11-10 05:55:00+00:00,2023-11-10 06:25:00+00:00,False
SEZHUK-231107-260378,CAUK000689,Tractor Unit,Curtain-Side 13.6M Trailer,S80 3FY,TA6 4FG,53.293393,-1.074008,51.155543,-2.983834,2023-11-08 14:00:00+00:00,2023-11-08 14:59:00+00:00,2023-11-09 10:15:00+00:00,2023-11-09 10:45:00+00:00,True
SEZHUK-231107-260379,CAUK000863,Tractor Unit,Curtain-Side 13.6M Trailer,S80 3FY,OX16 2AA,53.293393,-1.074008,52.081463,-1.329055,2023-11-09 05:00:00+00:00,2023-11-09 05:59:00+00:00,2023-11-09 10:25:00+00:00,2023-11-09 10:55:00+00:00,False
SEZHUK-231107-260381,CAUK000029,Tractor Unit,Curtain-Side 13.6M Trailer,S80 3FY,MK42 6EY,53.293393,-1.074008,52.093182,-0.475758,2023-11-09 12:30:00+00:00,2023-11-09 13:00:00+00:00,2023-11-09 18:30:00+00:00,2023-11-09 19:00:00+00:00,False
SEZHUK-231107-260383,CAUK000863,Tractor Unit,Curtain-Side 13.6M Trailer,S80 3FY,EN11 0EZ,53.293393,-1.074008,51.766224,0.009545,2023-11-09 09:00:00+00:00,2023-11-09 09:59:00+00:00,2023-11-09 14:55:00+00:00,2023-11-09 15:25:00+00:00,False
SEZHUK-231107-260393,CAUK000029,Tractor Unit,Curtain-Side 13.6M Trailer,NN17 4AZ,DN11 0BG,52.50896,-0.693338,53.481225,-1.097951,2023-11-09 07:45:00+00:00,2023-11-09 08:15:00+00:00,2023-11-09 11:30:00+00:00,2023-11-09 12:00:00+00:00,True
SEZHUK-231107-260400,CAUK000863,Tractor Unit,Curtain-Side 13.6M Trailer,S80 3FY,DA1 5XU,53.293393,-1.074008,51.465326,0.244394,2023-11-08 13:30:00+00:00,2023-11-08 14:29:00+00:00,2023-11-09 04:55:00+00:00,2023-11-09 05:25:00+00:00,True
SEZHUK-231107-260418,CAUK000029,Tractor Unit,Curtain-Side 13.6M Trailer,S80 3FY,NN4 9BD,53.293393,-1.074008,52.213068,-0.946829,2023-11-09 07:30:00+00:00,2023-11-09 08:29:00+00:00,2023-11-09 10:35:00+00:00,2023-11-09 11:05:00+00:00,False
SEZHUK-231107-260424,CAUK000155,Tractor Unit,Curtain-Side 13.6M Trailer,L11 0JA,ME9 8SR,53.462845,-2.896967,51.36932,0.749586,2023-11-08 13:00:00+00:00,2023-11-08 13:01:00+00:00,2023-11-09 05:35:00+00:00,2023-11-09 06:05:00+00:00,True
SEZHUK-231107-260433,CAUK000155,Tractor Unit,Curtain-Side 13.6M Trailer,L11 0JA,DA17 6JY,53.462845,-2.896967,51.502211,0.154551,2023-11-09 05:00:00+00:00,2023-11-09 06:00:00+00:00,2023-11-09 16:55:00+00:00,2023-11-09 17:25:00+00:00,True
SEZHUK-231107-260481,CAUK000192,Tractor Unit,Curtain-Side 13.6M Trailer,MK45 3PD,WF11 0AB,52.090675,-0.46994,53.692741,-1.268817,2023-11-08 08:00:00+00:00,2023-11-08 16:00:00+00:00,2023-11-09 00:00:00+00:00,2023-11-09 23:59:00+00:00,True
SEZHUK-231108-260495,CAUK000770,Tractor Unit,Curtain-Side 13.6M Trailer,DN3 3FG,HP22 5EZ,53.537133,-1.037405,51.818102,-0.739456,2023-11-10 06:00:00+00:00,2023-11-10 18:00:00+00:00,2023-11-13 09:32:00+00:00,2023-11-13 10:00:00+00:00,True
SEZHUK-231108-260505,CAUK000689,Tractor Unit,Curtain-Side 13.6M Trailer,DN8 5TE,TQ12 6GN,53.566639,-0.919839,50.55996,-3.669927,2023-11-09 06:00:00+00:00,2023-11-09 18:00:00+00:00,2023-11-10 06:02:00+00:00,2023-11-10 06:30:00+00:00,True
SEZHUK-231108-260506,CAUK000096,Tractor Unit,Curtain-Side 13.6M Trailer,SK16 4UG,LE19 1WY,53.467889,-2.096702,52.601576,-1.18816,2023-11-08 10:00:00+00:00,2023-11-08 10:30:00+00:00,2023-11-08 16:30:00+00:00,2023-11-08 17:00:00+00:00,True
SEZHUK-231108-260510,CAUK000689,Tractor Unit,Curtain-Side 13.6M Trailer,DN8 5TE,TR3 6LN,53.566639,-0.919839,50.228709,-5.0893,2023-11-09 06:00:00+00:00,2023-11-09 18:00:00+00:00,2023-11-10 08:00:00+00:00,2023-11-10 15:59:00+00:00,False
SEZHUK-231108-260513,CAUK000222,Tractor Unit,Curtain-Side 13.6M Trailer,OL15 8QF,LE19 1WY,53.634051,-2.1142,52.601576,-1.18816,2023-11-08 10:00:00+00:00,2023-11-08 10:30:00+00:00,2023-11-08 16:30:00+00:00,2023-11-08 17:00:00+00:00,True
SEZHUK-231108-260514,CAUK000222,Tractor Unit,Curtain-Side 13.6M Trailer,M38 9PU,ST4 4FA,53.536194,-2.41058,52.983393,-2.181287,2023-11-08 10:00:00+00:00,2023-11-08 10:30:00+00:00,2023-11-08 16:30:00+00:00,2023-11-08 17:00:00+00:00,True
SEZHUK-231108-260517,CAUK000863,Tractor Unit,Curtain-Side 13.6M Trailer,DN8 5TE,UB9 4DE,53.566639,-0.919839,51.555657,-0.490685,2023-11-09 06:00:00+00:00,2023-11-09 18:00:00+00:00,2023-11-10 09:32:00+00:00,2023-11-10 10:00:00+00:00,True
SEZHUK-231108-260532,CAUK000484,Tractor Unit,Curtain-Side 13.6M Trailer,S9 1TZ,L3 1DL,53.397681,-1.401805,53.406761,-2.998437,2023-11-08 09:21:00+00:00,2023-11-10 10:00:00+00:00,2023-11-08 09:21:00+00:00,2023-11-10 16:00:00+00:00,False
SEZHUK-231108-260538,CAUK000096,Tractor Unit,Curtain-Side 13.6M Trailer,HP22 5BL,NG31 7UH,51.779657,-0.772897,52.888113,-0.634948,2023-11-09 09:00:00+00:00,2023-11-09 09:30:00+00:00,2023-11-09 13:30:00+00:00,2023-11-09 14:00:00+00:00,True
SEZHUK-231108-260544,CAUK000222,Tractor Unit,Curtain-Side 13.6M Trailer,BS35 4GG,DY9 7DP,51.55257,-2.65344,52.457769,-2.122196,2023-11-09 09:00:00+00:00,2023-11-09 09:30:00+00:00,2023-11-09 15:30:00+00:00,2023-11-09 16:00:00+00:00,True
SEZHUK-231108-260551,CAUK000096,Tractor Unit,Curtain-Side 13.6M Trailer,SG1 2DL,IG11 0DS,51.900329,-0.217132,51.515717,0.100453,2023-11-09 10:00:00+00:00,2023-11-09 10:30:00+00:00,2023-11-09 13:30:00+00:00,2023-11-09 14:00:00+00:00,False
SEZHUK-231108-260552,CAUK000096,Tractor Unit,Curtain-Side 13.6M Trailer,SS17 9DY,NW10 6QY,51.510091,0.459598,51.52668,-0.235678,2023-11-09 09:00:00+00:00,2023-11-09 09:30:00+00:00,2023-11-09 14:30:00+00:00,2023-11-09 15:00:00+00:00,True
SEZHUK-231108-260556,CAUK000689,Tractor Unit,Curtain-Side 13.6M Trailer,DE14 2WT,CF11 8AQ,52.800481,-1.663328,51.466832,-3.200826,2023-11-09 14:00:00+00:00,2023-11-09 14:30:00+00:00,2023-11-10 07:30:00+00:00,2023-11-10 08:00:00+00:00,True
SEZHUK-231108-260557,CAUK000689,Tractor Unit,Curtain-Side 13.6M Trailer,DE14 2WT,CF11 8AQ,52.800481,-1.663328,51.466832,-3.200826,2023-11-09 14:00:00+00:00,2023-11-09 14:30:00+00:00,2023-11-10 09:30:00+00:00,2023-11-10 10:00:00+00:00,False
SEZHUK-231108-260566,CAUK000155,Tractor Unit,Curtain-Side 13.6M Trailer,L11 0JA,RM19 1ND,53.462845,-2.896967,51.480755,0.261461,2023-11-09 17:00:00+00:00,2023-11-09 17:01:00+00:00,2023-11-10 09:55:00+00:00,2023-11-10 10:25:00+00:00,True
SEZHUK-231108-260567,CAUK000155,Tractor Unit,Curtain-Side 13.6M Trailer,L11 0JA,RM19 1ND,53.462845,-2.896967,51.480755,0.261461,2023-11-09 10:00:00+00:00,2023-11-09 10:01:00+00:00,2023-11-10 00:55:00+00:00,2023-11-10 01:25:00+00:00,True
SEZHUK-231108-260643,CAUK000310,Tractor Unit,Curtain-Side 13.6M Trailer,NN4 9BA,OX11 7HJ,52.213462,-0.951036,51.619119,-1.256837,2023-11-10 07:00:00+00:00,2023-11-10 07:30:00+00:00,2023-11-10 10:30:00+00:00,2023-11-10 11:00:00+00:00,True
SEZHUK-231108-260649,CAUK000876,Tractor Unit,Curtain-Side 13.6M Trailer,LS24 9SD,BT26 6JJ,53.886427,-1.271051,54.474078,-6.104285,2023-11-09 14:00:00+00:00,2023-11-09 14:30:00+00:00,2023-11-13 07:30:00+00:00,2023-11-13 08:00:00+00:00,True
SEZHUK-231108-260679,CAUK000863,Tractor Unit,Curtain-Side 13.6M Trailer,S80 3FY,OX14 1RL,53.293393,-1.074008,51.674485,-1.304226,2023-11-08 15:00:00+00:00,2023-11-08 15:59:00+00:00,2023-11-09 06:55:00+00:00,2023-11-09 07:25:00+00:00,True
SEZHUK-231108-260683,CAUK000431,Tractor Unit,Curtain-Side 13.6M Trailer,S80 3FY,OX14 4TE,53.293393,-1.074008,51.623911,-1.28,2023-11-09 13:00:00+00:00,2023-11-09 13:59:00+00:00,2023-11-09 18:55:00+00:00,2023-11-09 19:25:00+00:00,True
SEZHUK-231108-260695,CAUK000029,Tractor Unit,Curtain-Side 13.6M Trailer,DN3 3FG,NN8 2DH,53.537133,-1.037405,52.291579,-0.672653,2023-11-09 06:00:00+00:00,2023-11-09 19:00:00+00:00,2023-11-10 15:32:00+00:00,2023-11-10 16:00:00+00:00,False
SEZHUK-231108-260709,CAUK000192,Tractor Unit,Curtain-Side 13.6M Trailer,S80 3FY,NP16 6UD,53.293393,-1.074008,51.614678,-2.674519,2023-11-10 07:00:00+00:00,2023-11-10 07:59:00+00:00,2023-11-10 14:55:00+00:00,2023-11-10 15:25:00+00:00,True
SEZHUK-231108-260739,CAUK000096,Tractor Unit,Curtain-Side 13.6M Trailer,LE19 1WY,SE7 7AL,52.601576,-1.18816,51.487222,0.026782,2023-11-09 07:45:00+00:00,2023-11-09 08:15:00+00:00,2023-11-09 21:30:00+00:00,2023-11-09 22:00:00+00:00,True
SEZHUK-231108-260750,CAUK000310,Tractor Unit,Curtain-Side 13.6M Trailer,DE14 2WT,NP16 6UD,52.800481,-1.663328,51.614678,-2.674519,2023-11-10 07:00:00+00:00,2023-11-10 07:00:00+00:00,2023-11-10 11:30:00+00:00,2023-11-10 12:00:00+00:00,True
SEZHUK-231108-260837,CAUK000310,Tractor Unit,Tractor Only,ST16 3EF,CV8 3ED,52.806693,-2.12066,52.371656,-1.452312,2023-11-13 14:00:00+00:00,2023-11-13 15:00:00+00:00,2023-11-13 17:30:00+00:00,2023-11-13 18:30:00+00:00,False
SEZHUK-231108-260838,CAUK000310,Tractor Unit,Tractor Only,ST16 3EF,CV8 3ED,52.806693,-2.12066,52.371656,-1.452312,2023-11-14 14:00:00+00:00,2023-11-14 15:00:00+00:00,2023-11-14 17:30:00+00:00,2023-11-14 18:30:00+00:00,True
SEZHUK-231108-260840,CAUK000310,Tractor Unit,Tractor Only,ST16 3EF,CV8 3ED,52.806693,-2.12066,52.371656,-1.452312,2023-11-20 14:00:00+00:00,2023-11-20 15:00:00+00:00,2023-11-20 17:30:00+00:00,2023-11-20 18:30:00+00:00,False
SEZHUK-231108-260842,CAUK000310,Tractor Unit,Tractor Only,ST16 3EF,CV8 3ED,52.806693,-2.12066,52.371656,-1.452312,2023-11-21 14:00:00+00:00,2023-11-21 15:00:00+00:00,2023-11-21 17:30:00+00:00,2023-11-21 18:30:00+00:00,False
SEZHUK-231108-260845,CAUK000721,Tractor Unit,Curtain-Side 13.6M Trailer,L11 0JA,OX14 4TE,53.462845,-2.896967,51.623911,-1.28,2023-11-09 17:00:00+00:00,2023-11-09 17:01:00+00:00,2023-11-10 18:30:00+00:00,2023-11-10 19:00:00+00:00,True
SEZHUK-231108-260883,CAUK000428,Tractor Unit,Curtain-Side 13.6M Trailer,SE28 0GU,SE2 9SQ,51.49836,0.101836,51.494817,0.119678,2023-11-09 09:00:00+00:00,2023-11-09 10:00:00+00:00,2023-11-09 13:00:00+00:00,2023-11-09 14:00:00+00:00,True
SEZHUK-231108-260913,CAUK000222,Tractor Unit,Curtain-Side 13.6M Trailer,WN4 8DE,LE19 1WY,53.501398,-2.64202,52.601576,-1.18816,2023-11-09 10:00:00+00:00,2023-11-09 10:30:00+00:00,2023-11-09 16:30:00+00:00,2023-11-09 17:00:00+00:00,False
SEZHUK-231108-260933,CAUK000912,3.5T Van,Box,DE74 2HJ,RG19 4BQ,52.849573,-1.348959,51.399439,-1.23272,2023-11-12 18:00:00+00:00,2023-11-12 18:30:00+00:00,2023-11-12 21:00:00+00:00,2023-11-12 21:30:00+00:00,False
SEZHUK-231108-260966,CAUK000912,3.5T Van,Box,S35 2PW,NW10 7XF,53.476537,-1.471065,51.534977,-0.273963,2023-11-18 01:00:00+00:00,2023-11-18 01:30:00+00:00,2023-11-18 05:00:00+00:00,2023-11-18 05:30:00+00:00,True
SEZHUK-231108-260979,CAUK000912,3.5T Van,Box,S35 2PW,LE3 8DX,53.476537,-1.471065,52.641456,-1.216005,2023-11-19 00:30:00+00:00,2023-11-19 01:00:00+00:00,2023-11-19 03:00:00+00:00,2023-11-19 03:30:00+00:00,True
SEZHUK-231108-260981,CAUK000912,3.5T Van,Box,S35 2PW,LS27 0FU,53.476537,-1.471065,53.734398,-1.604189,2023-11-19 03:15:00+00:00,2023-11-19 03:45:00+00:00,2023-11-19 05:00:00+00:00,2023-11-19 05:30:00+00:00,True
SEZHUK-231108-260988,CAUK000912,3.5T Van,Box,S35 2PW,LS27 0FU,53.476537,-1.471065,53.734398,-1.604189,2023-11-13 03:15:00+00:00,2023-11-13 03:45:00+00:00,2023-11-13 05:00:00+00:00,2023-11-13 05:30:00+00:00,True
SEZHUK-231108-260993,CAUK000912,3.5T Van,Box,S35 2PW,LE3 8DX,53.476537,-1.471065,52.641456,-1.216005,2023-11-13 00:30:00+00:00,2023-11-13 01:00:00+00:00,2023-11-13 03:00:00+00:00,2023-11-13 03:30:00+00:00,True
SEZHUK-231108-261000,CAUK000912,3.5T Van,Box,S35 2PW,LE3 8DX,53.476537,-1.471065,52.641456,-1.216005,2023-11-17 00:30:00+00:00,2023-11-17 01:00:00+00:00,2023-11-17 03:00:00+00:00,2023-11-17 03:30:00+00:00,True
SEZHUK-231108-261013,CAUK000912,3.5T Van,Box,S35 2PW,LS27 0FU,53.476537,-1.471065,53.734398,-1.604189,2023-11-17 03:15:00+00:00,2023-11-17 03:45:00+00:00,2023-11-17 05:00:00+00:00,2023-11-17 05:30:00+00:00,True
SEZHUK-231108-261017,CAUK000912,3.5T Van,Box,S35 2PW,LE3 8DX,53.476537,-1.471065,52.641456,-1.216005,2023-11-15 00:30:00+00:00,2023-11-15 01:00:00+00:00,2023-11-15 03:00:00+00:00,2023-11-15 03:30:00+00:00,True
SEZHUK-231108-261031,CAUK000912,3.5T Van,Box,S35 2PW,LS27 0FU,53.476537,-1.471065,53.734398,-1.604189,2023-11-15 03:15:00+00:00,2023-11-15 03:45:00+00:00,2023-11-15 05:00:00+00:00,2023-11-15 05:30:00+00:00,True
SEZHUK-231108-261039,CAUK000912,3.5T Van,Box,S35 2PW,LE3 8DX,53.476537,-1.471065,52.641456,-1.216005,2023-11-16 00:30:00+00:00,2023-11-16 01:00:00+00:00,2023-11-16 03:00:00+00:00,2023-11-16 03:30:00+00:00,True
SEZHUK-231108-261040,CAUK000912,3.5T Van,Box,S35 2PW,LS27 0FU,53.476537,-1.471065,53.734398,-1.604189,2023-11-16 03:15:00+00:00,2023-11-16 03:45:00+00:00,2023-11-16 05:00:00+00:00,2023-11-16 05:30:00+00:00,True
SEZHUK-231108-261042,CAUK000912,3.5T Van,Box,BD5 8LZ,LE3 8DX,53.766832,-1.740516,52.641456,-1.216005,2023-11-17 00:30:00+00:00,2023-11-17 01:00:00+00:00,2023-11-18 02:30:00+00:00,2023-11-18 03:00:00+00:00,True
SEZHUK-231108-261048,CAUK000912,3.5T Van,Box,BD5 8LZ,LE3 8DX,53.766832,-1.740516,52.641456,-1.216005,2023-11-16 00:30:00+00:00,2023-11-16 01:00:00+00:00,2023-11-17 02:30:00+00:00,2023-11-17 03:00:00+00:00,True
SEZHUK-231108-261049,CAUK000912,3.5T Van,Box,BD5 8LZ,LE3 8DX,53.766832,-1.740516,52.641456,-1.216005,2023-11-15 00:30:00+00:00,2023-11-15 01:00:00+00:00,2023-11-16 02:30:00+00:00,2023-11-16 03:00:00+00:00,True
SEZHUK-231108-261051,CAUK000912,3.5T Van,Box,BD5 8LZ,LE3 8DX,53.766832,-1.740516,52.641456,-1.216005,2023-11-18 00:30:00+00:00,2023-11-18 01:00:00+00:00,2023-11-19 02:30:00+00:00,2023-11-19 03:00:00+00:00,True
SEZHUK-231108-261052,CAUK000912,3.5T Van,Box,BD5 8LZ,LE3 8DX,53.766832,-1.740516,52.641456,-1.216005,2023-11-13 00:30:00+00:00,2023-11-13 01:00:00+00:00,2023-11-14 02:30:00+00:00,2023-11-14 03:00:00+00:00,True
SEZHUK-231108-261054,CAUK000912,3.5T Van,Box,BD5 8LZ,LE3 8DX,53.766832,-1.740516,52.641456,-1.216005,2023-11-14 00:30:00+00:00,2023-11-14 01:00:00+00:00,2023-11-15 02:30:00+00:00,2023-11-15 03:00:00+00:00,True
SEZHUK-231108-261072,CAUK000912,3.5T Van,Box,BD5 8LZ,S35 2PW,53.766832,-1.740516,53.476537,-1.471065,2023-11-13 22:15:00+00:00,2023-11-13 23:15:00+00:00,2023-11-14 01:00:00+00:00,2023-11-14 01:30:00+00:00,True
SEZHUK-231108-261083,CAUK000912,3.5T Van,Box,S35 2PW,LE3 8DX,53.476537,-1.471065,52.641456,-1.216005,2023-11-14 00:30:00+00:00,2023-11-14 01:00:00+00:00,2023-11-14 03:00:00+00:00,2023-11-14 03:30:00+00:00,True
SEZHUK-231108-261085,CAUK000912,3.5T Van,Box,S35 2PW,LS27 0FU,53.476537,-1.471065,53.734398,-1.604189,2023-11-14 03:15:00+00:00,2023-11-14 03:45:00+00:00,2023-11-14 05:00:00+00:00,2023-11-14 05:30:00+00:00,True
SEZHUK-231108-261087,CAUK000912,3.5T Van,Box,S35 2PW,NW10 7XF,53.476537,-1.471065,51.534977,-0.273963,2023-11-14 01:00:00+00:00,2023-11-14 01:30:00+00:00,2023-11-14 05:00:00+00:00,2023-11-14 05:30:00+00:00,True
SEZHUK-231109-261091,CAUK000863,Tractor Unit,Curtain-Side 13.6M Trailer,DN3 3FG,HP22 5EZ,53.537133,-1.037405,51.818102,-0.739456,2023-11-13 06:00:00+00:00,2023-11-13 18:00:00+00:00,2023-11-14 09:32:00+00:00,2023-11-14 10:00:00+00:00,True
SEZHUK-231109-261100,CAUK001022,3.5T Van,LWB Van,E1W 2DA,SL3 0BB,51.508022,-0.05711,51.470809,-0.514738,2023-11-21 19:05:00+00:00,2023-11-21 20:05:00+00:00,2023-11-21 21:05:00+00:00,2023-11-21 22:05:00+00:00,False
SEZHUK-231109-261107,CAUK001009,3.5T Van,LWB Van,EN1 1TX,DE74 2TR,51.650981,-0.054718,52.826322,-1.348973,2023-11-22 16:15:00+00:00,2023-11-22 17:15:00+00:00,2023-11-22 20:00:00+00:00,2023-11-22 21:00:00+00:00,True
SEZHUK-231109-261108,CAUK001022,3.5T Van,LWB Van,E1W 2DA,SL3 0BB,51.508022,-0.05711,51.470809,-0.514738,2023-11-20 19:05:00+00:00,2023-11-20 20:05:00+00:00,2023-11-20 21:05:00+00:00,2023-11-20 22:05:00+00:00,True
SEZHUK-231109-261109,CAUK001009,3.5T Van,LWB Van,CR0 4TD,DE74 2TR,51.383725,-0.138625,52.826322,-1.348973,2023-11-22 15:30:00+00:00,2023-11-22 16:30:00+00:00,2023-11-22 20:00:00+00:00,2023-11-22 21:00:00+00:00,True
SEZHUK-231109-261110,CAUK001022,3.5T Van,LWB Van,SL3 0BB,E1W 2DA,51.470809,-0.514738,51.508022,-0.05711,2023-11-21 05:45:00+00:00,2023-11-21 06:45:00+00:00,2023-11-21 08:15:00+00:00,2023-11-21 09:15:00+00:00,True
SEZHUK-231109-261111,CAUK001022,3.5T Van,LWB Van,SL3 0BB,E1W 2DA,51.470809,-0.514738,51.508022,-0.05711,2023-11-24 05:45:00+00:00,2023-11-24 06:45:00+00:00,2023-11-24 08:15:00+00:00,2023-11-24 09:15:00+00:00,True
SEZHUK-231109-261112,CAUK001022,3.5T Van,LWB Van,E1W 2DA,SL3 0BB,51.508022,-0.05711,51.470809,-0.514738,2023-11-24 19:05:00+00:00,2023-11-24 20:05:00+00:00,2023-11-24 21:05:00+00:00,2023-11-24 22:05:00+00:00,False
SEZHUK-231109-261117,CAUK001022,3.5T Van,LWB Van,E1W 2DA,SL3 0BB,51.508022,-0.05711,51.470809,-0.514738,2023-11-22 19:05:00+00:00,2023-11-22 20:05:00+00:00,2023-11-22 21:05:00+00:00,2023-11-22 22:05:00+00:00,True
SEZHUK-231109-261122,CAUK001009,3.5T Van,LWB Van,CR0 4TD,DE74 2TR,51.383725,-0.138625,52.826322,-1.348973,2023-11-20 15:30:00+00:00,2023-11-20 16:30:00+00:00,2023-11-20 20:00:00+00:00,2023-11-20 21:00:00+00:00,True
SEZHUK-231109-261125,CAUK001009,3.5T Van,LWB Van,EN1 1TX,DE74 2TR,51.650981,-0.054718,52.826322,-1.348973,2023-11-23 16:15:00+00:00,2023-11-23 17:15:00+00:00,2023-11-23 20:00:00+00:00,2023-11-23 21:00:00+00:00,True
SEZHUK-231109-261126,CAUK001022,3.5T Van,LWB Van,SL3 0BB,E1W 2DA,51.470809,-0.514738,51.508022,-0.05711,2023-11-23 05:45:00+00:00,2023-11-23 06:45:00+00:00,2023-11-23 08:15:00+00:00,2023-11-23 09:15:00+00:00,True
SEZHUK-231109-261129,CAUK001009,3.5T Van,LWB Van,EN1 1TX,DE74 2TR,51.650981,-0.054718,52.826322,-1.348973,2023-11-20 16:15:00+00:00,2023-11-20 17:15:00+00:00,2023-11-20 20:00:00+00:00,2023-11-20 21:00:00+00:00,True
SEZHUK-231109-261130,CAUK001009,3.5T Van,LWB Van,SE14 5RW,DE74 2TR,51.507218,-0.127586,52.826322,-1.348973,2023-11-21 15:30:00+00:00,2023-11-21 16:30:00+00:00,2023-11-21 20:00:00+00:00,2023-11-21 21:00:00+00:00,True
SEZHUK-231109-261131,CAUK001022,3.5T Van,LWB Van,SL3 0BB,E1W 2DA,51.470809,-0.514738,51.508022,-0.05711,2023-11-22 05:45:00+00:00,2023-11-22 06:45:00+00:00,2023-11-22 08:15:00+00:00,2023-11-22 09:15:00+00:00,True
SEZHUK-231109-261140,CAUK001009,3.5T Van,LWB Van,DE74 2TR,NW10 7NZ,52.829374,-1.332134,51.537524,-0.27074,2023-11-24 04:45:00+00:00,2023-11-24 05:45:00+00:00,2023-11-24 08:15:00+00:00,2023-11-24 09:15:00+00:00,True
SEZHUK-231109-261141,CAUK001009,3.5T Van,LWB Van,DE74 2TR,NW10 7NZ,52.829374,-1.332134,51.537524,-0.27074,2023-11-22 04:45:00+00:00,2023-11-22 05:45:00+00:00,2023-11-22 08:15:00+00:00,2023-11-22 09:15:00+00:00,True
SEZHUK-231109-261143,CAUK001009,3.5T Van,LWB Van,DE74 2TR,EN1 1TX,52.829374,-1.332134,51.650981,-0.054718,2023-11-23 04:45:00+00:00,2023-11-23 05:45:00+00:00,2023-11-23 08:15:00+00:00,2023-11-23 09:15:00+00:00,True
SEZHUK-231109-261145,CAUK001009,3.5T Van,LWB Van,CO4 9QJ,DE74 2TR,51.920887,0.927015,52.829374,-1.332134,2023-11-21 17:30:00+00:00,2023-11-21 18:30:00+00:00,2023-11-21 21:10:00+00:00,2023-11-21 22:10:00+00:00,True
SEZHUK-231109-261150,CAUK001009,3.5T Van,LWB Van,NP10 9DQ,DE74 2TR,51.582459,-3.043825,52.829374,-1.332134,2023-11-25 08:30:00+00:00,2023-11-25 09:30:00+00:00,2023-11-25 12:30:00+00:00,2023-11-25 13:30:00+00:00,True
SEZHUK-231109-261151,CAUK001009,3.5T Van,LWB Van,CO4 9QJ,DE74 2TR,51.920887,0.927015,52.829374,-1.332134,2023-11-23 17:30:00+00:00,2023-11-23 18:30:00+00:00,2023-11-23 21:10:00+00:00,2023-11-23 22:10:00+00:00,True
SEZHUK-231109-261153,CAUK001009,3.5T Van,LWB Van,DE74 2TR,CO4 9QJ,52.829374,-1.332134,51.920887,0.927015,2023-11-21 04:50:00+00:00,2023-11-21 05:50:00+00:00,2023-11-21 08:50:00+00:00,2023-11-21 09:50:00+00:00,True
SEZHUK-231109-261154,CAUK001009,3.5T Van,LWB Van,DE74 2TR,L24 8RF,52.829374,-1.332134,53.349124,-2.876108,2023-11-24 04:45:00+00:00,2023-11-24 05:45:00+00:00,2023-11-24 09:00:00+00:00,2023-11-24 10:00:00+00:00,True
SEZHUK-231109-261175,CAUK001009,3.5T Van,LWB Van,DE74 2TR,EN1 1TX,52.829374,-1.332134,51.650981,-0.054718,2023-11-22 04:50:00+00:00,2023-11-22 05:50:00+00:00,2023-11-22 08:20:00+00:00,2023-11-22 09:20:00+00:00,True
SEZHUK-231109-261193,CAUK001009,3.5T Van,LWB Van,NE11 0JY,DE74 2TR,54.922706,-1.607332,52.829374,-1.332134,2023-11-22 17:25:00+00:00,2023-11-22 18:25:00+00:00,2023-11-22 21:10:00+00:00,2023-11-22 22:10:00+00:00,True
SEZHUK-231109-261195,CAUK001009,3.5T Van,LWB Van,DE74 2TR,CO4 9QJ,52.829374,-1.332134,51.920887,0.927015,2023-11-23 04:50:00+00:00,2023-11-23 05:50:00+00:00,2023-11-23 08:50:00+00:00,2023-11-23 09:50:00+00:00,True
SEZHUK-231109-261206,CAUK001009,3.5T Van,LWB Van,NP10 9DQ,DE74 2TR,51.582459,-3.043825,52.829374,-1.332134,2023-11-20 17:50:00+00:00,2023-11-20 18:50:00+00:00,2023-11-20 21:30:00+00:00,2023-11-20 22:30:00+00:00,True
SEZHUK-231109-261209,CAUK001009,3.5T Van,LWB Van,DE74 2TR,SL3 0BB,52.829374,-1.332134,51.470193,-0.51286,2023-11-20 03:00:00+00:00,2023-11-20 04:00:00+00:00,2023-11-20 06:30:00+00:00,2023-11-20 09:30:00+00:00,True
SEZHUK-231109-261218,CAUK001009,3.5T Van,LWB Van,DE74 2TR,EN1 1TX,52.829374,-1.332134,51.650981,-0.054718,2023-11-21 04:45:00+00:00,2023-11-21 05:45:00+00:00,2023-11-21 08:15:00+00:00,2023-11-21 09:15:00+00:00,True
SEZHUK-231109-261276,CAUK000222,Tractor Unit,Curtain-Side 13.6M Trailer,BS35 4GG,BS11 9BT,51.55257,-2.65344,51.511084,-2.703002,2023-11-10 09:00:00+00:00,2023-11-10 09:30:00+00:00,2023-11-10 13:30:00+00:00,2023-11-10 14:00:00+00:00,True
SEZHUK-231109-261295,CAUK000029,Tractor Unit,Curtain-Side 13.6M Trailer,S80 3FY,MK42 6EY,53.293393,-1.074008,52.093182,-0.475758,2023-11-11 10:00:00+00:00,2023-11-11 10:59:00+00:00,2023-11-11 15:55:00+00:00,2023-11-11 16:25:00+00:00,True
SEZHUK-231109-261297,CAUK000863,Tractor Unit,Curtain-Side 13.6M Trailer,S80 3FY,UB6 0AA,53.293393,-1.074008,51.542359,-0.344091,2023-11-12 13:00:00+00:00,2023-11-12 13:59:00+00:00,2023-11-13 10:55:00+00:00,2023-11-13 11:25:00+00:00,True
SEZHUK-231109-261298,CAUK000689,Tractor Unit,Curtain-Side 13.6M Trailer,DN11 9HE,BS35 4GH,53.437296,-1.068189,51.543559,-2.643336,2023-11-10 15:00:00+00:00,2023-11-10 15:59:00+00:00,2023-11-13 07:55:00+00:00,2023-11-13 08:25:00+00:00,True
SEZHUK-231109-261301,CAUK000029,Tractor Unit,Curtain-Side 13.6M Trailer,S80 3FY,SP4 7GQ,53.293393,-1.074008,51.17534,-1.753679,2023-11-12 14:00:00+00:00,2023-11-12 15:00:00+00:00,2023-11-13 08:55:00+00:00,2023-11-13 09:25:00+00:00,False
SEZHUK-231109-261305,CAUK000124,Tractor Unit,Curtain-Side 13.6M Trailer,B46 1DA,LE67 1UA,52.523278,-1.709032,52.701119,-1.339519,2023-11-14 10:00:00+00:00,2023-11-14 13:00:00+00:00,2023-11-15 09:00:00+00:00,2023-11-15 09:00:00+00:00,False
SEZHUK-231109-261311,CAUK000155,Tractor Unit,Curtain-Side 13.6M Trailer,L11 0JA,RG2 0PN,53.462845,-2.896967,51.419654,-0.973301,2023-11-10 17:00:00+00:00,2023-11-10 17:01:00+00:00,2023-11-11 11:55:00+00:00,2023-11-11 12:25:00+00:00,False
SEZHUK-231109-261315,CAUK000155,Tractor Unit,Curtain-Side 13.6M Trailer,L11 0JA,RM19 1ND,53.462845,-2.896967,51.480755,0.261461,2023-11-10 13:00:00+00:00,2023-11-10 13:01:00+00:00,2023-11-11 03:55:00+00:00,2023-11-11 04:25:00+00:00,True
SEZHUK-231109-261316,CAUK000155,Tractor Unit,Curtain-Side 13.6M Trailer,L11 0JA,ME11 5AR,53.462845,-2.896967,51.411125,0.752907,2023-11-10 14:00:00+00:00,2023-11-10 14:01:00+00:00,2023-11-11 09:55:00+00:00,2023-11-11 10:25:00+00:00,True
SEZHUK-231109-261317,CAUK000689,Tractor Unit,Curtain-Side 13.6M Trailer,DN3 3FG,TQ12 6GN,53.537133,-1.037405,50.55996,-3.669927,2023-11-13 06:00:00+00:00,2023-11-13 18:00:00+00:00,2023-11-14 06:02:00+00:00,2023-11-14 06:30:00+00:00,True
SEZHUK-231109-261319,CAUK000155,Tractor Unit,Box,DA8 1DL,EH54 8QX,51.491735,0.171025,55.901847,-3.583873,2023-11-14 11:00:00+00:00,2023-11-14 11:30:00+00:00,2023-11-15 08:00:00+00:00,2023-11-15 08:30:00+00:00,True
SEZHUK-231109-261351,CAUK000876,Tractor Unit,Curtain-Side 13.6M Trailer,LS24 9SD,BT26 6JJ,53.886427,-1.271051,54.474078,-6.104285,2023-11-10 12:00:00+00:00,2023-11-10 12:30:00+00:00,2023-11-14 07:30:00+00:00,2023-11-14 08:00:00+00:00,True
SEZHUK-231109-261352,CAUK000876,Tractor Unit,Curtain-Side 13.6M Trailer,DE14 2WT,BT26 6JJ,52.800481,-1.663328,54.474078,-6.104285,2023-11-14 12:00:00+00:00,2023-11-14 12:30:00+00:00,2023-11-16 07:30:00+00:00,2023-11-16 08:00:00+00:00,False
SEZHUK-231109-261353,CAUK000310,Tractor Unit,Curtain-Side 13.6M Trailer,DE14 2WT,NN8 6GR,52.800481,-1.663328,52.30156,-0.733166,2023-11-13 06:30:00+00:00,2023-11-13 07:00:00+00:00,2023-11-13 10:00:00+00:00,2023-11-13 10:30:00+00:00,True
SEZHUK-231109-261358,CAUK000222,Tractor Unit,Curtain-Side 13.6M Trailer,L11 0JA,NN4 9BB,53.462845,-2.896967,52.215154,-0.947502,2023-11-13 11:00:00+00:00,2023-11-13 11:01:00+00:00,2023-11-13 18:15:00+00:00,2023-11-13 18:45:00+00:00,False
SEZHUK-231109-261369,CAUK000310,Tractor Unit,Curtain-Side 13.6M Trailer,NN4 9BA,DA18 4AG,52.213462,-0.951036,51.497213,0.142124,2023-11-13 10:30:00+00:00,2023-11-13 11:00:00+00:00,2023-11-13 15:00:00+00:00,2023-11-13 15:30:00+00:00,True
SEZHUK-231109-261376,CAUK000115,Tractor Unit,Curtain-Side 13.6M Trailer,LS10 1SL,CH62 4TG,53.771668,-1.514934,53.346913,-2.988986,2023-11-10 17:00:00+00:00,2023-11-10 17:30:00+00:00,2023-11-10 21:30:00+00:00,2023-11-10 22:00:00+00:00,False
SEZHUK-231109-261386,CAUK000876,Tractor Unit,Curtain-Side 13.6M Trailer,B46 1TT,BT26 6JJ,52.524545,-1.712207,54.474078,-6.104285,2023-12-07 14:00:00+00:00,2023-12-07 14:30:00+00:00,2023-12-08 07:30:00+00:00,2023-12-08 08:00:00+00:00,True
SEZHUK-231109-261387,CAUK000876,Tractor Unit,Curtain-Side 13.6M Trailer,B46 1TT,BT26 6JJ,52.524545,-1.712207,54.474078,-6.104285,2023-12-14 14:00:00+00:00,2023-12-14 14:30:00+00:00,2023-12-15 07:30:00+00:00,2023-12-15 08:00:00+00:00,False
SEZHUK-231109-261388,CAUK000876,Tractor Unit,Curtain-Side 13.6M Trailer,B46 1TT,BT26 6JJ,52.524545,-1.712207,54.474078,-6.104285,2023-12-14 14:00:00+00:00,2023-12-14 14:30:00+00:00,2023-12-15 07:30:00+00:00,2023-12-15 08:00:00+00:00,False
SEZHUK-231109-261395,CAUK000876,Tractor Unit,Curtain-Side 13.6M Trailer,B46 1TT,BT26 6JJ,52.524545,-1.712207,54.474078,-6.104285,2023-12-27 14:00:00+00:00,2023-12-27 14:30:00+00:00,2023-12-28 07:30:00+00:00,2023-12-28 08:00:00+00:00,True
SEZHUK-231109-261400,CAUK000029,Tractor Unit,Curtain-Side 13.6M Trailer,S80 3FY,NN4 9BX,53.293393,-1.074008,52.219327,-0.954725,2023-11-11 11:00:00+00:00,2023-11-11 11:59:00+00:00,2023-11-11 16:55:00+00:00,2023-11-11 17:25:00+00:00,True
SEZHUK-231109-261401,CAUK000863,Tractor Unit,Curtain-Side 13.6M Trailer,DE14 2WT,NW10 7LQ,52.800481,-1.663328,51.526489,-0.266374,2023-11-10 12:00:00+00:00,2023-11-10 12:30:00+00:00,2023-11-13 14:00:00+00:00,2023-11-13 14:30:00+00:00,True
SEZHUK-231109-261408,CAUK000019,Tractor Unit,Curtain-Side 13.6M Trailer,LE19 1WY,DA1 2DS,52.601576,-1.18816,51.439021,0.20267,2023-11-10 03:45:00+00:00,2023-11-10 04:15:00+00:00,2023-11-10 21:30:00+00:00,2023-11-10 22:00:00+00:00,True
SEZHUK-231109-261435,CAUK000310,Tractor Unit,Curtain-Side 13.6M Trailer,DE14 2WT,OX11 7HJ,52.800481,-1.663328,51.619119,-1.256837,2023-11-13 05:30:00+00:00,2023-11-13 06:00:00+00:00,2023-11-13 10:00:00+00:00,2023-11-13 10:30:00+00:00,True
SEZHUK-231109-261437,CAUK000051,Tractor Unit,Curtain-Side 13.6M Trailer,NN9 5DB,ST4 4EX,52.3256,-0.613059,52.990933,-2.182771,2023-11-13 12:30:00+00:00,2023-11-13 13:00:00+00:00,2023-11-13 16:30:00+00:00,2023-11-13 17:00:00+00:00,True
SEZHUK-231109-261440,CAUK000310,Tractor Unit,Curtain-Side 13.6M Trailer,NN9 5DB,CW9 7WA,52.3256,-0.613059,53.254095,-2.475224,2023-11-13 06:30:00+00:00,2023-11-13 07:00:00+00:00,2023-11-13 11:50:00+00:00,2023-11-13 12:20:00+00:00,False
SEZHUK-231109-261446,CAUK000250,Tractor Unit,Curtain-Side 13.6M Trailer,S80 3FY,MULLINGAR,53.293393,-1.074008,53.525595,-7.321696,2023-11-14 04:00:00+00:00,2023-11-14 04:59:00+00:00,2023-11-16 18:25:00+00:00,2023-11-16 18:55:00+00:00,True
SEZHUK-231109-261483,CAUK000781,Tractor Unit,Curtain-Side 13.6M Trailer,L11 0JA,CV9 2SQ,53.462845,-2.896967,52.583936,-1.557171,2023-11-13 08:00:00+00:00,2023-11-13 08:01:00+00:00,2023-11-13 14:55:00+00:00,2023-11-13 15:25:00+00:00,False
SEZHUK-231109-261487,CAUK000689,Tractor Unit,Curtain-Side 13.6M Trailer,DE14 2WT,CF11 8TS,52.800481,-1.663328,51.459807,-3.195345,2023-11-10 13:36:00+00:00,2023-11-13 11:30:00+00:00,2023-11-13 11:00:00+00:00,2023-11-13 11:30:00+00:00,True
SEZHUK-231109-261488,CAUK000029,Tractor Unit,Curtain-Side 13.6M Trailer,S80 3FY,NN17 5ZB,53.293393,-1.074008,52.495677,-0.672211,2023-11-13 09:00:00+00:00,2023-11-13 09:59:00+00:00,2023-11-13 13:25:00+00:00,2023-11-13 13:55:00+00:00,False
SEZHUK-231109-261489,CAUK000940,Tractor Unit,Curtain-Side 13.6M Trailer,L11 0JA,SN3 4DB,53.462845,-2.896967,51.579105,-1.718746,2023-11-13 08:00:00+00:00,2023-11-13 08:01:00+00:00,2023-11-13 17:55:00+00:00,2023-11-13 18:25:00+00:00,True
SEZHUK-231109-261499,CAUK000155,Tractor Unit,Curtain-Side 13.6M Trailer,LS10 1SL,DA14 5DF,53.771668,-1.514934,51.415995,0.118003,2023-11-10 00:01:00+00:00,2023-11-10 00:31:00+00:00,2023-11-10 08:00:00+00:00,2023-11-10 08:30:00+00:00,False
SEZHUK-231109-261506,CAUK000155,Tractor Unit,Curtain-Side 13.6M Trailer,L11 0JA,UB6 8UH,53.462845,-2.896967,51.54329,-0.358536,2023-11-12 10:00:00+00:00,2023-11-12 10:01:00+00:00,2023-11-13 12:55:00+00:00,2023-11-13 13:25:00+00:00,True
SEZHUK-231109-261507,CAUK000155,Tractor Unit,Curtain-Side 13.6M Trailer,LS11 5LX,BS16 3SB,53.767204,-1.547784,51.476091,-2.527994,2023-11-10 03:00:00+00:00,2023-11-10 03:30:00+00:00,2023-11-10 10:30:00+00:00,2023-11-10 11:00:00+00:00,False
SEZHUK-231109-261523,CAUK000250,Tractor Unit,Curtain-Side 13.6M Trailer,S80 3FY,MITCHELSTOWN,53.293393,-1.074008,52.276579,-8.258109,2023-11-10 06:00:00+00:00,2023-11-10 06:59:00+00:00,2023-11-13 10:25:00+00:00,2023-11-13 10:55:00+00:00,True
SEZHUK-231109-261579,CAUK000096,Tractor Unit,Curtain-Side 13.6M Trailer,OL15 8QF,LE19 1WY,53.634051,-2.1142,52.601576,-1.18816,2023-11-10 10:00:00+00:00,2023-11-10 10:30:00+00:00,2023-11-10 16:30:00+00:00,2023-11-10 17:00:00+00:00,True
SEZHUK-231110-261590,CAUK000781,Tractor Unit,Curtain-Side 13.6M Trailer,L11 0JA,WV4 6UD,53.462845,-2.896967,52.560452,-2.099437,2023-11-14 10:00:00+00:00,2023-11-14 10:01:00+00:00,2023-11-14 16:55:00+00:00,2023-11-14 17:25:00+00:00,True
SEZHUK-231110-261596,CAUK000854,Tractor Unit,Curtain-Side 13.6M Trailer,DG16 5HT,G68 0DA,55.003467,-3.042858,55.974345,-3.965864,2023-11-13 06:00:00+00:00,2023-11-13 15:00:00+00:00,2023-11-14 08:02:00+00:00,2023-11-14 08:30:00+00:00,True
SEZHUK-231110-261600,CAUK000096,Tractor Unit,Curtain-Side 13.6M Trailer,HP22 5BL,NG7 2SD,51.779657,-0.772897,52.934662,-1.181471,2023-11-13 09:00:00+00:00,2023-11-13 09:30:00+00:00,2023-11-13 14:30:00+00:00,2023-11-13 15:00:00+00:00,False
SEZHUK-231110-261608,CAUK000124,Tractor Unit,Curtain-Side 13.6M Trailer,DE12 8AA,OX14 4TE,52.690284,-1.548894,51.623911,-1.28,2023-11-14 09:00:00+00:00,2023-11-14 09:00:00+00:00,2023-11-14 12:00:00+00:00,2023-11-14 12:00:00+00:00,True
SEZHUK-231110-261609,CAUK000689,Tractor Unit,Curtain-Side 13.6M Trailer,L11 0JA,CF3 2GJ,53.462845,-2.896967,51.50328,-3.109119,2023-11-12 02:00:00+00:00,2023-11-12 03:00:00+00:00,2023-11-12 09:55:00+00:00,2023-11-12 10:25:00+00:00,True
SEZHUK-231110-261613,CAUK000689,Tractor Unit,Curtain-Side 13.6M Trailer,DN8 5TE,CF15 7UN,53.566639,-0.919839,51.568344,-3.252966,2023-11-13 06:00:00+00:00,2023-11-13 18:00:00+00:00,2023-11-14 08:00:00+00:00,2023-11-14 15:59:00+00:00,True
SEZHUK-231110-261616,CAUK000689,Tractor Unit,Curtain-Side 13.6M Trailer,DN8 5TE,CF15 7UN,53.566639,-0.919839,51.568344,-3.252966,2023-11-13 06:00:00+00:00,2023-11-13 18:00:00+00:00,2023-11-14 08:00:00+00:00,2023-11-14 15:59:00+00:00,True
SEZHUK-231110-261617,CAUK000096,Tractor Unit,Curtain-Side 13.6M Trailer,SS17 9DY,IG11 0DS,51.510091,0.459598,51.515717,0.100453,2023-11-13 09:00:00+00:00,2023-11-13 09:30:00+00:00,2023-11-13 13:30:00+00:00,2023-11-13 14:00:00+00:00,False
SEZHUK-231110-261618,CAUK000689,Tractor Unit,Curtain-Side 13.6M Trailer,DN8 5TE,CF15 7UN,53.566639,-0.919839,51.568344,-3.252966,2023-11-13 06:00:00+00:00,2023-11-13 18:00:00+00:00,2023-11-14 08:00:00+00:00,2023-11-14 15:59:00+00:00,True
SEZHUK-231110-261644,CAUK000250,Tractor Unit,Curtain-Side 13.6M Trailer,DE5 8JX,DONABATE,53.029877,-1.412565,53.483755,-6.13869,2023-11-14 16:30:00+00:00,2023-11-14 17:00:00+00:00,2023-11-16 21:55:00+00:00,2023-11-16 22:25:00+00:00,False
SEZHUK-231110-261645,CAUK000250,Tractor Unit,Curtain-Side 13.6M Trailer,L11 0JA,DONABATE,53.464178,-2.895312,53.483755,-6.13869,2023-11-14 13:00:00+00:00,2023-11-14 13:01:00+00:00,2023-11-16 21:55:00+00:00,2023-11-16 22:25:00+00:00,False
SEZHUK-231110-261654,CAUK000155,Tractor Unit,Curtain-Side 13.6M Trailer,L11 0JA,RG2 0PN,53.462845,-2.896967,51.419654,-0.973301,2023-11-11 11:00:00+00:00,2023-11-11 11:01:00+00:00,2023-11-12 12:55:00+00:00,2023-11-12 13:25:00+00:00,True
SEZHUK-231110-261660,CAUK001028,Tractor Unit,Curtain-Side 13.6M Trailer,NP26 3RA,WD24 4UA,51.585139,-2.844668,51.667573,-0.392528,2023-11-14 05:00:00+00:00,2023-11-14 05:30:00+00:00,2023-11-14 10:30:00+00:00,2023-11-14 11:30:00+00:00,True
SEZHUK-231110-261662,CAUK000222,Tractor Unit,Curtain-Side 13.6M Trailer,DE14 2WT,CF11 8TS,52.800481,-1.663328,51.459807,-3.195345,2023-11-14 07:00:00+00:00,2023-11-14 08:00:00+00:00,2023-11-14 12:30:00+00:00,2023-11-14 13:00:00+00:00,False
SEZHUK-231110-261663,CAUK000029,Tractor Unit,Curtain-Side 13.6M Trailer,DN11 9HE,NN6 7TZ,53.437296,-1.068189,52.35193,-1.144734,2023-11-13 15:00:00+00:00,2023-11-13 15:59:00+00:00,2023-11-14 08:55:00+00:00,2023-11-14 09:25:00+00:00,True
SEZHUK-231110-261666,CAUK000689,Tractor Unit,Curtain-Side 13.6M Trailer,DN3 3FG,TQ12 6GN,53.537133,-1.037405,50.55996,-3.669927,2023-11-14 06:00:00+00:00,2023-11-14 16:00:00+00:00,2023-11-15 06:02:00+00:00,2023-11-15 06:30:00+00:00,True
SEZHUK-231110-261679,CAUK000310,Tractor Unit,Curtain-Side 13.6M Trailer,DE14 2WT,DA18 4AG,52.800481,-1.663328,51.497213,0.142124,2023-11-14 09:00:00+00:00,2023-11-14 10:00:00+00:00,2023-11-14 15:30:00+00:00,2023-11-14 16:30:00+00:00,True
SEZHUK-231110-261683,CAUK000155,Tractor Unit,Curtain Side,CV23 8BQ,ML1 4UY,52.334853,-1.18045,55.825996,-3.989714,2023-11-15 16:00:00+00:00,2023-11-15 17:00:00+00:00,2023-11-15 23:00:00+00:00,2023-11-15 23:59:00+00:00,True
SEZHUK-231110-261684,CAUK000155,Tractor Unit,Curtain Side,CV23 8BQ,ML1 4UY,52.334853,-1.18045,55.825996,-3.989714,2023-11-16 16:00:00+00:00,2023-11-16 17:00:00+00:00,2023-11-16 23:00:00+00:00,2023-11-16 23:59:00+00:00,False
SEZHUK-231110-261685,CAUK000155,Tractor Unit,Curtain Side,CV23 8BQ,ML1 4UY,52.334853,-1.18045,55.825996,-3.989714,2023-11-17 16:00:00+00:00,2023-11-17 17:00:00+00:00,2023-11-17 23:00:00+00:00,2023-11-17 23:59:00+00:00,False
SEZHUK-231110-261686,CAUK000222,Tractor Unit,Curtain-Side 13.6M Trailer,DE14 2WT,SN3 4FN,52.800481,-1.663328,51.595572,-1.740649,2023-11-13 22:00:00+00:00,2023-11-13 22:30:00+00:00,2023-11-14 07:30:00+00:00,2023-11-14 08:00:00+00:00,True
SEZHUK-231110-261688,CAUK000155,Tractor Unit,Curtain Side,CV23 8BQ,ML1 4UY,52.334853,-1.18045,55.825996,-3.989714,2023-11-20 16:00:00+00:00,2023-11-20 17:00:00+00:00,2023-11-20 23:00:00+00:00,2023-11-20 23:59:00+00:00,False
SEZHUK-231110-261689,CAUK000155,Tractor Unit,Curtain Side,CV23 8BQ,ML1 4UY,52.334853,-1.18045,55.825996,-3.989714,2023-11-21 16:00:00+00:00,2023-11-21 17:00:00+00:00,2023-11-21 23:00:00+00:00,2023-11-21 23:59:00+00:00,True
SEZHUK-231110-261690,CAUK000155,Tractor Unit,Curtain Side,CV23 8BQ,ML1 4UY,52.334853,-1.18045,55.825996,-3.989714,2023-11-22 16:00:00+00:00,2023-11-22 17:00:00+00:00,2023-11-22 23:00:00+00:00,2023-11-22 23:59:00+00:00,False
SEZHUK-231110-261691,CAUK000155,Tractor Unit,Curtain Side,CV23 8BQ,ML1 4UY,52.334853,-1.18045,55.825996,-3.989714,2023-11-23 16:00:00+00:00,2023-11-23 17:00:00+00:00,2023-11-23 23:00:00+00:00,2023-11-23 23:59:00+00:00,False
SEZHUK-231110-261692,CAUK000155,Tractor Unit,Curtain Side,CV23 8BQ,ML1 4UY,52.334853,-1.18045,55.825996,-3.989714,2023-11-24 16:00:00+00:00,2023-11-24 17:00:00+00:00,2023-11-24 23:00:00+00:00,2023-11-24 23:59:00+00:00,False
SEZHUK-231110-261693,CAUK000155,Tractor Unit,Curtain Side,CV23 8BQ,ML1 4UY,52.334853,-1.18045,55.825996,-3.989714,2023-11-25 16:00:00+00:00,2023-11-25 17:00:00+00:00,2023-11-25 23:00:00+00:00,2023-11-25 23:59:00+00:00,True
SEZHUK-231110-261694,CAUK000155,Tractor Unit,Curtain Side,CV23 8BQ,ML1 4UY,52.334853,-1.18045,55.825996,-3.989714,2023-11-27 16:00:00+00:00,2023-11-27 17:00:00+00:00,2023-11-27 23:00:00+00:00,2023-11-27 23:59:00+00:00,False
SEZHUK-231110-261695,CAUK000155,Tractor Unit,Curtain Side,CV23 8BQ,ML1 4UY,52.334853,-1.18045,55.825996,-3.989714,2023-11-28 16:00:00+00:00,2023-11-28 17:00:00+00:00,2023-11-28 23:00:00+00:00,2023-11-28 23:59:00+00:00,True
SEZHUK-231110-261696,CAUK000155,Tractor Unit,Curtain Side,CV23 8BQ,ML1 4UY,52.334853,-1.18045,55.825996,-3.989714,2023-11-29 16:00:00+00:00,2023-11-29 17:00:00+00:00,2023-11-29 23:00:00+00:00,2023-11-29 23:59:00+00:00,True
SEZHUK-231110-261697,CAUK000155,Tractor Unit,Curtain Side,CV23 8BQ,ML1 4UY,52.334853,-1.18045,55.825996,-3.989714,2023-11-30 16:00:00+00:00,2023-11-30 17:00:00+00:00,2023-11-30 23:00:00+00:00,2023-11-30 23:59:00+00:00,False
SEZHUK-231110-261698,CAUK000155,Tractor Unit,Curtain Side,CV23 8BQ,ML1 4UY,52.334853,-1.18045,55.825996,-3.989714,2023-12-01 16:00:00+00:00,2023-12-01 17:00:00+00:00,2023-12-01 23:00:00+00:00,2023-12-01 23:59:00+00:00,True
SEZHUK-231110-261711,CAUK000863,Tractor Unit,Curtain-Side 13.6M Trailer,S80 3FY,DA2 6QL,53.293393,-1.074008,51.453485,0.256436,2023-11-13 16:00:00+00:00,2023-11-13 16:59:00+00:00,2023-11-14 09:55:00+00:00,2023-11-14 10:25:00+00:00,True
SEZHUK-231110-261714,CAUK000029,Tractor Unit,Curtain-Side 13.6M Trailer,S80 3FY,EH54 8QX,53.293393,-1.074008,55.896335,-3.53565,2023-11-13 12:00:00+00:00,2023-11-13 12:59:00+00:00,2023-11-14 05:00:00+00:00,2023-11-14 05:00:00+00:00,False
SEZHUK-231110-261716,CAUK000155,Tractor Unit,Curtain-Side 13.6M Trailer,LS11 5LX,BS16 3SB,53.767204,-1.547784,51.476091,-2.527994,2023-11-13 06:00:00+00:00,2023-11-13 06:30:00+00:00,2023-11-13 13:30:00+00:00,2023-11-13 14:00:00+00:00,True
SEZHUK-231110-261721,CAUK000199,18T Rigid,Curtain Side,LS10 1SL,CH62 4YB,53.771668,-1.514934,53.344391,-2.975459,2023-11-13 06:00:00+00:00,2023-11-13 06:30:00+00:00,2023-11-13 09:30:00+00:00,2023-11-13 10:00:00+00:00,False
SEZHUK-231110-261724,CAUK000115,Tractor Unit,Curtain-Side 13.6M Trailer,LS10 1SL,CH62 4TG,53.771668,-1.514934,53.346913,-2.988986,2023-11-11 14:00:00+00:00,2023-11-11 14:30:00+00:00,2023-11-12 21:30:00+00:00,2023-11-12 22:00:00+00:00,True
SEZHUK-231110-261727,CAUK000155,Tractor Unit,Curtain-Side 13.6M Trailer,L11 0JA,ME11 5AR,53.462845,-2.896967,51.411125,0.752907,2023-11-13 17:00:00+00:00,2023-11-13 17:01:00+00:00,2023-11-14 09:55:00+00:00,2023-11-14 10:25:00+00:00,True
SEZHUK-231110-261728,CAUK000781,Tractor Unit,Curtain-Side 13.6M Trailer,L11 0JA,CV9 2SQ,53.462845,-2.896967,52.583936,-1.557171,2023-11-14 12:00:00+00:00,2023-11-14 12:01:00+00:00,2023-11-15 17:30:00+00:00,2023-11-15 18:00:00+00:00,True
SEZHUK-231110-261730,CAUK000155,Tractor Unit,Curtain-Side 13.6M Trailer,L11 0JA,ME11 5AR,53.462845,-2.896967,51.411125,0.752907,2023-11-13 18:00:00+00:00,2023-11-13 18:01:00+00:00,2023-11-14 12:55:00+00:00,2023-11-14 13:25:00+00:00,True
SEZHUK-231110-261734,CAUK001028,Tractor Unit,Curtain-Side 13.6M Trailer,NN9 5DB,EN11 0EZ,52.3256,-0.613059,51.767039,0.008668,2023-11-13 14:00:00+00:00,2023-11-13 14:30:00+00:00,2023-11-14 05:30:00+00:00,2023-11-14 06:00:00+00:00,True
SEZHUK-231110-261753,CAUK000863,Tractor Unit,Curtain-Side 13.6M Trailer,S80 3FY,DA1 5XU,53.293393,-1.074008,51.465326,0.244394,2023-11-13 14:00:00+00:00,2023-11-13 14:59:00+00:00,2023-11-14 04:55:00+00:00,2023-11-14 05:25:00+00:00,True
SEZHUK-231110-261883,CAUK000222,Tractor Unit,Curtain-Side 13.6M Trailer,L11 0JA,WS10 9QY,53.462845,-2.896967,52.565725,-2.009182,2023-11-13 21:00:00+00:00,2023-11-13 22:00:00+00:00,2023-11-14 05:55:00+00:00,2023-11-14 06:25:00+00:00,True
SEZHUK-231110-261887,CAUK000155,Tractor Unit,Curtain-Side 13.6M Trailer,L11 0JA,UB2 4SB,53.462845,-2.896967,51.507588,-0.360871,2023-11-14 04:00:00+00:00,2023-11-14 04:15:00+00:00,2023-11-14 13:55:00+00:00,2023-11-14 14:25:00+00:00,True
SEZHUK-231110-261888,CAUK000155,Tractor Unit,Curtain-Side 13.6M Trailer,L11 0JA,UB2 4SB,53.462845,-2.896967,51.507588,-0.360871,2023-11-14 04:00:00+00:00,2023-11-14 04:15:00+00:00,2023-11-14 14:25:00+00:00,2023-11-14 14:55:00+00:00,True
SEZHUK-231110-261904,CAUK000029,Tractor Unit,Curtain-Side 13.6M Trailer,DN11 9HE,AL10 9TR,53.437296,-1.068189,51.77179,-0.251425,2023-11-13 16:00:00+00:00,2023-11-13 16:59:00+00:00,2023-11-14 14:25:00+00:00,2023-11-14 14:55:00+00:00,True
SEZHUK-231110-261932,CAUK000660,Tractor Unit,Box 44ft,BD5 8LZ,HP2 7PZ,53.763771,-1.739326,51.771841,-0.439918,2023-11-11 12:20:00+00:00,2023-11-11 14:00:01+00:00,2023-11-12 05:00:00+00:00,2023-11-12 07:00:01+00:00,False
SEZHUK-231110-261936,CAUK000390,Tractor Unit,Box 44ft,BD5 8LZ,HP2 7PZ,53.763771,-1.739326,51.771841,-0.439918,2023-11-11 14:20:00+00:00,2023-11-11 16:00:01+00:00,2023-11-12 05:00:00+00:00,2023-11-12 07:00:01+00:00,True
SEZHUK-231111-262061,CAUK000660,Tractor Unit,Box 44ft,BD5 8LZ,HP2 7PZ,53.763771,-1.739326,51.771841,-0.439918,2023-11-12 12:20:00+00:00,2023-11-12 14:00:01+00:00,2023-11-13 05:00:00+00:00,2023-11-13 07:00:01+00:00,False
SEZHUK-231111-262065,CAUK000766,Tractor Unit,Box 44ft,BD5 8LZ,HP2 7PZ,53.763771,-1.739326,51.771841,-0.439918,2023-11-11 22:19:00+00:00,2023-11-12 01:00:01+00:00,2023-11-12 05:51:00+00:00,2023-11-12 07:51:01+00:00,True
SEZHUK-231112-262143,CAUK000863,Tractor Unit,Box 44ft,BD5 8LZ,HP2 7PZ,53.763771,-1.739326,51.771841,-0.439918,2023-11-16 02:20:00+00:00,2023-11-16 04:00:01+00:00,2023-11-16 08:51:00+00:00,2023-11-16 11:46:01+00:00,True
SEZHUK-231112-262144,CAUK001068,Tractor Unit,Box 44ft,BD5 8LZ,HP2 7PZ,53.763771,-1.739326,51.771841,-0.439918,2023-11-16 01:20:00+00:00,2023-11-16 03:00:01+00:00,2023-11-16 07:51:00+00:00,2023-11-16 10:46:01+00:00,False
SEZHUK-231112-262147,CAUK000660,Tractor Unit,Box 44ft,BD5 8LZ,HP2 7PZ,53.763771,-1.739326,51.771841,-0.439918,2023-11-16 12:20:00+00:00,2023-11-16 14:00:01+00:00,2023-11-17 05:00:00+00:00,2023-11-17 08:41:01+00:00,False
SEZHUK-231112-262152,CAUK000435,Tractor Unit,Box 44ft,BD5 8LZ,EN3 7QP,53.763771,-1.739326,51.659325,-0.021793,2023-11-16 22:19:00+00:00,2023-11-17 01:00:01+00:00,2023-11-17 06:00:00+00:00,2023-11-17 08:55:01+00:00,True
SEZHUK-231112-262157,CAUK001068,Tractor Unit,Box 44ft,BD5 8LZ,BS35 3UT,53.763771,-1.739326,51.602415,-2.522567,2023-11-13 01:20:00+00:00,2023-11-13 03:00:01+00:00,2023-11-13 08:15:00+00:00,2023-11-13 12:22:01+00:00,False
SEZHUK-231112-262163,CAUK001068,Tractor Unit,Box 44ft,BD5 8LZ,HP2 7PZ,53.763771,-1.739326,51.771841,-0.439918,2023-11-16 13:20:00+00:00,2023-11-16 15:00:01+00:00,2023-11-17 04:30:00+00:00,2023-11-17 07:26:01+00:00,False
SEZHUK-231112-262165,CAUK000435,Tractor Unit,Box 44ft,BD5 8LZ,EN3 7QP,53.763771,-1.739326,51.659325,-0.021793,2023-11-17 22:19:00+00:00,2023-11-18 01:00:01+00:00,2023-11-18 06:00:00+00:00,2023-11-18 08:55:01+00:00,True
SEZHUK-231112-262171,CAUK001068,Tractor Unit,Box 44ft,BD5 8LZ,RG19 4BQ,53.763771,-1.739326,51.398851,-1.231993,2023-11-14 01:20:00+00:00,2023-11-14 03:00:01+00:00,2023-11-14 08:37:00+00:00,2023-11-14 11:33:01+00:00,False
SEZHUK-231112-262174,CAUK000814,Tractor Unit,Box 44ft,BD5 8LZ,RG19 4BQ,53.763771,-1.739326,51.398851,-1.231993,2023-11-14 16:20:00+00:00,2023-11-14 18:00:01+00:00,2023-11-15 06:00:00+00:00,2023-11-15 08:56:01+00:00,True
SEZHUK-231112-262176,CAUK001068,Tractor Unit,Box 44ft,BD5 8LZ,RG19 4BQ,53.763771,-1.739326,51.398851,-1.231993,2023-11-15 01:20:00+00:00,2023-11-15 03:00:01+00:00,2023-11-15 08:37:00+00:00,2023-11-15 11:33:01+00:00,False
SEZHUK-231112-262177,CAUK001068,Tractor Unit,Box 44ft,BD5 8LZ,BS35 3UT,53.763771,-1.739326,51.602415,-2.522567,2023-11-15 01:20:00+00:00,2023-11-15 03:00:01+00:00,2023-11-15 08:15:00+00:00,2023-11-15 12:22:01+00:00,False
SEZHUK-231112-262180,CAUK000660,Tractor Unit,Box 44ft,BD5 8LZ,RG19 4BQ,53.763771,-1.739326,51.398851,-1.231993,2023-11-15 12:20:00+00:00,2023-11-15 14:00:01+00:00,2023-11-16 06:00:00+00:00,2023-11-16 09:41:01+00:00,True
SEZHUK-231112-262183,CAUK000814,Tractor Unit,Box 44ft,BD5 8LZ,RG19 4BQ,53.763771,-1.739326,51.398851,-1.231993,2023-11-16 16:20:00+00:00,2023-11-16 18:00:01+00:00,2023-11-17 06:00:00+00:00,2023-11-17 08:56:01+00:00,True
SEZHUK-231112-262209,CAUK000435,Tractor Unit,Box 44ft,BD5 8LZ,EN3 7QP,53.763771,-1.739326,51.659325,-0.021793,2023-11-13 22:19:00+00:00,2023-11-14 01:00:01+00:00,2023-11-14 06:00:00+00:00,2023-11-14 08:55:01+00:00,False
SEZHUK-231112-262216,CAUK000390,Tractor Unit,Box 44ft,BD5 8LZ,ME13 7TW,53.763771,-1.739326,51.328048,0.877608,2023-11-17 13:20:00+00:00,2023-11-17 15:00:01+00:00,2023-11-18 06:00:00+00:00,2023-11-18 09:41:01+00:00,True
SEZHUK-231112-262217,CAUK000435,Tractor Unit,Box 44ft,BD5 8LZ,EN3 7QP,53.763771,-1.739326,51.659325,-0.021793,2023-11-15 22:19:00+00:00,2023-11-16 01:00:01+00:00,2023-11-16 06:00:00+00:00,2023-11-16 08:55:01+00:00,True
SEZHUK-231112-262218,CAUK000766,Tractor Unit,Box 44ft,BD5 8LZ,ME13 7TW,53.763771,-1.739326,51.328048,0.877608,2023-11-17 22:19:00+00:00,2023-11-18 00:01:01+00:00,2023-11-18 06:00:00+00:00,2023-11-18 08:56:01+00:00,True
SEZHUK-231112-262234,CAUK000766,Tractor Unit,Box 44ft,BD5 8LZ,RG19 4BQ,53.763771,-1.739326,51.398851,-1.231993,2023-11-16 21:20:00+00:00,2023-11-16 23:00:01+00:00,2023-11-17 06:00:00+00:00,2023-11-17 08:56:01+00:00,False
SEZHUK-231113-262259,CAUK000770,Tractor Unit,Curtain-Side 13.6M Trailer,DN3 3FG,HP22 5EZ,53.537133,-1.037405,51.818102,-0.739456,2023-11-15 06:00:00+00:00,2023-11-15 18:00:00+00:00,2023-11-16 10:32:00+00:00,2023-11-16 11:00:00+00:00,False
SEZHUK-231113-262339,CAUK000222,Tractor Unit,Curtain-Side 13.6M Trailer,L11 0JA,MK4 4BX,53.462845,-2.896967,51.992683,-0.784387,2023-11-14 17:00:00+00:00,2023-11-14 17:01:00+00:00,2023-11-15 10:55:00+00:00,2023-11-15 11:25:00+00:00,False
SEZHUK-231113-262341,CAUK000863,Tractor Unit,Curtain-Side 13.6M Trailer,L11 0JA,MK42 6EY,53.462845,-2.896967,52.093182,-0.475758,2023-11-15 16:00:00+00:00,2023-11-15 16:01:00+00:00,2023-11-15 22:25:00+00:00,2023-11-15 22:55:00+00:00,False
SEZHUK-231113-262344,CAUK000863,Tractor Unit,Curtain-Side 13.6M Trailer,DN11 9HE,EH48 2FB,53.437296,-1.068189,55.877803,-3.648558,2023-11-14 15:00:00+00:00,2023-11-14 15:59:00+00:00,2023-11-15 08:55:00+00:00,2023-11-15 09:25:00+00:00,True
SEZHUK-231113-262345,CAUK000124,Tractor Unit,Curtain-Side 13.6M Trailer,OX16 4RS,LE67 1UA,52.067486,-1.313748,52.701119,-1.339519,2023-11-15 09:00:00+00:00,2023-11-15 13:00:00+00:00,2023-11-16 08:00:00+00:00,2023-11-16 08:00:00+00:00,True
SEZHUK-231113-262351,CAUK000863,Tractor Unit,Curtain-Side 13.6M Trailer,HP22 5BL,NG7 2SD,51.779657,-0.772897,52.934662,-1.181471,2023-11-14 09:00:00+00:00,2023-11-14 09:30:00+00:00,2023-11-14 13:30:00+00:00,2023-11-14 14:00:00+00:00,False
SEZHUK-231113-262353,CAUK000096,Tractor Unit,Curtain-Side 13.6M Trailer,HP22 5BL,NG7 2SD,51.779657,-0.772897,52.934662,-1.181471,2023-11-14 09:00:00+00:00,2023-11-14 09:30:00+00:00,2023-11-14 13:30:00+00:00,2023-11-14 14:00:00+00:00,False
SEZHUK-231113-262362,CAUK000222,Tractor Unit,Curtain-Side 13.6M Trailer,CF37 5TF,DY9 7DP,51.572559,-3.291144,52.457769,-2.122196,2023-11-14 09:00:00+00:00,2023-11-14 09:30:00+00:00,2023-11-14 14:30:00+00:00,2023-11-14 15:00:00+00:00,False
SEZHUK-231113-262368,CAUK000096,Tractor Unit,Curtain-Side 13.6M Trailer,SS17 9DY,IG11 0DS,51.510091,0.459598,51.515717,0.100453,2023-11-14 09:00:00+00:00,2023-11-14 09:30:00+00:00,2023-11-14 13:30:00+00:00,2023-11-14 14:00:00+00:00,True
SEZHUK-231113-262397,CAUK000235,Tractor Unit,Curtain-Side 13.6M Trailer,DE14 2WT,DA11 9BU,52.800481,-1.663328,51.444403,0.343805,2023-11-14 11:54:00+00:00,2023-11-15 08:00:00+00:00,2023-11-15 07:30:00+00:00,2023-11-15 08:00:00+00:00,True
SEZHUK-231113-262451,CAUK000155,Tractor Unit,Curtain-Side 13.6M Trailer,L11 0JA,RM19 1ND,53.462845,-2.896967,51.480755,0.261461,2023-11-15 00:00:00+00:00,2023-11-15 23:59:00+00:00,2023-11-15 14:55:00+00:00,2023-11-15 23:59:00+00:00,True
SEZHUK-231113-262452,CAUK000155,Tractor Unit,Curtain-Side 13.6M Trailer,L11 0JA,RM19 1ND,53.462845,-2.896967,51.480755,0.261461,2023-11-15 00:00:00+00:00,2023-11-15 23:59:00+00:00,2023-11-15 15:55:00+00:00,2023-11-15 23:59:00+00:00,True
SEZHUK-231113-262488,CAUK000029,Tractor Unit,Curtain-Side 13.6M Trailer,DN11 9HE,NN6 7TZ,53.437296,-1.068189,52.35193,-1.144734,2023-11-14 17:00:00+00:00,2023-11-14 17:59:00+00:00,2023-11-15 10:55:00+00:00,2023-11-15 11:25:00+00:00,True
SEZHUK-231113-262490,CAUK000029,Tractor Unit,Curtain-Side 13.6M Trailer,S80 3FY,MK42 6EY,53.293393,-1.074008,52.093182,-0.475758,2023-11-15 08:00:00+00:00,2023-11-15 08:00:00+00:00,2023-11-15 14:25:00+00:00,2023-11-15 14:55:00+00:00,True
SEZHUK-231113-262500,CAUK000192,Tractor Unit,Curtain-Side 13.6M Trailer,BD17 7DR,SN3 4RJ,53.837185,-1.780384,51.585213,-1.756402,2023-11-15 08:00:00+00:00,2023-11-15 09:00:00+00:00,2023-11-15 13:38:00+00:00,2023-11-15 14:08:00+00:00,True
SEZHUK-231113-262507,CAUK001028,Tractor Unit,Curtain-Side 13.6M Trailer,NN9 5DB,CM19 4ED,52.322608,-0.622401,51.76935,0.08155,2023-11-14 16:00:00+00:00,2023-11-14 16:30:00+00:00,2023-11-15 06:30:00+00:00,2023-11-15 07:00:00+00:00,True
SEZHUK-231113-262514,CAUK001028,Tractor Unit,Curtain-Side 13.6M Trailer,NN17 4AZ,AL10 9TP,52.507605,-0.693317,51.774757,-0.249213,2023-11-15 10:45:00+00:00,2023-11-15 11:15:00+00:00,2023-11-15 15:00:00+00:00,2023-11-15 15:45:00+00:00,True
SEZHUK-231113-262517,CAUK000155,Tractor Unit,Curtain-Side 13.6M Trailer,L11 0JA,ME11 5AR,53.462845,-2.896967,51.411125,0.752907,2023-11-14 17:00:00+00:00,2023-11-14 17:01:00+00:00,2023-11-15 10:55:00+00:00,2023-11-15 11:25:00+00:00,True
SEZHUK-231113-262520,CAUK000250,Tractor Unit,Curtain-Side 13.6M Trailer,S80 3FY,BT36 7LQ,53.293393,-1.074008,54.664518,-5.932184,2023-11-14 06:00:00+00:00,2023-11-14 06:59:00+00:00,2023-11-16 10:25:00+00:00,2023-11-16 10:55:00+00:00,True
SEZHUK-231113-262572,CAUK000199,18T Rigid,Curtain Side,LS10 1SL,DN8 5JS,53.771668,-1.514934,53.617105,-0.950082,2023-11-14 06:00:00+00:00,2023-11-14 06:30:00+00:00,2023-11-14 07:30:00+00:00,2023-11-14 08:00:00+00:00,False
SEZHUK-231113-262575,CAUK000199,3.5 T Van,LWB Van,LS10 1SL,BL4 8NB,53.771668,-1.514934,53.536726,-2.388382,2023-11-14 07:00:00+00:00,2023-11-14 07:30:00+00:00,2023-11-14 08:30:00+00:00,2023-11-14 09:00:00+00:00,False
SEZHUK-231113-262585,CAUK000115,Tractor Unit,Curtain-Side 13.6M Trailer,LS10 1SL,SG18 8QB,53.771668,-1.514934,52.075205,-0.241341,2023-11-14 14:00:00+00:00,2023-11-14 14:30:00+00:00,2023-11-14 18:30:00+00:00,2023-11-14 19:00:00+00:00,False
SEZHUK-231113-262587,CAUK000199,Tractor Unit,Curtain-Side 13.6M Trailer,LS11 5LX,NE11 0LF,53.767204,-1.547784,54.926337,-1.623686,2023-11-14 06:00:00+00:00,2023-11-14 06:30:00+00:00,2023-11-14 10:30:00+00:00,2023-11-14 11:00:00+00:00,False
SEZHUK-231113-262589,CAUK000155,Tractor Unit,Curtain-Side 13.6M Trailer,LS11 5LX,SL1 4PY,53.767204,-1.547784,51.525651,-0.628026,2023-11-14 19:00:00+00:00,2023-11-14 19:30:00+00:00,2023-11-15 02:30:00+00:00,2023-11-15 03:00:00+00:00,True
SEZHUK-231113-262590,CAUK000155,Tractor Unit,Curtain-Side 13.6M Trailer,LS11 5LX,SY5 0BN,53.767204,-1.547784,52.641707,-2.921752,2023-11-14 05:00:00+00:00,2023-11-14 05:30:00+00:00,2023-11-14 09:30:00+00:00,2023-11-14 10:00:00+00:00,True
SEZHUK-231113-262600,CAUK000115,Tractor Unit,Curtain-Side 13.6M Trailer,LS10 1SL,CH62 4TG,53.771668,-1.514934,53.346913,-2.988986,2023-11-14 05:00:00+00:00,2023-11-14 05:30:00+00:00,2023-11-14 09:00:00+00:00,2023-11-14 10:00:00+00:00,False
SEZHUK-231113-262601,CAUK000115,Tractor Unit,Curtain-Side 13.6M Trailer,LS10 1SL,LL13 9UE,53.771668,-1.514934,53.046804,-2.917933,2023-11-14 12:00:00+00:00,2023-11-14 12:30:00+00:00,2023-11-14 15:00:00+00:00,2023-11-14 16:00:00+00:00,False
SEZHUK-231114-262611,CAUK000863,Tractor Unit,Curtain-Side 13.6M Trailer,DN8 5TE,HP22 5EZ,53.566639,-0.919839,51.818102,-0.739456,2023-11-15 06:00:00+00:00,2023-11-15 18:00:00+00:00,2023-11-16 08:32:00+00:00,2023-11-16 09:00:00+00:00,True
SEZHUK-231114-262617,CAUK000647,Tractor Unit,Curtain-Side 13.6M Trailer,DG16 5HT,DA2 7RB,55.003467,-3.042858,51.421617,0.231492,2023-11-15 06:00:00+00:00,2023-11-15 15:00:00+00:00,2023-11-16 08:00:00+00:00,2023-11-16 15:59:00+00:00,True
SEZHUK-231114-262619,CAUK000124,Tractor Unit,Curtain-Side 13.6M Trailer,NN6 7GX,LE67 1UA,52.358623,-1.166133,52.701119,-1.339519,2023-11-15 09:00:00+00:00,2023-11-15 13:00:00+00:00,2023-11-16 09:00:00+00:00,2023-11-16 09:00:00+00:00,False
SEZHUK-231114-262621,CAUK000096,Tractor Unit,Curtain-Side 13.6M Trailer,HP22 5BL,NG7 2SD,51.779657,-0.772897,52.934662,-1.181471,2023-11-15 09:00:00+00:00,2023-11-15 09:30:00+00:00,2023-11-15 13:30:00+00:00,2023-11-15 14:00:00+00:00,True
SEZHUK-231114-262627,CAUK000689,Tractor Unit,Curtain-Side 13.6M Trailer,DE14 2WT,CF11 8TS,52.800481,-1.663328,51.459807,-3.195345,2023-11-15 19:00:00+00:00,2023-11-15 20:00:00+00:00,2023-11-16 11:00:00+00:00,2023-11-16 11:30:00+00:00,False
SEZHUK-231114-262650,CAUK000349,Tractor Unit,Curtain-Side 13.6M Trailer,NP26 3RA,NW10 7LF,51.585139,-2.844668,51.527001,-0.266522,2023-11-15 20:00:00+00:00,2023-11-15 21:00:00+00:00,2023-11-16 13:30:00+00:00,2023-11-16 14:30:00+00:00,False
SEZHUK-231114-262653,CAUK000155,Tractor Unit,Box,RM9 6RS,EH54 8QX,51.530739,0.138456,55.901847,-3.583873,2023-11-20 11:00:00+00:00,2023-11-20 11:30:00+00:00,2023-11-21 08:00:00+00:00,2023-11-21 08:30:00+00:00,True
SEZHUK-231114-262661,CAUK000022,Tractor Unit,Curtain-Side 13.6M Trailer,PR5 0XD,NE11 0RQ,53.761551,-2.616875,54.937389,-1.616449,2023-11-14 13:00:00+00:00,2023-11-14 14:00:00+00:00,2023-11-15 08:30:00+00:00,2023-11-15 09:30:00+00:00,False
SEZHUK-231114-262664,CAUK000022,Tractor Unit,Curtain-Side 13.6M Trailer,PR5 0XD,NE11 0RQ,53.761551,-2.616875,54.937389,-1.616449,2023-11-14 14:00:00+00:00,2023-11-14 23:45:00+00:00,2023-11-15 10:30:00+00:00,2023-11-15 11:30:00+00:00,False
SEZHUK-231114-262693,CAUK000250,Tractor Unit,Curtain-Side 13.6M Trailer,S80 3FY,BT41 4NN,53.293393,-1.074008,54.732479,-6.238003,2023-11-15 06:00:00+00:00,2023-11-15 06:59:00+00:00,2023-11-17 17:55:00+00:00,2023-11-17 18:25:00+00:00,True
SEZHUK-231114-262695,CAUK000250,Tractor Unit,Curtain-Side 13.6M Trailer,S80 3FY,NAAS,53.293393,-1.074008,53.207122,-6.742479,2023-11-20 06:00:00+00:00,2023-11-20 06:59:00+00:00,2023-11-22 07:25:00+00:00,2023-11-22 07:55:00+00:00,False
SEZHUK-231114-262696,CAUK000250,Tractor Unit,Curtain-Side 13.6M Trailer,S80 3FY,MITCHELSTOWN,53.293393,-1.074008,52.276579,-8.258109,2023-11-20 06:00:00+00:00,2023-11-20 06:59:00+00:00,2023-11-22 10:25:00+00:00,2023-11-22 10:55:00+00:00,False
SEZHUK-231114-262697,CAUK000250,Tractor Unit,Curtain-Side 13.6M Trailer,S80 3FY,MITCHELSTOWN,53.293393,-1.074008,52.276579,-8.258109,2023-11-20 06:00:00+00:00,2023-11-20 06:59:00+00:00,2023-11-22 10:25:00+00:00,2023-11-22 10:55:00+00:00,True
SEZHUK-231114-262711,CAUK000155,Tractor Unit,Curtain-Side 13.6M Trailer,L11 0JA,RM19 1ND,53.462845,-2.896967,51.480755,0.261461,2023-11-16 07:00:00+00:00,2023-11-16 07:01:00+00:00,2023-11-16 15:55:00+00:00,2023-11-16 16:25:00+00:00,True
SEZHUK-231114-262713,CAUK000155,Tractor Unit,Curtain-Side 13.6M Trailer,L11 0JA,RM19 1ND,53.462845,-2.896967,51.480755,0.261461,2023-11-15 12:00:00+00:00,2023-11-15 12:01:00+00:00,2023-11-16 04:25:00+00:00,2023-11-16 04:55:00+00:00,True
SEZHUK-231114-262720,CAUK000876,Tractor Unit,Curtain-Side 13.6M Trailer,DE14 1PT,BT26 6JJ,52.811918,-1.630808,54.474078,-6.104285,2023-11-15 10:00:00+00:00,2023-11-17 07:00:00+00:00,2023-11-17 07:30:00+00:00,2023-11-17 08:00:00+00:00,True
SEZHUK-231114-262722,CAUK000815,Tractor Unit,Curtain-Side 13.6M Trailer,DN8 5TE,SA9 1EY,53.566639,-0.919839,51.7775,-3.758977,2023-11-15 06:00:00+00:00,2023-11-15 15:00:00+00:00,2023-11-16 08:00:00+00:00,2023-11-16 15:59:00+00:00,True
SEZHUK-231114-262734,CAUK000222,Tractor Unit,Curtain-Side 13.6M Trailer,L11 0JA,NN15 5YT,53.462845,-2.896967,52.370504,-0.684925,2023-11-16 08:00:00+00:00,2023-11-16 08:01:00+00:00,2023-11-16 14:35:00+00:00,2023-11-16 15:05:00+00:00,True
SEZHUK-231114-262757,CAUK000295,Tractor Unit,Curtain-Side 13.6M Trailer,DE14 2WT,ML4 1RJ,52.800481,-1.663328,55.818281,-4.021416,2023-11-15 07:00:00+00:00,2023-11-15 07:30:00+00:00,2023-11-16 09:50:00+00:00,2023-11-16 10:20:00+00:00,False
SEZHUK-231114-262763,CAUK000689,Tractor Unit,Curtain-Side 13.6M Trailer,DN3 3FG,TQ12 6GN,53.537133,-1.037405,50.55996,-3.669927,2023-11-16 06:00:00+00:00,2023-11-16 18:00:00+00:00,2023-11-17 07:02:00+00:00,2023-11-17 07:30:00+00:00,False
SEZHUK-231114-262774,CAUK000689,Tractor Unit,Curtain-Side 13.6M Trailer,PE29 2XR,NP26 3TS,52.315672,-0.157664,51.571921,-2.862409,2023-11-15 14:00:00+00:00,2023-11-15 14:00:00+00:00,2023-11-16 10:55:00+00:00,2023-11-16 11:25:00+00:00,False
SEZHUK-231114-262823,CAUK000940,Tractor Unit,Box,S18 1PF,HP2 7PZ,53.304842,-1.482042,51.768864,-0.433083,2023-11-23 11:30:00+00:00,2023-11-23 12:00:00+00:00,2023-11-23 16:30:00+00:00,2023-11-23 17:00:00+00:00,True
SEZHUK-231114-262824,CAUK000863,Tractor Unit,Box,S18 1PF,EN3 7QP,53.304842,-1.482042,51.6596,-0.023079,2023-11-23 11:30:00+00:00,2023-11-23 12:00:00+00:00,2023-11-23 16:30:00+00:00,2023-11-23 17:00:00+00:00,False
SEZHUK-231114-262825,CAUK000940,Tractor Unit,Box,S18 1PF,RG19 4BQ,53.304842,-1.482042,51.398689,-1.232386,2023-11-24 13:00:00+00:00,2023-11-24 13:30:00+00:00,2023-11-24 17:00:00+00:00,2023-11-24 17:30:00+00:00,True
SEZHUK-231114-262827,CAUK000940,Tractor Unit,Box,S18 1PF,RG19 4BQ,53.304842,-1.482042,51.398689,-1.232386,2023-11-23 13:00:00+00:00,2023-11-23 13:30:00+00:00,2023-11-23 17:00:00+00:00,2023-11-23 17:30:00+00:00,False
SEZHUK-231114-262828,CAUK000940,Tractor Unit,Box,S18 1PF,HP2 7PZ,53.304842,-1.482042,51.768864,-0.433083,2023-11-24 11:30:00+00:00,2023-11-24 12:00:00+00:00,2023-11-24 16:30:00+00:00,2023-11-24 17:00:00+00:00,True
SEZHUK-231114-262829,CAUK000940,Tractor Unit,Box,S18 1PF,RG19 4BQ,53.304842,-1.482042,51.398689,-1.232386,2023-11-22 13:00:00+00:00,2023-11-22 13:30:00+00:00,2023-11-22 17:00:00+00:00,2023-11-22 17:30:00+00:00,True
SEZHUK-231114-262830,CAUK000940,Tractor Unit,Box,S18 1PF,HP2 7PZ,53.304842,-1.482042,51.768864,-0.433083,2023-11-22 11:30:00+00:00,2023-11-22 12:00:00+00:00,2023-11-22 16:30:00+00:00,2023-11-22 17:00:00+00:00,True
SEZHUK-231114-262831,CAUK000863,Tractor Unit,Box,S18 1PF,EN3 7QP,53.304842,-1.482042,51.6596,-0.023079,2023-11-22 11:30:00+00:00,2023-11-22 12:00:00+00:00,2023-11-22 16:30:00+00:00,2023-11-22 17:00:00+00:00,False
SEZHUK-231114-262844,CAUK000912,3.5T Van,Box,BD5 8LZ,LE3 8DX,53.766832,-1.740516,52.641456,-1.216005,2023-11-25 00:30:00+00:00,2023-11-25 01:00:00+00:00,2023-11-26 02:30:00+00:00,2023-11-26 03:00:00+00:00,True
SEZHUK-231114-262845,CAUK000912,3.5T Van,Box,BD5 8LZ,LE3 8DX,53.766832,-1.740516,52.641456,-1.216005,2023-11-19 00:30:00+00:00,2023-11-19 01:00:00+00:00,2023-11-20 02:30:00+00:00,2023-11-20 03:00:00+00:00,True
SEZHUK-231114-262846,CAUK000912,3.5T Van,Box,BD5 8LZ,LE3 8DX,53.766832,-1.740516,52.641456,-1.216005,2023-11-20 00:30:00+00:00,2023-11-20 01:00:00+00:00,2023-11-21 02:30:00+00:00,2023-11-21 03:00:00+00:00,True
SEZHUK-231114-262847,CAUK000912,3.5T Van,Box,BD5 8LZ,LE3 8DX,53.766832,-1.740516,52.641456,-1.216005,2023-11-22 00:30:00+00:00,2023-11-22 01:00:00+00:00,2023-11-23 02:30:00+00:00,2023-11-23 03:00:00+00:00,True
SEZHUK-231114-262848,CAUK000912,3.5T Van,Box,BD5 8LZ,LE3 8DX,53.766832,-1.740516,52.641456,-1.216005,2023-11-23 00:30:00+00:00,2023-11-23 01:00:00+00:00,2023-11-24 02:30:00+00:00,2023-11-24 03:00:00+00:00,True
SEZHUK-231114-262852,CAUK000912,3.5T Van,Box,BD5 8LZ,LE3 8DX,53.766832,-1.740516,52.641456,-1.216005,2023-11-21 00:30:00+00:00,2023-11-21 01:00:00+00:00,2023-11-22 02:30:00+00:00,2023-11-22 03:00:00+00:00,True
SEZHUK-231114-262857,CAUK000912,3.5T Van,Box,BD5 8LZ,LE3 8DX,53.766832,-1.740516,52.641456,-1.216005,2023-11-24 00:30:00+00:00,2023-11-24 01:00:00+00:00,2023-11-25 02:30:00+00:00,2023-11-25 03:00:00+00:00,True
SEZHUK-231114-262895,CAUK000912,3.5T Van,Box,S35 2PW,LE3 8DX,53.476537,-1.471065,52.641456,-1.216005,2023-11-21 00:30:00+00:00,2023-11-21 01:00:00+00:00,2023-11-21 03:00:00+00:00,2023-11-21 03:30:00+00:00,True
SEZHUK-231114-262900,CAUK000912,3.5T Van,Box,S35 2PW,LS27 0FU,53.476537,-1.471065,53.734398,-1.604189,2023-11-21 03:15:00+00:00,2023-11-21 03:45:00+00:00,2023-11-21 05:00:00+00:00,2023-11-21 05:30:00+00:00,True
SEZHUK-231114-262915,CAUK000912,3.5T Van,Box,S35 2PW,LE3 8DX,53.476537,-1.471065,52.641456,-1.216005,2023-11-25 00:30:00+00:00,2023-11-25 01:00:00+00:00,2023-11-25 03:00:00+00:00,2023-11-25 03:30:00+00:00,True
SEZHUK-231114-262924,CAUK000912,3.5T Van,Box,S35 2PW,LE3 8DX,53.476537,-1.471065,52.641456,-1.216005,2023-11-26 00:30:00+00:00,2023-11-26 01:00:00+00:00,2023-11-26 03:00:00+00:00,2023-11-26 03:30:00+00:00,False
SEZHUK-231114-262925,CAUK000912,3.5T Van,Box,S35 2PW,LE3 8DX,53.476537,-1.471065,52.641456,-1.216005,2023-11-24 00:30:00+00:00,2023-11-24 01:00:00+00:00,2023-11-24 03:00:00+00:00,2023-11-24 03:30:00+00:00,True
SEZHUK-231114-262926,CAUK000912,3.5T Van,Box,S35 2PW,LS27 0FU,53.476537,-1.471065,53.734398,-1.604189,2023-11-25 03:15:00+00:00,2023-11-25 03:45:00+00:00,2023-11-25 05:00:00+00:00,2023-11-25 05:30:00+00:00,True
SEZHUK-231114-262930,CAUK000912,3.5T Van,Box,S35 2PW,LS27 0FU,53.476537,-1.471065,53.734398,-1.604189,2023-11-26 03:15:00+00:00,2023-11-26 03:45:00+00:00,2023-11-26 05:00:00+00:00,2023-11-26 05:30:00+00:00,True
SEZHUK-231114-262956,CAUK000912,3.5T Van,Box,S35 2PW,LS27 0FU,53.476537,-1.471065,53.734398,-1.604189,2023-11-24 03:15:00+00:00,2023-11-24 03:45:00+00:00,2023-11-24 05:00:00+00:00,2023-11-24 05:30:00+00:00,True
SEZHUK-231114-262959,CAUK000912,3.5T Van,Box,S35 2PW,LE3 8DX,53.476537,-1.471065,52.641456,-1.216005,2023-11-20 00:30:00+00:00,2023-11-20 01:00:00+00:00,2023-11-20 03:00:00+00:00,2023-11-20 03:30:00+00:00,True
SEZHUK-231114-262962,CAUK000912,3.5T Van,Box,S35 2PW,LE3 8DX,53.476537,-1.471065,52.641456,-1.216005,2023-11-22 00:30:00+00:00,2023-11-22 01:00:00+00:00,2023-11-22 03:00:00+00:00,2023-11-22 03:30:00+00:00,True
SEZHUK-231114-262965,CAUK000912,3.5T Van,Box,S35 2PW,LS27 0FU,53.476537,-1.471065,53.734398,-1.604189,2023-11-20 03:15:00+00:00,2023-11-20 03:45:00+00:00,2023-11-20 05:00:00+00:00,2023-11-20 05:30:00+00:00,True
SEZHUK-231114-262976,CAUK000912,3.5T Van,Box,S35 2PW,LS27 0FU,53.476537,-1.471065,53.734398,-1.604189,2023-11-22 03:15:00+00:00,2023-11-22 03:45:00+00:00,2023-11-22 05:00:00+00:00,2023-11-22 05:30:00+00:00,True
SEZHUK-231115-263015,CAUK000295,Tractor Unit,Curtain-Side 13.6M Trailer,DG16 5HT,IV30 4DE,55.003467,-3.042858,57.653603,-3.315922,2023-11-16 06:00:00+00:00,2023-11-16 15:00:00+00:00,2023-11-17 08:00:00+00:00,2023-11-17 15:59:00+00:00,True
SEZHUK-231115-263019,CAUK000224,Tractor Unit,Curtain-Side 13.6M Trailer,DN8 5TE,IP6 0JW,53.566639,-0.919839,52.106487,1.098275,2023-11-16 06:00:00+00:00,2023-11-16 18:00:00+00:00,2023-11-17 07:32:00+00:00,2023-11-17 08:00:00+00:00,True
SEZHUK-231115-263020,CAUK000029,Tractor Unit,Curtain-Side 13.6M Trailer,DN8 5TE,TN14 6AA,53.566639,-0.919839,51.27411,0.1412,2023-11-16 06:00:00+00:00,2023-11-16 18:00:00+00:00,2023-11-17 11:31:00+00:00,2023-11-17 11:59:00+00:00,True
SEZHUK-231115-263022,CAUK000863,Tractor Unit,Curtain-Side 13.6M Trailer,DN8 5TE,N11 2EL,53.566639,-0.919839,51.602061,-0.1312,2023-11-16 06:00:00+00:00,2023-11-16 18:00:00+00:00,2023-11-17 07:02:00+00:00,2023-11-17 07:30:00+00:00,True
SEZHUK-231115-263023,CAUK000222,Tractor Unit,Curtain-Side 13.6M Trailer,L11 0JA,NN4 9BB,53.462845,-2.896967,52.215154,-0.947502,2023-11-16 17:00:00+00:00,2023-11-16 17:01:00+00:00,2023-11-17 08:35:00+00:00,2023-11-17 09:05:00+00:00,True
SEZHUK-231115-263026,CAUK000124,Tractor Unit,Curtain-Side 13.6M Trailer,RG2 0BS,LE67 1UA,51.432637,-0.970833,52.701119,-1.339519,2023-11-17 09:00:00+00:00,2023-11-17 13:00:00+00:00,2023-11-27 08:00:00+00:00,2023-11-27 08:00:00+00:00,True
SEZHUK-231115-263028,CAUK000863,Tractor Unit,Curtain-Side 13.6M Trailer,HP22 5BL,NG31 7UH,51.779657,-0.772897,52.888113,-0.634948,2023-11-16 09:00:00+00:00,2023-11-16 09:30:00+00:00,2023-11-16 15:30:00+00:00,2023-11-16 16:00:00+00:00,True
SEZHUK-231115-263033,CAUK000222,Tractor Unit,Curtain-Side 13.6M Trailer,BS35 4GG,B8 1AF,51.55257,-2.65344,52.483204,-1.866355,2023-11-16 09:00:00+00:00,2023-11-16 09:30:00+00:00,2023-11-16 13:30:00+00:00,2023-11-16 14:00:00+00:00,False
SEZHUK-231115-263037,CAUK000096,Tractor Unit,Curtain-Side 13.6M Trailer,ME6 5PX,IG11 0DS,51.32487,0.446613,51.515717,0.100453,2023-11-16 09:00:00+00:00,2023-11-16 09:30:00+00:00,2023-11-16 13:30:00+00:00,2023-11-16 14:00:00+00:00,False
SEZHUK-231115-263038,CAUK000096,Tractor Unit,Curtain-Side 13.6M Trailer,ME6 5PX,IG11 0DS,51.32487,0.446613,51.515717,0.100453,2023-11-16 09:00:00+00:00,2023-11-16 09:30:00+00:00,2023-11-16 13:30:00+00:00,2023-11-16 14:00:00+00:00,True
SEZHUK-231115-263041,CAUK000863,Tractor Unit,Curtain-Side 13.6M Trailer,IP24 1HP,NG31 7UH,52.42597,0.73659,52.888113,-0.634948,2023-11-16 09:00:00+00:00,2023-11-16 09:30:00+00:00,2023-11-16 15:30:00+00:00,2023-11-16 16:00:00+00:00,True
SEZHUK-231115-263051,CAUK000689,Tractor Unit,Curtain-Side 13.6M Trailer,DE14 2WT,CF3 2GJ,52.800481,-1.663328,51.50328,-3.109119,2023-11-16 14:01:00+00:00,2023-11-17 08:00:00+00:00,2023-11-17 07:30:00+00:00,2023-11-17 08:00:00+00:00,True
SEZHUK-231115-263066,CAUK000155,Tractor Unit,Curtain-Side 13.6M Trailer,L11 0JA,RM19 1ND,53.462845,-2.896967,51.480755,0.261461,2023-11-16 13:00:00+00:00,2023-11-16 13:01:00+00:00,2023-11-17 03:55:00+00:00,2023-11-17 04:25:00+00:00,True
SEZHUK-231115-263077,CAUK000029,Tractor Unit,Curtain-Side 13.6M Trailer,S80 3FY,RG21 6XW,53.293393,-1.074008,51.269755,-1.107244,2023-11-17 09:00:00+00:00,2023-11-17 09:59:00+00:00,2023-11-17 15:55:00+00:00,2023-11-17 16:25:00+00:00,True
SEZHUK-231115-263082,CAUK000029,Tractor Unit,Curtain-Side 13.6M Trailer,DN11 9HE,NN4 9BD,53.437296,-1.068189,52.213068,-0.946829,2023-11-17 08:00:00+00:00,2023-11-17 08:59:00+00:00,2023-11-17 12:15:00+00:00,2023-11-17 12:45:00+00:00,True
SEZHUK-231115-263112,CAUK000689,Tractor Unit,Curtain-Side 13.6M Trailer,DE14 2WT,CF11 8AQ,52.800481,-1.663328,51.466832,-3.200826,2023-11-16 09:00:00+00:00,2023-11-16 10:00:00+00:00,2023-11-17 06:30:00+00:00,2023-11-17 07:00:00+00:00,False
SEZHUK-231115-263121,CAUK000876,Tractor Unit,Curtain-Side 13.6M Trailer,LS24 9SD,BT26 6JJ,53.886427,-1.271051,54.474078,-6.104285,2023-11-16 12:00:00+00:00,2023-11-16 12:30:00+00:00,2023-11-20 08:30:00+00:00,2023-11-20 09:00:00+00:00,True
SEZHUK-231115-263131,CAUK000310,Tractor Unit,Curtain-Side 13.6M Trailer,DE12 8AA,NN15 5YT,52.690284,-1.548894,52.370504,-0.684925,2023-11-17 06:00:00+00:00,2023-11-17 07:00:00+00:00,2023-11-17 08:50:00+00:00,2023-11-17 09:20:00+00:00,True
SEZHUK-231115-263134,CAUK000446,Tractor Unit,Curtain-Side 13.6M Trailer,DE14 2WT,DA11 9BU,52.800481,-1.663328,51.444403,0.343805,2023-11-16 14:22:00+00:00,2023-11-17 07:00:00+00:00,2023-11-17 07:30:00+00:00,2023-11-17 08:00:00+00:00,False
SEZHUK-231115-263145,CAUK000876,Tractor Unit,Curtain-Side 13.6M Trailer,BT26 6JJ,B46 1TT,54.474078,-6.104285,52.524545,-1.712207,2023-11-16 14:00:00+00:00,2023-11-16 14:30:00+00:00,2023-11-17 14:04:00+00:00,2023-11-17 14:34:00+00:00,True
SEZHUK-231115-263146,CAUK000876,Tractor Unit,Curtain-Side 13.6M Trailer,BT26 6JJ,B46 1TT,54.474078,-6.104285,52.524545,-1.712207,2023-11-16 14:00:00+00:00,2023-11-16 14:30:00+00:00,2023-11-17 07:30:00+00:00,2023-11-17 08:00:00+00:00,False
SEZHUK-231115-263157,CAUK000770,Tractor Unit,Curtain-Side 13.6M Trailer,L11 0JA,BA3 2AA,53.462845,-2.896967,51.291349,-2.466012,2023-11-16 06:00:00+00:00,2023-11-16 06:01:00+00:00,2023-11-16 11:55:00+00:00,2023-11-16 12:25:00+00:00,True
SEZHUK-231115-263160,CAUK000155,Tractor Unit,Curtain-Side 13.6M Trailer,L11 0JA,DA2 6QA,53.462845,-2.896967,51.452153,0.265912,2023-11-16 17:00:00+00:00,2023-11-16 17:01:00+00:00,2023-11-17 09:55:00+00:00,2023-11-17 10:25:00+00:00,True
SEZHUK-231115-263171,CAUK000222,Tractor Unit,Curtain-Side 13.6M Trailer,DE12 8AA,WA5 3XA,52.690284,-1.548894,53.407297,-2.661854,2023-11-17 11:00:00+00:00,2023-11-17 12:00:00+00:00,2023-11-17 16:30:00+00:00,2023-11-17 17:00:00+00:00,True
SEZHUK-231115-263172,CAUK000222,Tractor Unit,Curtain-Side 13.6M Trailer,DE12 8AA,WA5 3XA,52.690284,-1.548894,53.407297,-2.661854,2023-11-17 11:00:00+00:00,2023-11-17 12:00:00+00:00,2023-11-17 16:30:00+00:00,2023-11-17 17:00:00+00:00,False
SEZHUK-231115-263175,CAUK000124,Tractor Unit,Curtain-Side 13.6M Trailer,LE3 8DX,CV2 2TA,52.649535,-1.216071,52.430911,-1.429058,2023-11-16 10:00:00+00:00,2023-11-16 10:30:00+00:00,2023-11-16 12:30:00+00:00,2023-11-16 13:00:00+00:00,False
SEZHUK-231115-263178,CAUK000051,Tractor Unit,Curtain-Side 13.6M Trailer,DE14 2WT,WS2 8TF,52.800481,-1.663328,52.590331,-2.009684,2023-11-17 06:01:00+00:00,2023-11-17 14:00:00+00:00,2023-11-17 13:30:00+00:00,2023-11-17 14:00:00+00:00,True
SEZHUK-231115-263208,CAUK000029,Tractor Unit,Curtain-Side 13.6M Trailer,DN11 9HE,NN4 9BF,53.437296,-1.068189,52.212328,-0.944564,2023-11-17 07:00:00+00:00,2023-11-17 07:59:00+00:00,2023-11-17 11:55:00+00:00,2023-11-17 12:25:00+00:00,True
SEZHUK-231115-263265,CAUK000222,Tractor Unit,Curtain-Side 13.6M Trailer,SK13 2NU,LE19 1WY,53.483205,-1.924197,52.601991,-1.190434,2023-11-16 10:00:00+00:00,2023-11-16 10:30:00+00:00,2023-11-16 16:30:00+00:00,2023-11-16 17:00:00+00:00,True
SEZHUK-231116-263290,CAUK000029,Tractor Unit,Curtain-Side 13.6M Trailer,DN3 3FG,B66 2EP,53.537133,-1.037405,52.5051,-1.958912,2023-11-20 06:00:00+00:00,2023-11-20 18:00:00+00:00,2023-11-21 08:32:00+00:00,2023-11-21 09:00:00+00:00,True
SEZHUK-231116-263304,CAUK001009,3.5T Van,LWB Van,SE14 5RW,DE74 2TR,51.507218,-0.127586,52.826322,-1.348973,2023-11-27 15:30:00+00:00,2023-11-27 16:30:00+00:00,2023-11-27 20:00:00+00:00,2023-11-27 21:00:00+00:00,True
SEZHUK-231116-263321,CAUK001022,3.5T Van,LWB Van,E1W 2DA,SL3 0BB,51.508022,-0.05711,51.470809,-0.514738,2023-11-29 19:05:00+00:00,2023-11-29 20:05:00+00:00,2023-11-29 21:05:00+00:00,2023-11-29 22:05:00+00:00,True
SEZHUK-231116-263332,CAUK001022,3.5T Van,LWB Van,E1W 2DA,SL3 0BB,51.508022,-0.05711,51.470809,-0.514738,2023-11-30 19:05:00+00:00,2023-11-30 20:05:00+00:00,2023-11-30 21:05:00+00:00,2023-11-30 22:05:00+00:00,True
SEZHUK-231116-263333,CAUK001022,3.5T Van,LWB Van,E1W 2DA,SL3 0BB,51.508022,-0.05711,51.470809,-0.514738,2023-11-27 19:05:00+00:00,2023-11-27 20:05:00+00:00,2023-11-27 21:05:00+00:00,2023-11-27 22:05:00+00:00,True
SEZHUK-231116-263338,CAUK001009,3.5T Van,LWB Van,DE74 2TR,RG2 0RP,52.829374,-1.332134,51.432237,-0.984601,2023-12-01 04:00:00+00:00,2023-12-01 05:00:00+00:00,2023-12-01 07:45:00+00:00,2023-12-01 08:45:00+00:00,True
SEZHUK-231116-263341,CAUK001009,3.5T Van,LWB Van,CA3 0EH,DE74 2TR,54.922111,-2.957338,52.829374,-1.332134,2023-12-01 16:45:00+00:00,2023-12-01 17:45:00+00:00,2023-12-01 21:10:00+00:00,2023-12-01 22:10:00+00:00,True
SEZHUK-231116-263345,CAUK001009,3.5T Van,LWB Van,CO4 9QJ,DE74 2TR,51.920887,0.927015,52.829374,-1.332134,2023-11-30 17:30:00+00:00,2023-11-30 18:30:00+00:00,2023-11-30 21:10:00+00:00,2023-11-30 22:10:00+00:00,True
SEZHUK-231116-263348,CAUK001009,3.5T Van,LWB Van,DE74 2TR,CO4 9QJ,52.829374,-1.332134,51.920887,0.927015,2023-11-28 04:50:00+00:00,2023-11-28 05:50:00+00:00,2023-11-28 08:50:00+00:00,2023-11-28 09:50:00+00:00,True
SEZHUK-231116-263360,CAUK001009,3.5T Van,LWB Van,EN1 1TX,DE74 2TR,51.650981,-0.054718,52.826322,-1.348973,2023-11-30 16:15:00+00:00,2023-11-30 17:15:00+00:00,2023-11-30 20:00:00+00:00,2023-11-30 21:00:00+00:00,True
SEZHUK-231116-263363,CAUK001009,3.5T Van,LWB Van,CR0 4TD,DE74 2TR,51.383725,-0.138625,52.826322,-1.348973,2023-11-28 15:30:00+00:00,2023-11-28 16:30:00+00:00,2023-11-28 20:00:00+00:00,2023-11-28 21:00:00+00:00,True
SEZHUK-231116-263368,CAUK001022,3.5T Van,LWB Van,E1W 2DA,SL3 0BB,51.508022,-0.05711,51.470809,-0.514738,2023-11-28 19:05:00+00:00,2023-11-28 20:05:00+00:00,2023-11-28 21:05:00+00:00,2023-11-28 22:05:00+00:00,True
SEZHUK-231116-263372,CAUK001024,3.5T Van,LWB Van,CO4 9QJ,CM22 7FD,51.920887,0.927015,51.869555,0.216885,2023-11-29 18:15:00+00:00,2023-11-29 19:15:00+00:00,2023-11-29 20:15:00+00:00,2023-11-29 21:15:00+00:00,True
SEZHUK-231116-263373,CAUK001022,3.5T Van,LWB Van,E1W 2DA,SL3 0BB,51.508022,-0.05711,51.470809,-0.514738,2023-12-01 19:05:00+00:00,2023-12-01 20:05:00+00:00,2023-12-01 21:05:00+00:00,2023-12-01 22:05:00+00:00,True
SEZHUK-231116-263374,CAUK001009,3.5T Van,LWB Van,BS32 0BF,DE74 2TR,51.54695,-2.551256,52.829374,-1.332134,2023-11-27 15:15:00+00:00,2023-11-27 16:15:00+00:00,2023-11-27 19:30:00+00:00,2023-11-27 20:30:00+00:00,True
SEZHUK-231116-263379,CAUK001009,3.5T Van,LWB Van,DE74 2TR,NW10 7NZ,52.829374,-1.332134,51.537524,-0.27074,2023-11-28 04:45:00+00:00,2023-11-28 05:45:00+00:00,2023-11-28 08:15:00+00:00,2023-11-28 09:15:00+00:00,True
SEZHUK-231116-263381,CAUK001009,3.5T Van,LWB Van,DE74 2TR,L24 8RF,52.829374,-1.332134,53.349124,-2.876108,2023-11-30 04:45:00+00:00,2023-11-30 05:45:00+00:00,2023-11-30 09:00:00+00:00,2023-11-30 10:00:00+00:00,True
SEZHUK-231116-263385,CAUK001009,3.5T Van,LWB Van,NE11 0JY,DE74 2TR,54.922706,-1.607332,52.829374,-1.332134,2023-11-29 17:25:00+00:00,2023-11-29 18:25:00+00:00,2023-11-29 21:10:00+00:00,2023-11-29 22:10:00+00:00,True
SEZHUK-231116-263387,CAUK001009,3.5T Van,LWB Van,DE74 2TR,WS9 0SW,52.829374,-1.332134,52.593326,-1.937572,2023-11-29 04:00:00+00:00,2023-11-29 05:00:00+00:00,2023-11-29 07:30:00+00:00,2023-11-29 10:30:00+00:00,True
SEZHUK-231116-263397,CAUK001009,3.5T Van,LWB Van,DE74 2TR,L24 8RF,52.829374,-1.332134,53.349124,-2.876108,2023-11-29 04:45:00+00:00,2023-11-29 05:45:00+00:00,2023-11-29 09:00:00+00:00,2023-11-29 10:00:00+00:00,True
SEZHUK-231116-263401,CAUK001009,3.5T Van,LWB Van,DE74 2TR,EN1 1TX,52.829374,-1.332134,51.650981,-0.054718,2023-11-30 04:50:00+00:00,2023-11-30 05:50:00+00:00,2023-11-30 08:20:00+00:00,2023-11-30 09:20:00+00:00,True
SEZHUK-231116-263402,CAUK001009,3.5T Van,LWB Van,DE74 2TR,CO4 9QJ,52.829374,-1.332134,51.920887,0.927015,2023-11-30 04:50:00+00:00,2023-11-30 05:50:00+00:00,2023-11-30 08:50:00+00:00,2023-11-30 09:50:00+00:00,True
SEZHUK-231116-263405,CAUK000034,Tractor Unit,Curtain-Side 13.6M Trailer,M24 4DP,SP4 7SQ,53.547321,-2.202131,51.177012,-1.757833,2023-11-17 14:00:00+00:00,2023-11-17 14:45:00+00:00,2023-11-18 05:55:00+00:00,2023-11-18 06:25:00+00:00,True
SEZHUK-231116-263408,CAUK001009,3.5T Van,LWB Van,NP10 9DQ,DE74 2TR,51.582459,-3.043825,52.829374,-1.332134,2023-12-02 08:30:00+00:00,2023-12-02 09:30:00+00:00,2023-12-02 12:30:00+00:00,2023-12-02 13:30:00+00:00,True
SEZHUK-231116-263410,CAUK001009,3.5T Van,LWB Van,DE74 2TR,L24 8RF,52.829374,-1.332134,53.349124,-2.876108,2023-12-01 04:45:00+00:00,2023-12-01 05:45:00+00:00,2023-12-01 09:00:00+00:00,2023-12-01 10:00:00+00:00,True
SEZHUK-231116-263411,CAUK001009,3.5T Van,LWB Van,NP10 9DQ,DE74 2TR,51.582459,-3.043825,52.829374,-1.332134,2023-11-27 17:50:00+00:00,2023-11-27 18:50:00+00:00,2023-11-27 21:30:00+00:00,2023-11-27 22:30:00+00:00,True
SEZHUK-231116-263414,CAUK001009,3.5T Van,LWB Van,BS32 0BF,DE74 2TR,51.54695,-2.551256,52.829374,-1.332134,2023-11-30 15:15:00+00:00,2023-11-30 16:15:00+00:00,2023-11-30 19:30:00+00:00,2023-11-30 20:30:00+00:00,True
SEZHUK-231116-263418,CAUK001009,3.5T Van,LWB Van,DE74 2TR,EN1 1TX,52.829374,-1.332134,51.650981,-0.054718,2023-12-01 04:50:00+00:00,2023-12-01 05:50:00+00:00,2023-12-01 08:20:00+00:00,2023-12-01 09:20:00+00:00,True
SEZHUK-231116-263424,CAUK001009,3.5T Van,LWB Van,DE74 2TR,RG2 0RP,52.829374,-1.332134,51.432237,-0.984601,2023-11-30 04:00:00+00:00,2023-11-30 05:00:00+00:00,2023-11-30 07:45:00+00:00,2023-11-30 08:45:00+00:00,True
SEZHUK-231116-263425,CAUK001009,3.5T Van,LWB Van,CO4 9QJ,DE74 2TR,51.920887,0.927015,52.829374,-1.332134,2023-11-28 17:30:00+00:00,2023-11-28 18:30:00+00:00,2023-11-28 21:10:00+00:00,2023-11-28 22:10:00+00:00,True
SEZHUK-231116-263428,CAUK000863,Tractor Unit,Curtain-Side 13.6M Trailer,DN8 5TE,HP22 5EZ,53.566639,-0.919839,51.818102,-0.739456,2023-11-17 06:00:00+00:00,2023-11-17 18:00:00+00:00,2023-11-20 08:32:00+00:00,2023-11-20 09:00:00+00:00,False
SEZHUK-231116-263429,CAUK000029,Tractor Unit,Curtain-Side 13.6M Trailer,DN8 5TE,EN2 9BQ,53.566639,-0.919839,51.677176,-0.095887,2023-11-17 06:00:00+00:00,2023-11-17 18:00:00+00:00,2023-11-20 11:31:00+00:00,2023-11-20 11:59:00+00:00,False
SEZHUK-231116-263431,CAUK000155,Tractor Unit,Curtain-Side 13.6M Trailer,L11 0JA,UB6 8UH,53.462845,-2.896967,51.54329,-0.358536,2023-11-19 06:00:00+00:00,2023-11-19 06:01:00+00:00,2023-11-20 13:55:00+00:00,2023-11-20 14:25:00+00:00,True
SEZHUK-231116-263435,CAUK000863,Tractor Unit,Curtain-Side 13.6M Trailer,DN8 5TE,DA2 7RB,53.566639,-0.919839,51.421617,0.231492,2023-11-17 06:00:00+00:00,2023-11-17 18:00:00+00:00,2023-11-20 08:00:00+00:00,2023-11-20 15:59:00+00:00,True
SEZHUK-231116-263437,CAUK000192,Tractor Unit,Curtain-Side 13.6M Trailer,DN8 5TE,RG2 9JY,53.566639,-0.919839,51.395607,-0.915951,2023-11-17 06:00:00+00:00,2023-11-17 18:00:00+00:00,2023-11-20 08:00:00+00:00,2023-11-20 15:59:00+00:00,True
SEZHUK-231116-263441,CAUK000155,Tractor Unit,Box,DA8 1DL,EH54 8QX,51.493182,0.167098,55.901847,-3.583873,2023-11-20 11:00:00+00:00,2023-11-20 11:30:00+00:00,2023-11-21 08:00:00+00:00,2023-11-21 08:30:00+00:00,True
SEZHUK-231116-263442,CAUK000770,Tractor Unit,Curtain-Side 13.6M Trailer,DN8 5TE,B90 4EN,53.566639,-0.919839,52.382392,-1.792062,2023-11-17 06:00:00+00:00,2023-11-17 18:00:00+00:00,2023-11-20 08:00:00+00:00,2023-11-20 15:59:00+00:00,True
SEZHUK-231116-263452,CAUK000096,Tractor Unit,Curtain-Side 13.6M Trailer,SS17 9DY,NW10 6QY,51.510091,0.459598,51.52668,-0.235678,2023-11-17 09:00:00+00:00,2023-11-17 09:30:00+00:00,2023-11-17 13:30:00+00:00,2023-11-17 14:00:00+00:00,True
SEZHUK-231116-263458,CAUK000689,Tractor Unit,Curtain-Side 13.6M Trailer,DE14 2WT,CF31 3PH,52.800481,-1.663328,51.490776,-3.550666,2023-11-17 11:00:00+00:00,2023-11-17 12:00:00+00:00,2023-11-20 06:30:00+00:00,2023-11-20 07:00:00+00:00,True
SEZHUK-231116-263460,CAUK000155,Tractor Unit,Box,DA8 1DL,EH54 8QX,51.493182,0.167098,55.901847,-3.583873,2023-11-21 11:00:00+00:00,2023-11-21 11:30:00+00:00,2023-11-22 08:00:00+00:00,2023-11-22 08:30:00+00:00,True
SEZHUK-231116-263462,CAUK000096,Tractor Unit,Curtain-Side 13.6M Trailer,ME6 5PX,IG11 0DS,51.32487,0.446613,51.515717,0.100453,2023-11-17 09:00:00+00:00,2023-11-17 09:30:00+00:00,2023-11-17 13:30:00+00:00,2023-11-17 14:00:00+00:00,False
SEZHUK-231116-263463,CAUK000310,Tractor Unit,Curtain-Side 13.6M Trailer,NN4 9BA,WF9 2RH,52.213462,-0.951036,53.601298,-1.266222,2023-11-20 05:00:00+00:00,2023-11-20 05:15:00+00:00,2023-11-20 10:30:00+00:00,2023-11-20 10:45:00+00:00,True
SEZHUK-231116-263465,CAUK000863,Tractor Unit,Curtain-Side 13.6M Trailer,S80 3FY,OX16 2AA,53.293393,-1.074008,52.081463,-1.329055,2023-11-16 18:30:00+00:00,2023-11-16 19:29:00+00:00,2023-11-17 07:55:00+00:00,2023-11-17 08:25:00+00:00,True
SEZHUK-231116-263468,CAUK000854,Tractor Unit,Curtain-Side 13.6M Trailer,NP26 3RA,CM2 5AS,51.585139,-2.844668,51.745733,0.516876,2023-11-20 09:00:00+00:00,2023-11-20 10:00:00+00:00,2023-11-20 14:30:00+00:00,2023-11-20 15:00:00+00:00,False
SEZHUK-231116-263473,CAUK000863,Tractor Unit,Curtain-Side 13.6M Trailer,S80 3FY,OX14 4TE,53.293393,-1.074008,51.623911,-1.28,2023-11-17 14:00:00+00:00,2023-11-17 14:59:00+00:00,2023-11-17 16:55:00+00:00,2023-11-17 17:25:00+00:00,False
SEZHUK-231116-263474,CAUK000116,Tractor Unit,Curtain-Side 13.6M Trailer,DE14 2WT,PL12 6LX,52.800481,-1.663328,50.417085,-4.234959,2023-11-17 14:00:00+00:00,2023-11-17 15:00:00+00:00,2023-11-20 09:00:00+00:00,2023-11-20 09:30:00+00:00,False
SEZHUK-231116-263478,CAUK000770,Tractor Unit,Curtain-Side 13.6M Trailer,S80 3FY,B77 5BP,53.293393,-1.074008,52.608378,-1.665363,2023-11-17 06:00:00+00:00,2023-11-17 06:59:00+00:00,2023-11-17 10:55:00+00:00,2023-11-17 11:25:00+00:00,True
SEZHUK-231116-263481,CAUK000310,Tractor Unit,Curtain-Side 13.6M Trailer,NN4 9BA,OX11 7HJ,52.213462,-0.951036,51.619119,-1.256837,2023-11-21 06:30:00+00:00,2023-11-21 07:00:00+00:00,2023-11-21 10:30:00+00:00,2023-11-21 11:00:00+00:00,True
SEZHUK-231116-263488,CAUK000222,Tractor Unit,Curtain-Side 13.6M Trailer,BS35 4GG,BS11 9BT,51.55257,-2.65344,51.511084,-2.703002,2023-11-20 09:00:00+00:00,2023-11-20 09:30:00+00:00,2023-11-20 13:30:00+00:00,2023-11-20 14:00:00+00:00,False
SEZHUK-231116-263491,CAUK000029,Tractor Unit,Curtain-Side 13.6M Trailer,S80 3FY,SP4 7GQ,53.293393,-1.074008,51.17534,-1.753679,2023-11-18 07:00:00+00:00,2023-11-18 07:59:00+00:00,2023-11-18 14:55:00+00:00,2023-11-18 15:25:00+00:00,True
SEZHUK-231116-263503,CAUK000222,Tractor Unit,Curtain-Side 13.6M Trailer,L11 0JA,MK42 6EY,53.462845,-2.896967,52.093182,-0.475758,2023-11-20 22:00:00+00:00,2023-11-20 22:01:00+00:00,2023-11-21 04:25:00+00:00,2023-11-21 04:55:00+00:00,False
SEZHUK-231116-263513,CAUK000435,Tractor Unit,Temperature-Controlled,PE15 0UW,RG21 6AB,52.51939,-0.000971,51.269448,-1.103727,2023-11-23 01:30:00+00:00,2023-11-23 02:30:00+00:00,2023-11-23 06:30:00+00:00,2023-11-23 07:00:00+00:00,True
SEZHUK-231116-263514,CAUK000435,Tractor Unit,Temperature-Controlled,PE15 0UW,RG21 6AB,52.51939,-0.000971,51.269448,-1.103727,2023-11-24 01:30:00+00:00,2023-11-24 02:30:00+00:00,2023-11-24 06:30:00+00:00,2023-11-24 07:00:00+00:00,True
SEZHUK-231116-263535,CAUK000029,Tractor Unit,Curtain-Side 13.6M Trailer,DN3 3FG,B69 2HN,53.537133,-1.037405,52.503946,-2.027649,2023-11-17 06:00:00+00:00,2023-11-17 18:00:00+00:00,2023-11-20 08:00:00+00:00,2023-11-20 11:59:00+00:00,True
SEZHUK-231116-263545,CAUK000115,Tractor Unit,Curtain-Side 13.6M Trailer,LS10 1SL,CH62 4TG,53.771668,-1.514934,53.346913,-2.988986,2023-11-17 17:00:00+00:00,2023-11-17 17:30:00+00:00,2023-11-17 21:30:00+00:00,2023-11-17 22:00:00+00:00,True
SEZHUK-231116-263547,CAUK000115,Tractor Unit,Curtain-Side 13.6M Trailer,LS10 1SL,GL4 3BW,53.771668,-1.514934,51.86853,-2.201817,2023-11-17 07:00:00+00:00,2023-11-17 07:30:00+00:00,2023-11-17 12:30:00+00:00,2023-11-17 13:00:00+00:00,False
SEZHUK-231116-263560,CAUK000689,Tractor Unit,Curtain-Side 13.6M Trailer,PE29 2XR,NP16 6UD,52.315672,-0.157664,51.614678,-2.674519,2023-11-17 15:00:00+00:00,2023-11-17 15:00:00+00:00,2023-11-18 15:55:00+00:00,2023-11-18 16:25:00+00:00,True
SEZHUK-231116-263564,CAUK000863,Tractor Unit,Curtain-Side 13.6M Trailer,S80 3FY,NP26 3TS,53.293393,-1.074008,51.57282,-2.85848,2023-11-17 11:00:00+00:00,2023-11-17 11:59:00+00:00,2023-11-18 02:55:00+00:00,2023-11-18 03:25:00+00:00,False
SEZHUK-231116-263593,CAUK000876,Tractor Unit,Curtain-Side 13.6M Trailer,LS24 9SD,BT26 6JJ,53.886427,-1.271051,54.474078,-6.104285,2023-11-17 10:00:00+00:00,2023-11-21 07:00:00+00:00,2023-11-21 08:30:00+00:00,2023-11-21 09:00:00+00:00,False
SEZHUK-231116-263595,CAUK000863,Tractor Unit,Curtain-Side 13.6M Trailer,S80 3FY,DA1 5XU,53.293393,-1.074008,51.465326,0.244394,2023-11-19 09:00:00+00:00,2023-11-19 09:59:00+00:00,2023-11-20 04:25:00+00:00,2023-11-20 04:55:00+00:00,True
SEZHUK-231116-263612,CAUK000155,Tractor Unit,Curtain-Side 13.6M Trailer,LS10 1SL,BS16 3SB,53.771668,-1.514934,51.476091,-2.527994,2023-11-17 04:00:00+00:00,2023-11-17 04:30:00+00:00,2023-11-17 11:30:00+00:00,2023-11-17 12:00:00+00:00,True
SEZHUK-231116-263616,CAUK000310,Tractor Unit,Curtain-Side 13.6M Trailer,DE14 2WT,NN6 7TZ,52.800481,-1.663328,52.35193,-1.144734,2023-11-20 04:00:00+00:00,2023-11-20 05:00:00+00:00,2023-11-20 06:00:00+00:00,2023-11-20 06:30:00+00:00,True
SEZHUK-231116-263618,CAUK000310,Tractor Unit,Curtain-Side 13.6M Trailer,DE14 2WT,HP2 7GY,52.800481,-1.663328,51.760706,-0.425566,2023-11-20 06:00:00+00:00,2023-11-20 07:00:00+00:00,2023-11-20 10:30:00+00:00,2023-11-20 11:00:00+00:00,True
SEZHUK-231116-263639,CAUK000863,Tractor Unit,Curtain-Side 13.6M Trailer,L11 0JA,CV9 2SQ,53.462845,-2.896967,52.583936,-1.557171,2023-11-20 12:00:00+00:00,2023-11-20 12:01:00+00:00,2023-11-20 17:55:00+00:00,2023-11-20 18:25:00+00:00,True
SEZHUK-231116-263644,CAUK000155,Tractor Unit,Curtain-Side 13.6M Trailer,L11 0JA,DA17 6JY,53.462845,-2.896967,51.502211,0.154551,2023-11-20 08:00:00+00:00,2023-11-20 08:01:00+00:00,2023-11-20 17:55:00+00:00,2023-11-20 18:25:00+00:00,True
SEZHUK-231116-263654,CAUK000155,Tractor Unit,Box,BD12 7ER,RG19 4BQ,53.753295,-1.722689,51.398689,-1.232386,2023-11-20 19:00:00+00:00,2023-11-20 19:30:00+00:00,2023-11-21 02:00:00+00:00,2023-11-21 02:30:00+00:00,True
SEZHUK-231116-263655,CAUK000155,Tractor Unit,Box,BD12 7ER,RG19 4BQ,53.753295,-1.722689,51.398689,-1.232386,2023-11-21 19:00:00+00:00,2023-11-21 19:30:00+00:00,2023-11-22 02:00:00+00:00,2023-11-22 02:30:00+00:00,True
SEZHUK-231116-263656,CAUK000155,Tractor Unit,Box,BD12 7ER,RG19 4BQ,53.753295,-1.722689,51.398689,-1.232386,2023-11-22 19:00:00+00:00,2023-11-22 19:30:00+00:00,2023-11-23 02:00:00+00:00,2023-11-23 02:30:00+00:00,True
SEZHUK-231116-263664,CAUK000490,Tractor Unit,Box,BD12 7ER,CW1 6FB,53.753295,-1.722689,53.087056,-2.416485,2023-11-20 16:00:00+00:00,2023-11-20 16:30:00+00:00,2023-11-21 19:00:00+00:00,2023-11-21 19:30:00+00:00,True
SEZHUK-231116-263665,CAUK000490,Tractor Unit,Box,BD12 7ER,CW1 6FB,53.753295,-1.722689,53.087056,-2.416485,2023-11-21 16:00:00+00:00,2023-11-21 16:30:00+00:00,2023-11-22 19:00:00+00:00,2023-11-22 19:30:00+00:00,True
SEZHUK-231116-263667,CAUK000490,Tractor Unit,Box,BD12 7ER,CW1 6FB,53.753295,-1.722689,53.087056,-2.416485,2023-11-23 16:00:00+00:00,2023-11-23 16:30:00+00:00,2023-11-24 19:00:00+00:00,2023-11-24 19:30:00+00:00,True
SEZHUK-231116-263727,CAUK000894,Tractor Unit,Curtain-Side 13.6M Trailer,ML4 3NW,CV2 2TA,55.821702,-4.036872,52.430911,-1.429058,2023-11-17 12:00:00+00:00,2023-11-17 12:30:00+00:00,2023-11-20 09:30:00+00:00,2023-11-20 10:00:00+00:00,True
SEZHUK-231116-263728,CAUK000222,Tractor Unit,Curtain-Side 13.6M Trailer,L11 0JA,CV9 2SQ,53.462845,-2.896967,52.583936,-1.557171,2023-11-20 11:00:00+00:00,2023-11-20 11:01:00+00:00,2023-11-20 17:55:00+00:00,2023-11-20 18:25:00+00:00,True
SEZHUK-231116-263733,CAUK000096,Tractor Unit,Curtain-Side 13.6M Trailer,OL16 4NZ,LE19 1WY,53.602351,-2.126989,52.601991,-1.190434,2023-11-17 10:00:00+00:00,2023-11-17 10:30:00+00:00,2023-11-17 16:30:00+00:00,2023-11-17 17:00:00+00:00,True
SEZHUK-231117-263757,CAUK000854,Tractor Unit,Curtain-Side 13.6M Trailer,WA7 4HP,AB10 7AY,53.324964,-2.758291,57.121283,-2.126269,2023-11-20 07:00:00+00:00,2023-11-20 14:00:00+00:00,2023-11-21 14:02:00+00:00,2023-11-21 14:30:00+00:00,True
SEZHUK-231117-263768,CAUK000310,Tractor Unit,Curtain-Side 13.6M Trailer,DE14 2WT,NN8 6GR,52.800481,-1.663328,52.30156,-0.733166,2023-11-20 07:00:00+00:00,2023-11-20 07:30:00+00:00,2023-11-20 10:00:00+00:00,2023-11-20 10:30:00+00:00,True
SEZHUK-231117-263772,CAUK000116,Tractor Unit,Curtain-Side 13.6M Trailer,M24 4DP,SP4 7SQ,53.547321,-2.202131,51.177012,-1.757833,2023-11-21 10:00:00+00:00,2023-11-21 10:56:00+00:00,2023-11-21 19:55:00+00:00,2023-11-21 20:25:00+00:00,True
SEZHUK-231117-263812,CAUK000155,Tractor Unit,Curtain-Side 13.6M Trailer,L11 0JA,RM19 1ND,53.462845,-2.896967,51.480755,0.261461,2023-11-18 11:00:00+00:00,2023-11-18 11:01:00+00:00,2023-11-19 08:55:00+00:00,2023-11-19 09:25:00+00:00,True
SEZHUK-231117-263831,CAUK000029,Tractor Unit,Curtain-Side 13.6M Trailer,DN11 9HE,NN6 7TZ,53.437296,-1.068189,52.35193,-1.144734,2023-11-21 07:00:00+00:00,2023-11-21 07:59:00+00:00,2023-11-21 11:55:00+00:00,2023-11-21 12:25:00+00:00,False
SEZHUK-231117-263835,CAUK000222,Tractor Unit,Curtain-Side 13.6M Trailer,L11 0JA,DE72 2HP,53.462845,-2.896967,52.867015,-1.314862,2023-11-20 15:00:00+00:00,2023-11-20 15:01:00+00:00,2023-11-21 05:55:00+00:00,2023-11-21 06:25:00+00:00,True
SEZHUK-231117-263837,CAUK000781,Tractor Unit,Curtain-Side 13.6M Trailer,L11 0JA,B90 4NY,53.462845,-2.896967,52.396803,-1.801695,2023-11-20 09:00:00+00:00,2023-11-20 09:01:00+00:00,2023-11-21 10:55:00+00:00,2023-11-21 11:25:00+00:00,False
SEZHUK-231117-263842,CAUK000155,Tractor Unit,Curtain-Side 13.6M Trailer,L11 0JA,ME11 5AR,53.462845,-2.896967,51.411125,0.752907,2023-11-20 07:00:00+00:00,2023-11-20 07:01:00+00:00,2023-11-21 10:55:00+00:00,2023-11-21 11:25:00+00:00,True
SEZHUK-231117-263860,CAUK000192,Tractor Unit,Curtain-Side 13.6M Trailer,PR5 0XD,S9 1XT,53.761551,-2.616875,53.401187,-1.405811,2023-11-21 14:00:00+00:00,2023-11-21 15:00:00+00:00,2023-11-22 07:30:00+00:00,2023-11-22 08:30:00+00:00,False
SEZHUK-231117-263862,CAUK000159,Tractor Unit,Curtain-Side 13.6M Trailer,PR5 0XD,TS25 2DH,53.761551,-2.616875,54.649306,-1.20099,2023-11-21 14:00:00+00:00,2023-11-21 15:00:00+00:00,2023-11-22 08:30:00+00:00,2023-11-22 09:30:00+00:00,True
SEZHUK-231117-263873,CAUK000115,Tractor Unit,Curtain-Side 13.6M Trailer,LS10 1SL,CH62 4TG,53.771668,-1.514934,53.346913,-2.988986,2023-11-18 15:00:00+00:00,2023-11-18 15:30:00+00:00,2023-11-18 21:00:00+00:00,2023-11-18 22:00:00+00:00,True
SEZHUK-231117-263891,CAUK000199,3.5 T Van,LWB Van,LS11 5LX,DN31 3SW,53.767204,-1.547784,53.576337,-0.060395,2023-11-20 06:00:00+00:00,2023-11-20 06:30:00+00:00,2023-11-20 07:30:00+00:00,2023-11-20 08:00:00+00:00,False
SEZHUK-231117-263915,CAUK000250,Tractor Unit,Curtain-Side 13.6M Trailer,S80 3FY,MULLINGAR,53.293393,-1.074008,53.525595,-7.321696,2023-11-21 04:00:00+00:00,2023-11-21 04:59:00+00:00,2023-11-23 17:55:00+00:00,2023-11-23 18:25:00+00:00,True
SEZHUK-231117-263920,CAUK000029,Tractor Unit,Curtain-Side 13.6M Trailer,S80 3FY,TN9 1RA,53.293393,-1.074008,51.192324,0.283126,2023-11-20 16:00:00+00:00,2023-11-20 16:59:00+00:00,2023-11-21 12:07:00+00:00,2023-11-21 12:37:00+00:00,True
SEZHUK-231117-263981,CAUK000940,Tractor Unit,Curtain-Side 13.6M Trailer,DE14 2WT,NN4 9BX,52.800481,-1.663328,52.219327,-0.954725,2023-11-20 18:00:00+00:00,2023-11-20 18:00:00+00:00,2023-11-21 11:30:00+00:00,2023-11-21 12:00:00+00:00,True
SEZHUK-231117-264051,CAUK000250,Tractor Unit,Curtain-Side 13.6M Trailer,S80 3FY,INCHICORE,53.293393,-1.074008,53.330013,-6.346077,2023-11-22 06:00:00+00:00,2023-11-22 06:59:00+00:00,2023-11-24 10:55:00+00:00,2023-11-24 11:25:00+00:00,False
SEZHUK-231117-264094,CAUK000390,Tractor Unit,Box 44ft,BD5 8LZ,HP2 7PZ,53.763558,-1.739636,51.771841,-0.439918,2023-11-18 14:20:00+00:00,2023-11-18 16:00:01+00:00,2023-11-19 05:00:00+00:00,2023-11-19 07:56:01+00:00,True
SEZHUK-231117-264098,CAUK000766,Tractor Unit,Box 44ft,BD5 8LZ,RG19 4BQ,53.763558,-1.739636,51.398851,-1.231993,2023-11-18 21:20:00+00:00,2023-11-18 23:00:01+00:00,2023-11-19 06:00:00+00:00,2023-11-19 08:56:01+00:00,False
SEZHUK-231117-264128,CAUK000863,Tractor Unit,Curtain-Side 13.6M Trailer,OL16 4NZ,LE19 1WY,53.602351,-2.126989,52.601991,-1.190434,2023-11-20 10:00:00+00:00,2023-11-20 10:30:00+00:00,2023-11-20 16:30:00+00:00,2023-11-20 17:00:00+00:00,False
SEZHUK-231118-264182,CAUK000766,Tractor Unit,Box 44ft,BD5 8LZ,ME13 7TW,53.763558,-1.739636,51.328048,0.877608,2023-11-19 22:19:00+00:00,2023-11-20 00:01:01+00:00,2023-11-20 06:00:00+00:00,2023-11-20 08:56:01+00:00,False
SEZHUK-231118-264188,CAUK000689,Tractor Unit,Box 44ft,BD5 8LZ,BS35 3UT,53.763558,-1.739636,51.602415,-2.522567,2023-11-19 22:19:00+00:00,2023-11-20 01:00:01+00:00,2023-11-20 06:15:00+00:00,2023-11-20 10:22:01+00:00,True
SEZHUK-231119-264247,CAUK000766,Tractor Unit,Box 44ft,BD5 8LZ,HP2 7PZ,53.763558,-1.739636,51.771841,-0.439918,2023-11-22 22:19:00+00:00,2023-11-23 01:00:01+00:00,2023-11-23 05:51:00+00:00,2023-11-23 08:46:01+00:00,False
SEZHUK-231119-264251,CAUK001068,Tractor Unit,Box 44ft,BD5 8LZ,HP2 7PZ,53.763558,-1.739636,51.771841,-0.439918,2023-11-24 01:20:00+00:00,2023-11-24 03:00:01+00:00,2023-11-24 07:51:00+00:00,2023-11-24 10:46:01+00:00,True
SEZHUK-231119-264257,CAUK000863,Tractor Unit,Box 44ft,BD5 8LZ,HP2 7PZ,53.763558,-1.739636,51.771841,-0.439918,2023-11-25 01:20:00+00:00,2023-11-25 03:00:01+00:00,2023-11-25 07:51:00+00:00,2023-11-25 10:46:01+00:00,True
SEZHUK-231119-264262,CAUK000766,Tractor Unit,Box 44ft,BD5 8LZ,HP2 7PZ,53.763558,-1.739636,51.771841,-0.439918,2023-11-21 22:19:00+00:00,2023-11-22 01:00:01+00:00,2023-11-22 05:51:00+00:00,2023-11-22 08:46:01+00:00,True
SEZHUK-231119-264273,CAUK000435,Tractor Unit,Box 44ft,BD5 8LZ,EN3 7QP,53.763558,-1.739636,51.659325,-0.021793,2023-11-21 22:19:00+00:00,2023-11-22 01:00:01+00:00,2023-11-22 06:00:00+00:00,2023-11-22 08:55:01+00:00,True
SEZHUK-231119-264274,CAUK000435,Tractor Unit,Box 44ft,BD5 8LZ,EN3 7QP,53.763558,-1.739636,51.659325,-0.021793,2023-11-20 22:19:00+00:00,2023-11-21 01:00:01+00:00,2023-11-21 06:00:00+00:00,2023-11-21 08:55:01+00:00,True
SEZHUK-231119-264275,CAUK000435,Tractor Unit,Box 44ft,BD5 8LZ,EN3 7QP,53.763558,-1.739636,51.659325,-0.021793,2023-11-22 22:19:00+00:00,2023-11-23 01:00:01+00:00,2023-11-23 06:00:00+00:00,2023-11-23 08:55:01+00:00,True
SEZHUK-231119-264277,CAUK000435,Tractor Unit,Box 44ft,BD5 8LZ,EN3 7QP,53.763558,-1.739636,51.659325,-0.021793,2023-11-23 22:19:00+00:00,2023-11-24 01:00:01+00:00,2023-11-24 06:00:00+00:00,2023-11-24 08:55:01+00:00,True
SEZHUK-231119-264279,CAUK000435,Tractor Unit,Box 44ft,BD5 8LZ,EN3 7QP,53.763558,-1.739636,51.659325,-0.021793,2023-11-24 22:19:00+00:00,2023-11-25 01:00:01+00:00,2023-11-25 06:00:00+00:00,2023-11-25 08:55:01+00:00,True
SEZHUK-231119-264286,CAUK001068,Tractor Unit,Box 44ft,BD5 8LZ,BS35 3UT,53.763558,-1.739636,51.602415,-2.522567,2023-11-22 01:20:00+00:00,2023-11-22 03:00:01+00:00,2023-11-22 08:15:00+00:00,2023-11-22 12:22:01+00:00,False
SEZHUK-231119-264287,CAUK000766,Tractor Unit,Box 44ft,BD5 8LZ,RG19 4BQ,53.763558,-1.739636,51.398851,-1.231993,2023-11-20 21:20:00+00:00,2023-11-20 23:00:01+00:00,2023-11-21 06:00:00+00:00,2023-11-21 08:56:01+00:00,False
SEZHUK-231119-264288,CAUK000689,Tractor Unit,Box 44ft,BD5 8LZ,BS35 3UT,53.763558,-1.739636,51.602415,-2.522567,2023-11-20 22:19:00+00:00,2023-11-21 01:00:01+00:00,2023-11-21 06:15:00+00:00,2023-11-21 10:22:01+00:00,True
SEZHUK-231119-264291,CAUK000814,Tractor Unit,Box 44ft,BD5 8LZ,RG19 4BQ,53.763558,-1.739636,51.398851,-1.231993,2023-11-22 16:20:00+00:00,2023-11-22 18:00:01+00:00,2023-11-23 06:00:00+00:00,2023-11-23 08:56:01+00:00,True
SEZHUK-231119-264296,CAUK000766,Tractor Unit,Box 44ft,BD5 8LZ,RG19 4BQ,53.763558,-1.739636,51.398851,-1.231993,2023-11-21 21:20:00+00:00,2023-11-21 23:00:01+00:00,2023-11-22 06:00:00+00:00,2023-11-22 08:56:01+00:00,True
SEZHUK-231119-264299,CAUK000766,Tractor Unit,Box 44ft,BD5 8LZ,RG19 4BQ,53.763558,-1.739636,51.398851,-1.231993,2023-11-23 21:20:00+00:00,2023-11-23 23:00:01+00:00,2023-11-24 06:00:00+00:00,2023-11-24 08:56:01+00:00,True
SEZHUK-231119-264301,CAUK000689,Tractor Unit,Box 44ft,BD5 8LZ,BS35 3UT,53.763558,-1.739636,51.602415,-2.522567,2023-11-22 22:19:00+00:00,2023-11-23 01:00:01+00:00,2023-11-23 06:15:00+00:00,2023-11-23 10:22:01+00:00,True
SEZHUK-231119-264306,CAUK000660,Tractor Unit,Box 44ft,BD5 8LZ,BS35 3UT,53.763558,-1.739636,51.602415,-2.522567,2023-11-23 13:20:00+00:00,2023-11-23 15:00:01+00:00,2023-11-24 06:00:00+00:00,2023-11-24 10:52:01+00:00,False
SEZHUK-231119-264307,CAUK000618,Tractor Unit,Box 44ft,BD5 8LZ,BS35 3UT,53.763558,-1.739636,51.602415,-2.522567,2023-11-24 01:20:00+00:00,2023-11-24 03:00:01+00:00,2023-11-24 08:15:00+00:00,2023-11-24 12:22:01+00:00,True
SEZHUK-231119-264311,CAUK000766,Tractor Unit,Box 44ft,BD5 8LZ,RG19 4BQ,53.763558,-1.739636,51.398851,-1.231993,2023-11-24 21:20:00+00:00,2023-11-24 23:00:01+00:00,2023-11-25 06:00:00+00:00,2023-11-25 08:56:01+00:00,True
SEZHUK-231119-264317,CAUK000689,Tractor Unit,Box 44ft,BD5 8LZ,BS35 3UT,53.763558,-1.739636,51.602415,-2.522567,2023-11-23 22:19:00+00:00,2023-11-24 01:00:01+00:00,2023-11-24 06:15:00+00:00,2023-11-24 10:22:01+00:00,False
SEZHUK-231119-264324,CAUK000390,Tractor Unit,Box 44ft,BD5 8LZ,ME13 7TW,53.763558,-1.739636,51.328048,0.877608,2023-11-22 13:20:00+00:00,2023-11-22 15:00:01+00:00,2023-11-23 06:00:00+00:00,2023-11-23 09:41:01+00:00,True
SEZHUK-231119-264328,CAUK000766,Tractor Unit,Box 44ft,BD5 8LZ,ME13 7TW,53.763558,-1.739636,51.328048,0.877608,2023-11-22 22:19:00+00:00,2023-11-23 00:01:01+00:00,2023-11-23 06:00:00+00:00,2023-11-23 08:56:01+00:00,False
SEZHUK-231119-264332,CAUK000390,Tractor Unit,Box 44ft,BD5 8LZ,ME13 7TW,53.763558,-1.739636,51.328048,0.877608,2023-11-23 13:20:00+00:00,2023-11-23 15:00:01+00:00,2023-11-24 06:00:00+00:00,2023-11-24 09:41:01+00:00,True
SEZHUK-231119-264336,CAUK000390,Tractor Unit,Box 44ft,BD5 8LZ,ME13 7TW,53.763558,-1.739636,51.328048,0.877608,2023-11-24 13:20:00+00:00,2023-11-24 15:00:01+00:00,2023-11-25 06:00:00+00:00,2023-11-25 09:41:01+00:00,True
SEZHUK-231119-264342,CAUK000766,Tractor Unit,Box 44ft,BD5 8LZ,ME13 7TW,53.763558,-1.739636,51.328048,0.877608,2023-11-24 22:19:00+00:00,2023-11-25 00:01:01+00:00,2023-11-25 06:00:00+00:00,2023-11-25 08:56:01+00:00,False
SEZHUK-231119-264343,CAUK000660,Tractor Unit,Box 44ft,BD5 8LZ,RG19 4BQ,53.763558,-1.739636,51.398851,-1.231993,2023-11-22 12:20:00+00:00,2023-11-22 14:00:01+00:00,2023-11-23 06:00:00+00:00,2023-11-23 09:41:01+00:00,False
SEZHUK-231119-264344,CAUK000766,Tractor Unit,Box 44ft,BD5 8LZ,RG19 4BQ,53.763558,-1.739636,51.398851,-1.231993,2023-11-22 21:20:00+00:00,2023-11-22 23:00:01+00:00,2023-11-23 06:00:00+00:00,2023-11-23 08:56:01+00:00,True
SEZHUK-231120-264352,CAUK000689,Tractor Unit,Curtain-Side 13.6M Trailer,DN3 3FG,TQ12 6GN,53.537133,-1.037405,50.55996,-3.669927,2023-11-22 06:00:00+00:00,2023-11-22 18:00:00+00:00,2023-11-23 06:02:00+00:00,2023-11-23 06:30:00+00:00,True
SEZHUK-231120-264364,CAUK000029,Tractor Unit,Curtain-Side 13.6M Trailer,DN8 5TE,B69 2HN,53.566639,-0.919839,52.503946,-2.027649,2023-11-21 06:00:00+00:00,2023-11-21 18:00:00+00:00,2023-11-22 08:00:00+00:00,2023-11-22 15:59:00+00:00,True
SEZHUK-231120-264385,CAUK000863,Tractor Unit,Curtain-Side 13.6M Trailer,WS10 7WL,B8 1AE,52.543992,-2.030867,52.482568,-1.868331,2023-11-21 09:00:00+00:00,2023-11-21 09:30:00+00:00,2023-11-21 13:30:00+00:00,2023-11-21 14:00:00+00:00,True
SEZHUK-231120-264391,CAUK000096,Tractor Unit,Curtain-Side 13.6M Trailer,SS17 9DY,IG11 0DS,51.510091,0.459598,51.515717,0.100453,2023-11-21 09:00:00+00:00,2023-11-21 09:30:00+00:00,2023-11-21 13:30:00+00:00,2023-11-21 14:00:00+00:00,False
SEZHUK-231120-264396,CAUK000155,Tractor Unit,Box,DA8 1DL,EH54 8QX,51.493182,0.167098,55.901847,-3.583873,2023-11-22 11:00:00+00:00,2023-11-22 11:30:00+00:00,2023-11-23 08:00:00+00:00,2023-11-23 08:30:00+00:00,True
SEZHUK-231120-264398,CAUK000386,Tractor Unit,Curtain-Side 13.6M Trailer,IP11 4HF,ST5 9QH,51.962017,1.312314,53.031047,-2.244933,2023-11-27 06:00:00+00:00,2023-11-27 08:00:00+00:00,2023-11-28 14:00:00+00:00,2023-11-28 15:00:00+00:00,True
SEZHUK-231120-264418,CAUK000155,Tractor Unit,Curtain Side,CV23,ML1 4UY,52.404024,-1.241116,55.825996,-3.989714,2023-12-04 16:00:00+00:00,2023-12-04 17:00:00+00:00,2023-12-04 23:00:00+00:00,2023-12-04 23:59:00+00:00,False
SEZHUK-231120-264421,CAUK000155,Tractor Unit,Curtain Side,CV23 8BQ,ML1 4UY,52.334853,-1.18045,55.825996,-3.989714,2023-12-07 16:00:00+00:00,2023-12-07 17:00:00+00:00,2023-12-07 23:00:00+00:00,2023-12-07 23:59:00+00:00,False
SEZHUK-231120-264422,CAUK000155,Tractor Unit,Curtain Side,CV23 8BQ,ML1 4UY,52.334853,-1.18045,55.825996,-3.989714,2023-12-08 16:00:00+00:00,2023-12-08 17:00:00+00:00,2023-12-08 23:00:00+00:00,2023-12-08 23:59:00+00:00,True
SEZHUK-231120-264426,CAUK000155,Tractor Unit,Curtain Side,CV23 8BQ,ML1 4UY,52.334853,-1.18045,55.825996,-3.989714,2023-12-13 16:00:00+00:00,2023-12-13 17:00:00+00:00,2023-12-13 23:00:00+00:00,2023-12-13 23:59:00+00:00,False
SEZHUK-231120-264427,CAUK000155,Tractor Unit,Curtain Side,CV23 8BQ,ML1 4UY,52.334853,-1.18045,55.825996,-3.989714,2023-12-14 16:00:00+00:00,2023-12-14 17:00:00+00:00,2023-12-14 23:00:00+00:00,2023-12-14 23:59:00+00:00,False
SEZHUK-231120-264428,CAUK000155,Tractor Unit,Curtain Side,CV23 8BQ,ML1 4UY,52.334853,-1.18045,55.825996,-3.989714,2023-12-15 16:00:00+00:00,2023-12-15 17:00:00+00:00,2023-12-15 23:00:00+00:00,2023-12-15 23:59:00+00:00,False
SEZHUK-231120-264429,CAUK000155,Tractor Unit,Curtain Side,CV23 8BQ,ML1 4UY,52.334853,-1.18045,55.825996,-3.989714,2023-12-16 16:00:00+00:00,2023-12-16 17:00:00+00:00,2023-12-16 23:00:00+00:00,2023-12-16 23:59:00+00:00,True
SEZHUK-231120-264430,CAUK000155,Tractor Unit,Curtain Side,CV23 8BQ,ML1 4UY,52.334853,-1.18045,55.825996,-3.989714,2023-12-18 16:00:00+00:00,2023-12-18 17:00:00+00:00,2023-12-18 23:00:00+00:00,2023-12-18 23:59:00+00:00,False
SEZHUK-231120-264431,CAUK000155,Tractor Unit,Curtain Side,CV23 8BQ,ML1 4UY,52.334853,-1.18045,55.825996,-3.989714,2023-12-19 16:00:00+00:00,2023-12-19 17:00:00+00:00,2023-12-19 23:00:00+00:00,2023-12-19 23:59:00+00:00,False
SEZHUK-231120-264432,CAUK000155,Tractor Unit,Curtain Side,CV23 8BQ,G75 0ZZ,52.334853,-1.18045,55.736183,-4.167971,2023-12-20 16:00:00+00:00,2023-12-20 17:00:00+00:00,2023-12-20 23:00:00+00:00,2023-12-20 23:59:00+00:00,True
SEZHUK-231120-264433,CAUK000155,Tractor Unit,Curtain Side,CV23 8BQ,ML1 4UY,52.334853,-1.18045,55.825996,-3.989714,2023-12-21 16:00:00+00:00,2023-12-21 17:00:00+00:00,2023-12-21 23:00:00+00:00,2023-12-21 23:59:00+00:00,False
SEZHUK-231120-264434,CAUK000155,Tractor Unit,Curtain Side,CV23 8BQ,G75 0ZZ,52.334853,-1.18045,55.736183,-4.167971,2023-12-22 16:00:00+00:00,2023-12-22 17:00:00+00:00,2023-12-22 23:00:00+00:00,2023-12-22 23:59:00+00:00,True
SEZHUK-231120-264493,CAUK000250,Tractor Unit,Curtain-Side 13.6M Trailer,S80 3FY,NAAS,53.293393,-1.074008,53.207122,-6.742479,2023-11-23 06:00:00+00:00,2023-11-23 06:59:00+00:00,2023-11-27 07:55:00+00:00,2023-11-27 08:25:00+00:00,True
SEZHUK-231120-264561,CAUK000250,Tractor Unit,Curtain-Side 13.6M Trailer,S80 3FY,MITCHELSTOWN,53.293393,-1.074008,52.276579,-8.258109,2023-11-23 06:00:00+00:00,2023-11-23 06:59:00+00:00,2023-11-27 10:25:00+00:00,2023-11-27 10:55:00+00:00,False
SEZHUK-231120-264583,CAUK000876,Tractor Unit,Curtain-Side 13.6M Trailer,DE14 1PT,BT26 6JJ,52.811918,-1.630808,54.474078,-6.104285,2023-11-21 10:00:00+00:00,2023-11-23 07:00:00+00:00,2023-11-23 07:30:00+00:00,2023-11-23 08:00:00+00:00,True
SEZHUK-231120-264599,CAUK000435,Tractor Unit,Temperature-Controlled,PE15 0UW,RG21 6AB,52.51939,-0.000971,51.269448,-1.103727,2023-11-30 01:30:00+00:00,2023-11-30 02:30:00+00:00,2023-11-30 06:30:00+00:00,2023-11-30 07:00:00+00:00,False
SEZHUK-231120-264600,CAUK000435,Tractor Unit,Temperature-Controlled,PE15 0UW,RG21 6AB,52.51939,-0.000971,51.269448,-1.103727,2023-12-01 01:30:00+00:00,2023-12-01 02:30:00+00:00,2023-12-01 06:30:00+00:00,2023-12-01 07:00:00+00:00,True
SEZHUK-231120-264601,CAUK000435,Tractor Unit,Temperature-Controlled,PE15 0UW,RG21 6AB,52.51939,-0.000971,51.269448,-1.103727,2023-12-07 01:30:00+00:00,2023-12-07 02:30:00+00:00,2023-12-07 06:30:00+00:00,2023-12-07 07:00:00+00:00,False
SEZHUK-231120-264602,CAUK000435,Tractor Unit,Temperature-Controlled,PE15 0UW,RG21 6AB,52.51939,-0.000971,51.269448,-1.103727,2023-12-08 01:30:00+00:00,2023-12-08 02:30:00+00:00,2023-12-08 06:00:00+00:00,2023-12-08 18:00:00+00:00,True
SEZHUK-231120-264645,CAUK000155,Tractor Unit,Curtain-Side 13.6M Trailer,L11 0JA,ME11 5AR,53.462845,-2.896967,51.411125,0.752907,2023-11-21 11:00:00+00:00,2023-11-21 11:01:00+00:00,2023-11-22 07:55:00+00:00,2023-11-22 08:25:00+00:00,True
SEZHUK-231120-264647,CAUK000199,3.5 T Van,LWB Van,LS10 1SL,ME12 1LP,53.771668,-1.514934,51.431249,0.750564,2023-11-21 12:00:00+00:00,2023-11-21 12:30:00+00:00,2023-11-21 17:30:00+00:00,2023-11-21 18:00:00+00:00,False
SEZHUK-231120-264655,CAUK000781,Tractor Unit,Curtain-Side 13.6M Trailer,L11 0JA,CV9 2SQ,53.462845,-2.896967,52.583936,-1.557171,2023-11-22 09:00:00+00:00,2023-11-22 09:01:00+00:00,2023-11-22 13:55:00+00:00,2023-11-22 14:25:00+00:00,True
SEZHUK-231120-264686,CAUK000155,Tractor Unit,Curtain-Side 13.6M Trailer,L11 0JA,UB6 8UH,53.462845,-2.896967,51.54329,-0.358536,2023-11-21 12:00:00+00:00,2023-11-21 12:01:00+00:00,2023-11-22 07:55:00+00:00,2023-11-22 08:25:00+00:00,True
SEZHUK-231120-264702,CAUK000034,18T Rigid,High Security,AL10 9TR,GL12 8BT,51.772167,-0.250353,51.628034,-2.436777,2023-11-21 05:00:00+00:00,2023-11-21 05:30:00+00:00,2023-11-21 08:30:00+00:00,2023-11-21 09:00:00+00:00,False
SEZHUK-231120-264725,CAUK000029,Tractor Unit,Curtain-Side 13.6M Trailer,S80 3FY,NN15 5YT,53.293393,-1.074008,52.370504,-0.684925,2023-11-21 18:00:00+00:00,2023-11-21 18:59:00+00:00,2023-11-22 06:35:00+00:00,2023-11-22 07:05:00+00:00,False
SEZHUK-231120-264730,CAUK000155,Tractor Unit,Curtain-Side 13.6M Trailer,LS10 1SL,BS16 3SB,53.771668,-1.514934,51.476091,-2.527994,2023-11-21 02:00:00+00:00,2023-11-21 02:30:00+00:00,2023-11-21 09:30:00+00:00,2023-11-21 10:00:00+00:00,True
SEZHUK-231120-264734,CAUK000770,Tractor Unit,Curtain-Side 13.6M Trailer,S80 3FY,NN4 9BB,53.293393,-1.074008,52.215154,-0.947502,2023-11-21 16:00:00+00:00,2023-11-21 16:59:00+00:00,2023-11-22 07:35:00+00:00,2023-11-22 08:05:00+00:00,True
SEZHUK-231120-264745,CAUK000155,Tractor Unit,Curtain-Side 13.6M Trailer,LS11 5LX,BS16 3SB,53.767204,-1.547784,51.476091,-2.527994,2023-11-21 04:00:00+00:00,2023-11-21 04:30:00+00:00,2023-11-21 11:30:00+00:00,2023-11-21 12:00:00+00:00,True
SEZHUK-231120-264746,CAUK000155,Tractor Unit,Curtain-Side 13.6M Trailer,LS10 1SL,BS16 3SB,53.771668,-1.514934,51.476091,-2.527994,2023-11-21 06:00:00+00:00,2023-11-21 06:30:00+00:00,2023-11-21 13:00:00+00:00,2023-11-21 14:00:00+00:00,False
SEZHUK-231121-264840,CAUK000863,Tractor Unit,Curtain-Side 13.6M Trailer,WA7 4HP,KT3 4PT,53.324964,-2.758291,51.401136,-0.244751,2023-11-22 07:00:00+00:00,2023-11-22 14:00:00+00:00,2023-11-23 09:17:00+00:00,2023-11-23 09:45:00+00:00,False
SEZHUK-231121-264846,CAUK000034,Tractor Unit,Curtain-Side 13.6M Trailer,SS17 9DY,NW10 6QY,51.510091,0.459598,51.52668,-0.235678,2023-11-22 09:00:00+00:00,2023-11-22 09:30:00+00:00,2023-11-22 14:30:00+00:00,2023-11-22 15:00:00+00:00,True
SEZHUK-231121-264860,CAUK000022,Tractor Unit,Curtain-Side 13.6M Trailer,DE12 8AA,NE38 8NW,52.690284,-1.548894,54.88997,-1.501427,2023-11-22 14:00:00+00:00,2023-11-22 15:00:00+00:00,2023-11-23 08:30:00+00:00,2023-11-23 09:00:00+00:00,True
SEZHUK-231121-264861,CAUK000689,Tractor Unit,Curtain-Side 13.6M Trailer,DE12 8AA,NP16 6UD,52.690284,-1.548894,51.614678,-2.674519,2023-11-22 12:00:00+00:00,2023-11-22 13:00:00+00:00,2023-11-23 08:30:00+00:00,2023-11-23 09:00:00+00:00,True
SEZHUK-231121-264863,CAUK000222,Tractor Unit,Curtain-Side 13.6M Trailer,WN4 8DE,ST4 4FA,53.501398,-2.64202,52.983393,-2.181287,2023-11-21 10:00:00+00:00,2023-11-21 10:30:00+00:00,2023-11-21 16:30:00+00:00,2023-11-21 17:00:00+00:00,False
SEZHUK-231121-264866,CAUK000222,Tractor Unit,Curtain-Side 13.6M Trailer,SK13 2NU,ST4 4FA,53.483205,-1.924197,52.983393,-2.181287,2023-11-21 10:00:00+00:00,2023-11-21 10:30:00+00:00,2023-11-21 16:30:00+00:00,2023-11-21 17:00:00+00:00,False
SEZHUK-231121-264872,CAUK000222,Tractor Unit,Curtain-Side 13.6M Trailer,OL16 4NZ,LE19 1WY,53.602351,-2.126989,52.601991,-1.190434,2023-11-21 10:00:00+00:00,2023-11-21 10:30:00+00:00,2023-11-21 16:30:00+00:00,2023-11-21 17:00:00+00:00,True
SEZHUK-231121-264876,CAUK000222,Tractor Unit,Curtain-Side 13.6M Trailer,SK16 4UG,LE19 1WY,53.467889,-2.096702,52.601991,-1.190434,2023-11-21 10:00:00+00:00,2023-11-21 10:30:00+00:00,2023-11-21 16:30:00+00:00,2023-11-21 17:00:00+00:00,True
SEZHUK-231121-264879,CAUK000222,Tractor Unit,Curtain-Side 13.6M Trailer,OL15 8QF,LE19 1WY,53.634051,-2.1142,52.601991,-1.190434,2023-11-21 10:00:00+00:00,2023-11-21 10:30:00+00:00,2023-11-21 16:30:00+00:00,2023-11-21 17:00:00+00:00,True
SEZHUK-231121-264882,CAUK000310,Tractor Unit,Curtain-Side 13.6M Trailer,NN4 9BA,WF9 2RH,52.213462,-0.951036,53.601298,-1.266222,2023-11-23 05:00:00+00:00,2023-11-23 06:00:00+00:00,2023-11-23 10:30:00+00:00,2023-11-23 11:30:00+00:00,True
SEZHUK-231121-264885,CAUK000222,Tractor Unit,Curtain-Side 13.6M Trailer,L11 0JA,CV9 2SQ,53.462845,-2.896967,52.583936,-1.557171,2023-11-22 15:00:00+00:00,2023-11-22 15:01:00+00:00,2023-11-23 04:00:00+00:00,2023-11-23 04:30:00+00:00,True
SEZHUK-231121-264900,CAUK000155,Tractor Unit,Curtain-Side 13.6M Trailer,L11 0JA,ME11 5AR,53.462845,-2.896967,51.411125,0.752907,2023-11-22 18:00:00+00:00,2023-11-22 18:01:00+00:00,2023-11-23 09:55:00+00:00,2023-11-23 10:25:00+00:00,True
SEZHUK-231121-264950,CAUK000894,Tractor Unit,Curtain-Side 13.6M Trailer,ML4 3NW,MK17 8FF,55.821702,-4.036872,52.040191,-0.673743,2023-11-23 12:00:00+00:00,2023-11-23 12:30:00+00:00,2023-11-24 08:30:00+00:00,2023-11-24 09:00:00+00:00,True
SEZHUK-231121-265018,CAUK000250,Tractor Unit,Curtain-Side 13.6M Trailer,S80 3FY,BT40 1AX,53.293393,-1.074008,54.84518,-5.80489,2023-11-22 06:00:00+00:00,2023-11-22 06:59:00+00:00,2023-11-24 19:30:00+00:00,2023-11-24 22:00:00+00:00,True
SEZHUK-231121-265042,CAUK000863,Tractor Unit,Curtain-Side 13.6M Trailer,S80 3FY,OX16 2AA,53.293393,-1.074008,52.081463,-1.329055,2023-11-23 04:39:18+00:00,2023-11-23 05:38:18+00:00,2023-11-23 08:25:00+00:00,2023-11-23 08:55:00+00:00,True
SEZHUK-231121-265069,CAUK000034,Tractor Unit,Curtain-Side 13.6M Trailer,OL15 8QF,LE19 1WY,53.634051,-2.1142,52.601991,-1.190434,2023-11-22 10:00:00+00:00,2023-11-22 10:30:00+00:00,2023-11-22 16:30:00+00:00,2023-11-22 17:00:00+00:00,True
SEZHUK-231121-265105,CAUK000863,Tractor Unit,Curtain-Side 13.6M Trailer,S80 3FY,OX16 2AA,53.293393,-1.074008,52.081463,-1.329055,2023-11-23 05:00:00+00:00,2023-11-23 05:59:00+00:00,2023-11-23 10:25:00+00:00,2023-11-23 10:55:00+00:00,False
SEZHUK-231122-265119,CAUK000854,Tractor Unit,Curtain-Side 13.6M Trailer,DG16 5HT,EN2 9BQ,55.003467,-3.042858,51.677176,-0.095887,2023-11-23 06:00:00+00:00,2023-11-23 15:00:00+00:00,2023-11-24 08:00:00+00:00,2023-11-24 15:59:00+00:00,True
SEZHUK-231122-265135,CAUK000155,Tractor Unit,Box,DA8 1DL,EH54 8QX,51.493182,0.167098,55.901847,-3.583873,2023-11-27 11:00:00+00:00,2023-11-27 11:30:00+00:00,2023-11-28 08:00:00+00:00,2023-11-28 08:30:00+00:00,True
SEZHUK-231122-265137,CAUK000155,Tractor Unit,Box,RM9 6RS,EH54 8QX,51.530739,0.138456,55.901847,-3.583873,2023-11-27 11:00:00+00:00,2023-11-27 11:30:00+00:00,2023-11-28 08:00:00+00:00,2023-11-28 08:30:00+00:00,True
SEZHUK-231122-265138,CAUK000993,Tractor Unit,Curtain-Side 13.6M Trailer,S80 3FY,RG2 0PN,53.293393,-1.074008,51.419654,-0.973301,2023-11-23 06:00:00+00:00,2023-11-23 06:59:00+00:00,2023-11-23 13:55:00+00:00,2023-11-23 14:25:00+00:00,True
SEZHUK-231122-265140,CAUK000863,Tractor Unit,Curtain-Side 13.6M Trailer,HP22 5BL,NG7 2SD,51.779657,-0.772897,52.934662,-1.181471,2023-11-23 09:00:00+00:00,2023-11-23 09:30:00+00:00,2023-11-23 13:30:00+00:00,2023-11-23 14:00:00+00:00,False
SEZHUK-231122-265143,CAUK000096,Tractor Unit,Curtain-Side 13.6M Trailer,RG24 8PD,IG11 0DS,51.279249,-1.072926,51.515717,0.100453,2023-11-23 10:00:00+00:00,2023-11-23 10:30:00+00:00,2023-11-23 13:30:00+00:00,2023-11-23 14:00:00+00:00,True
SEZHUK-231122-265145,CAUK000863,Tractor Unit,Curtain-Side 13.6M Trailer,WS10 7WL,B8 1AE,52.543992,-2.030867,52.482568,-1.868331,2023-11-23 09:00:00+00:00,2023-11-23 09:30:00+00:00,2023-11-23 13:30:00+00:00,2023-11-23 14:00:00+00:00,True
SEZHUK-231122-265146,CAUK000096,Tractor Unit,Curtain-Side 13.6M Trailer,CF37 5TF,B8 1AE,51.572559,-3.291144,52.482568,-1.868331,2023-11-23 09:00:00+00:00,2023-11-23 09:30:00+00:00,2023-11-23 13:30:00+00:00,2023-11-23 14:00:00+00:00,False
SEZHUK-231122-265151,CAUK000096,Tractor Unit,Curtain-Side 13.6M Trailer,SS17 9DY,NW10 6QY,51.510091,0.459598,51.52668,-0.235678,2023-11-23 09:00:00+00:00,2023-11-23 09:30:00+00:00,2023-11-23 13:30:00+00:00,2023-11-23 14:00:00+00:00,True
SEZHUK-231122-265160,CAUK000029,Tractor Unit,Curtain-Side 13.6M Trailer,S80 3FY,NG16 3SE,53.293393,-1.074008,53.028146,-1.292116,2023-11-23 03:00:00+00:00,2023-11-23 03:59:00+00:00,2023-11-23 06:55:00+00:00,2023-11-23 07:25:00+00:00,False
SEZHUK-231122-265191,CAUK000912,3.5T Van,Box,BD5 8LZ,LE3 8DX,53.766832,-1.740516,52.641456,-1.216005,2023-11-29 00:30:00+00:00,2023-11-29 01:00:00+00:00,2023-11-30 02:30:00+00:00,2023-11-30 03:00:00+00:00,True
SEZHUK-231122-265202,CAUK000912,3.5T Van,Box,BD5 8LZ,LE3 8DX,53.766832,-1.740516,52.641456,-1.216005,2023-11-26 00:30:00+00:00,2023-11-26 01:00:00+00:00,2023-11-27 02:30:00+00:00,2023-11-27 03:00:00+00:00,True
SEZHUK-231122-265206,CAUK000912,3.5T Van,Box,BD5 8LZ,LE3 8DX,53.766832,-1.740516,52.641456,-1.216005,2023-12-02 00:30:00+00:00,2023-12-02 01:00:00+00:00,2023-12-03 02:30:00+00:00,2023-12-03 03:00:00+00:00,False
SEZHUK-231122-265210,CAUK000912,3.5T Van,Box,BD5 8LZ,LE3 8DX,53.766832,-1.740516,52.641456,-1.216005,2023-11-28 00:30:00+00:00,2023-11-28 01:00:00+00:00,2023-11-29 02:30:00+00:00,2023-11-29 03:00:00+00:00,True
SEZHUK-231122-265226,CAUK000912,3.5T Van,Box,BD5 8LZ,LE3 8DX,53.766832,-1.740516,52.641456,-1.216005,2023-11-27 00:30:00+00:00,2023-11-27 01:00:00+00:00,2023-11-28 02:30:00+00:00,2023-11-28 03:00:00+00:00,True
SEZHUK-231122-265229,CAUK000912,3.5T Van,Box,BD5 8LZ,LE3 8DX,53.766832,-1.740516,52.641456,-1.216005,2023-11-30 00:30:00+00:00,2023-11-30 01:00:00+00:00,2023-12-01 02:30:00+00:00,2023-12-01 03:00:00+00:00,True
SEZHUK-231122-265232,CAUK000912,3.5T Van,Box,BD5 8LZ,LE3 8DX,53.766832,-1.740516,52.641456,-1.216005,2023-12-01 00:30:00+00:00,2023-12-01 01:00:00+00:00,2023-12-02 02:30:00+00:00,2023-12-02 03:00:00+00:00,True
SEZHUK-231122-265255,CAUK000912,3.5T Van,Box,S35 2PW,LS27 0FU,53.476537,-1.471065,53.734398,-1.604189,2023-12-02 03:15:00+00:00,2023-12-02 03:45:00+00:00,2023-12-02 05:00:00+00:00,2023-12-02 05:30:00+00:00,True
SEZHUK-231122-265263,CAUK000912,3.5T Van,Box,S35 2PW,LS27 0FU,53.476537,-1.471065,53.734398,-1.604189,2023-11-27 03:15:00+00:00,2023-11-27 03:45:00+00:00,2023-11-27 05:00:00+00:00,2023-11-27 05:30:00+00:00,True
SEZHUK-231122-265277,CAUK000912,3.5T Van,Box,S35 2PW,LE3 8DX,53.476537,-1.471065,52.641456,-1.216005,2023-11-28 00:30:00+00:00,2023-11-28 01:00:00+00:00,2023-11-28 03:00:00+00:00,2023-11-28 03:30:00+00:00,True
SEZHUK-231122-265278,CAUK000912,3.5T Van,Box,S35 2PW,LE3 8DX,53.476537,-1.471065,52.641456,-1.216005,2023-11-27 00:30:00+00:00,2023-11-27 01:00:00+00:00,2023-11-27 03:00:00+00:00,2023-11-27 03:30:00+00:00,True
SEZHUK-231122-265281,CAUK000912,3.5T Van,Box,S35 2PW,LE3 8DX,53.476537,-1.471065,52.641456,-1.216005,2023-12-03 00:30:00+00:00,2023-12-03 01:00:00+00:00,2023-12-03 03:00:00+00:00,2023-12-03 03:30:00+00:00,True
SEZHUK-231122-265296,CAUK000912,3.5T Van,Box,S35 2PW,LS27 0FU,53.476537,-1.471065,53.734398,-1.604189,2023-11-28 03:15:00+00:00,2023-11-28 03:45:00+00:00,2023-11-28 05:00:00+00:00,2023-11-28 05:30:00+00:00,True
SEZHUK-231122-265299,CAUK000912,3.5T Van,Box,S35 2PW,LE3 8DX,53.476537,-1.471065,52.641456,-1.216005,2023-12-02 00:30:00+00:00,2023-12-02 01:00:00+00:00,2023-12-02 03:00:00+00:00,2023-12-02 03:30:00+00:00,True
SEZHUK-231122-265303,CAUK000912,3.5T Van,Box,S35 2PW,LS27 0FU,53.476537,-1.471065,53.734398,-1.604189,2023-11-29 03:15:00+00:00,2023-11-29 03:45:00+00:00,2023-11-29 05:00:00+00:00,2023-11-29 05:30:00+00:00,True
SEZHUK-231122-265309,CAUK000912,3.5T Van,Box,S35 2PW,LS27 0FU,53.476537,-1.471065,53.734398,-1.604189,2023-12-03 03:15:00+00:00,2023-12-03 03:45:00+00:00,2023-12-03 05:00:00+00:00,2023-12-03 05:30:00+00:00,True
SEZHUK-231122-265312,CAUK000912,3.5T Van,Box,S35 2PW,LE3 8DX,53.476537,-1.471065,52.641456,-1.216005,2023-11-29 00:30:00+00:00,2023-11-29 01:00:00+00:00,2023-11-29 03:00:00+00:00,2023-11-29 03:30:00+00:00,True
SEZHUK-231122-265313,CAUK000912,3.5T Van,Box,S35 2PW,LS27 0FU,53.476537,-1.471065,53.734398,-1.604189,2023-11-30 03:15:00+00:00,2023-11-30 03:45:00+00:00,2023-11-30 05:00:00+00:00,2023-11-30 05:30:00+00:00,True
SEZHUK-231122-265324,CAUK000912,3.5T Van,Box,S35 2PW,LS27 0FU,53.476537,-1.471065,53.734398,-1.604189,2023-12-01 03:15:00+00:00,2023-12-01 03:45:00+00:00,2023-12-01 05:00:00+00:00,2023-12-01 05:30:00+00:00,True
SEZHUK-231122-265331,CAUK000912,3.5T Van,Box,S35 2PW,LE3 8DX,53.476537,-1.471065,52.641456,-1.216005,2023-11-30 00:30:00+00:00,2023-11-30 01:00:00+00:00,2023-11-30 03:00:00+00:00,2023-11-30 03:30:00+00:00,True
SEZHUK-231122-265336,CAUK000912,3.5T Van,Box,S35 2PW,LE3 8DX,53.476537,-1.471065,52.641456,-1.216005,2023-12-01 00:30:00+00:00,2023-12-01 01:00:00+00:00,2023-12-01 03:00:00+00:00,2023-12-01 03:30:00+00:00,True
SEZHUK-231122-265371,CAUK000940,Tractor Unit,Box,S18 1PF,HP2 7PZ,53.304842,-1.482042,51.768864,-0.433083,2023-12-01 09:00:00+00:00,2023-12-01 09:30:00+00:00,2023-12-01 15:30:00+00:00,2023-12-01 16:00:00+00:00,True
SEZHUK-231122-265372,CAUK000940,Tractor Unit,Box,S18 1PF,RG19 4BQ,53.304842,-1.482042,51.398689,-1.232386,2023-11-29 13:00:00+00:00,2023-11-29 13:30:00+00:00,2023-11-29 17:00:00+00:00,2023-11-29 17:30:00+00:00,False
SEZHUK-231122-265373,CAUK000940,Tractor Unit,Box,S18 1PF,RG19 4BQ,53.304842,-1.482042,51.398689,-1.232386,2023-11-30 13:00:00+00:00,2023-11-30 13:30:00+00:00,2023-11-30 17:00:00+00:00,2023-11-30 17:30:00+00:00,False
SEZHUK-231122-265374,CAUK000940,Tractor Unit,Box,S18 1PF,RG19 4BQ,53.304842,-1.482042,51.398689,-1.232386,2023-12-01 13:00:00+00:00,2023-12-01 13:30:00+00:00,2023-12-01 17:00:00+00:00,2023-12-01 17:30:00+00:00,False
SEZHUK-231122-265375,CAUK000940,Tractor Unit,Box,S18 1PF,HP2 7PZ,53.304842,-1.482042,51.768864,-0.433083,2023-11-30 09:00:00+00:00,2023-11-30 09:30:00+00:00,2023-11-30 15:30:00+00:00,2023-11-30 16:00:00+00:00,True
SEZHUK-231122-265378,CAUK000940,Tractor Unit,Box,S18 1PF,HP2 7PZ,53.304842,-1.482042,51.768864,-0.433083,2023-11-29 09:00:00+00:00,2023-11-29 09:30:00+00:00,2023-11-29 15:30:00+00:00,2023-11-29 16:00:00+00:00,True
SEZHUK-231122-265395,CAUK000689,Tractor Unit,Curtain-Side 13.6M Trailer,DE12 8AA,TA6 4FG,52.690284,-1.548894,51.155543,-2.983834,2023-11-23 13:30:00+00:00,2023-11-23 14:30:00+00:00,2023-11-24 06:30:00+00:00,2023-11-24 07:00:00+00:00,True
SEZHUK-231122-265461,CAUK000222,Tractor Unit,Curtain-Side 13.6M Trailer,L11 0JA,DE72 2HP,53.462845,-2.896967,52.867015,-1.314862,2023-11-23 11:00:00+00:00,2023-11-23 11:01:00+00:00,2023-11-24 05:00:00+00:00,2023-11-24 05:30:00+00:00,True
SEZHUK-231122-265472,CAUK000116,Tractor Unit,Curtain-Side 13.6M Trailer,S80 3FY,SP4 7GQ,53.293393,-1.074008,51.17534,-1.753679,2023-11-23 14:00:00+00:00,2023-11-23 14:59:00+00:00,2023-11-24 07:55:00+00:00,2023-11-24 08:25:00+00:00,True
SEZHUK-231122-265494,CAUK000155,Tractor Unit,Curtain-Side 13.6M Trailer,L11 0JA,DA17 6JY,53.462845,-2.896967,51.502211,0.154551,2023-11-23 12:00:00+00:00,2023-11-23 12:01:00+00:00,2023-11-24 07:55:00+00:00,2023-11-24 08:25:00+00:00,True
SEZHUK-231122-265496,CAUK000155,Tractor Unit,Curtain-Side 13.6M Trailer,LS10 1SL,BS16 3SB,53.771668,-1.514934,51.476091,-2.527994,2023-11-23 02:00:00+00:00,2023-11-23 02:30:00+00:00,2023-11-23 09:00:00+00:00,2023-11-23 10:00:00+00:00,True
SEZHUK-231122-265505,CAUK000896,Tractor Unit,Curtain-Side 13.6M Trailer,L11 0JA,SN3 4FN,53.462845,-2.896967,51.595572,-1.740649,2023-11-23 11:00:00+00:00,2023-11-23 11:01:00+00:00,2023-11-24 07:55:00+00:00,2023-11-24 08:25:00+00:00,True
SEZHUK-231122-265539,CAUK000029,Tractor Unit,Curtain-Side 13.6M Trailer,DN11 9HE,NN4 9BF,53.437296,-1.068189,52.212328,-0.944564,2023-11-24 06:44:47+00:00,2023-11-24 07:43:47+00:00,2023-11-24 10:15:00+00:00,2023-11-24 10:45:00+00:00,True
SEZHUK-231122-265550,CAUK000863,Tractor Unit,Curtain-Side 13.6M Trailer,S80 3FY,OX16 2AA,53.293393,-1.074008,52.081463,-1.329055,2023-11-24 06:39:18+00:00,2023-11-24 07:38:18+00:00,2023-11-24 10:25:00+00:00,2023-11-24 10:55:00+00:00,False
SEZHUK-231122-265551,CAUK000863,Tractor Unit,Curtain-Side 13.6M Trailer,S80 3FY,DA2 6QA,53.293393,-1.074008,51.452153,0.265912,2023-11-23 16:00:00+00:00,2023-11-23 16:59:00+00:00,2023-11-24 06:55:00+00:00,2023-11-24 07:25:00+00:00,True
SEZHUK-231122-265582,CAUK000029,Tractor Unit,Curtain-Side 13.6M Trailer,DN11 9HE,NN4 9BF,53.437296,-1.068189,52.212328,-0.944564,2023-11-24 08:04:47+00:00,2023-11-24 09:03:47+00:00,2023-11-24 11:35:00+00:00,2023-11-24 12:05:00+00:00,True
SEZHUK-231122-265600,CAUK000280,Tractor Unit,Curtain-Side 13.6M Trailer,WN4 8DE,LE19 1WY,53.501398,-2.64202,52.601991,-1.190434,2023-11-23 10:00:00+00:00,2023-11-23 10:30:00+00:00,2023-11-23 16:30:00+00:00,2023-11-23 17:00:00+00:00,True
SEZHUK-231122-265606,CAUK000222,Tractor Unit,Curtain-Side 13.6M Trailer,SK16 4UG,LE19 1WY,53.467889,-2.096702,52.601991,-1.190434,2023-11-23 10:00:00+00:00,2023-11-23 10:30:00+00:00,2023-11-23 16:30:00+00:00,2023-11-23 17:00:00+00:00,True
SEZHUK-231122-265611,CAUK000863,Tractor Unit,Curtain-Side 13.6M Trailer,S80 3FY,DA2 6QA,53.293393,-1.074008,51.452153,0.265912,2023-11-24 13:00:00+00:00,2023-11-24 13:59:00+00:00,2023-11-24 19:55:00+00:00,2023-11-24 20:25:00+00:00,False
SEZHUK-231123-265651,CAUK000770,Tractor Unit,Curtain-Side 13.6M Trailer,DN3 3FG,NR16 2JU,53.537133,-1.037405,52.469251,0.950736,2023-11-27 06:00:00+00:00,2023-11-27 18:00:00+00:00,2023-11-28 09:32:00+00:00,2023-11-28 10:00:00+00:00,True
SEZHUK-231123-265661,CAUK000029,Tractor Unit,Curtain-Side 13.6M Trailer,DN8 5TE,NN12 8FU,53.566639,-0.919839,52.072268,-1.02918,2023-11-24 06:00:00+00:00,2023-11-24 18:00:00+00:00,2023-11-27 11:31:00+00:00,2023-11-27 11:59:00+00:00,True
SEZHUK-231123-265674,CAUK000096,Tractor Unit,Curtain-Side 13.6M Trailer,HP22 5BL,NG31 7UH,51.779657,-0.772897,52.888113,-0.634948,2023-11-27 09:00:00+00:00,2023-11-27 09:30:00+00:00,2023-11-27 15:30:00+00:00,2023-11-27 16:00:00+00:00,True
SEZHUK-231123-265675,CAUK000096,Tractor Unit,Curtain-Side 13.6M Trailer,RG24 8PD,NG7 2SD,51.279249,-1.072926,52.934662,-1.181471,2023-11-24 10:00:00+00:00,2023-11-24 10:30:00+00:00,2023-11-24 13:30:00+00:00,2023-11-24 14:00:00+00:00,True
SEZHUK-231123-265676,CAUK000096,Tractor Unit,Curtain-Side 13.6M Trailer,RG24 8PD,NG7 2SD,51.279249,-1.072926,52.934662,-1.181471,2023-11-24 10:00:00+00:00,2023-11-24 10:30:00+00:00,2023-11-24 13:30:00+00:00,2023-11-24 14:00:00+00:00,False
SEZHUK-231123-265685,CAUK001028,Tractor Unit,Curtain-Side 13.6M Trailer,DE12 8AA,DA2 6QA,52.690284,-1.548894,51.452153,0.265912,2023-11-24 16:00:00+00:00,2023-11-24 17:00:00+00:00,2023-11-27 07:30:00+00:00,2023-11-27 08:00:00+00:00,True
SEZHUK-231123-265688,CAUK001028,Tractor Unit,Curtain-Side 13.6M Trailer,DE12 8AA,DA2 6QA,52.690284,-1.548894,51.452153,0.265912,2023-11-24 16:00:00+00:00,2023-11-24 17:00:00+00:00,2023-11-27 08:30:00+00:00,2023-11-27 09:00:00+00:00,True
SEZHUK-231123-265693,CAUK000863,Tractor Unit,Curtain-Side 13.6M Trailer,M24 4DP,SP4 7SQ,53.547321,-2.202131,51.177012,-1.757833,2023-11-24 12:00:00+00:00,2023-11-24 13:00:00+00:00,2023-11-25 15:55:00+00:00,2023-11-25 16:25:00+00:00,False
SEZHUK-231123-265707,CAUK000863,Tractor Unit,Curtain-Side 13.6M Trailer,DE14 2WT,N9 0BD,52.800481,-1.663328,51.620719,-0.037422,2023-11-24 13:23:00+00:00,2023-11-24 13:53:00+00:00,2023-11-27 07:30:00+00:00,2023-11-27 08:00:00+00:00,True
SEZHUK-231123-265736,CAUK000124,Tractor Unit,Curtain-Side 13.6M Trailer,NN4 9BA,DA18 4AG,52.213462,-0.951036,51.497213,0.142124,2023-11-27 11:00:00+00:00,2023-11-27 11:30:00+00:00,2023-11-27 15:30:00+00:00,2023-11-27 16:00:00+00:00,True
SEZHUK-231123-265738,CAUK000155,Tractor Unit,Curtain-Side 13.6M Trailer,M24 4DP,SP4 7SQ,53.547321,-2.202131,51.177012,-1.757833,2023-11-25 21:00:00+00:00,2023-11-25 22:00:00+00:00,2023-11-26 05:55:00+00:00,2023-11-26 06:25:00+00:00,True
SEZHUK-231123-265740,CAUK000689,Tractor Unit,Curtain-Side 13.6M Trailer,DE14 2WT,SA6 8PJ,52.800481,-1.663328,51.665609,-3.912027,2023-11-24 13:00:00+00:00,2023-11-27 07:00:00+00:00,2023-11-27 07:30:00+00:00,2023-11-27 08:00:00+00:00,False
SEZHUK-231123-265753,CAUK000192,Tractor Unit,Curtain-Side 13.6M Trailer,DN11 9HE,NN4 9BF,53.437296,-1.068189,52.212328,-0.944564,2023-11-24 05:50:00+00:00,2023-11-24 06:59:00+00:00,2023-11-24 10:55:00+00:00,2023-11-24 11:25:00+00:00,True
SEZHUK-231123-265756,CAUK000019,Tractor Unit,Curtain-Side 13.6M Trailer,LE19 1WY,NR7 9AZ,52.601991,-1.190434,52.646364,1.325565,2023-11-24 04:30:00+00:00,2023-11-24 05:00:00+00:00,2023-11-24 21:30:00+00:00,2023-11-24 22:00:00+00:00,True
SEZHUK-231123-265777,CAUK000124,Tractor Unit,Curtain-Side 13.6M Trailer,LE3 8DX,CV2 2TA,52.649535,-1.216071,52.430911,-1.429058,2023-11-23 08:54:00+00:00,2023-11-23 09:24:00+00:00,2023-11-23 12:30:00+00:00,2023-11-23 13:00:00+00:00,False
SEZHUK-231123-265778,CAUK000876,Tractor Unit,Curtain-Side 13.6M Trailer,DE14 1PT,BT26 6JJ,52.811918,-1.630808,54.474078,-6.104285,2023-11-24 10:00:00+00:00,2023-11-28 07:11:00+00:00,2023-11-28 07:30:00+00:00,2023-11-28 08:00:00+00:00,False
SEZHUK-231123-265779,CAUK000115,Tractor Unit,Curtain-Side 13.6M Trailer,LS10 1SL,BL5 3XU,53.771668,-1.514934,53.555966,-2.533663,2023-11-24 06:00:00+00:00,2023-11-24 06:30:00+00:00,2023-11-24 09:30:00+00:00,2023-11-24 10:00:00+00:00,False
SEZHUK-231123-265781,CAUK000310,Tractor Unit,Curtain-Side 13.6M Trailer,DE14 2WT,OX11 7HJ,52.800481,-1.663328,51.619119,-1.256837,2023-11-27 14:00:00+00:00,2023-11-27 14:30:00+00:00,2023-11-27 18:00:00+00:00,2023-11-27 18:30:00+00:00,True
SEZHUK-231123-265787,CAUK000863,Tractor Unit,Curtain-Side 13.6M Trailer,S80 3FY,NP26 3TS,53.293393,-1.074008,51.57282,-2.85848,2023-11-24 15:00:00+00:00,2023-11-24 15:59:00+00:00,2023-11-25 11:00:00+00:00,2023-11-25 11:30:00+00:00,True
SEZHUK-231123-265789,CAUK000222,Tractor Unit,Curtain-Side 13.6M Trailer,L11 0JA,CV9 2SQ,53.462845,-2.896967,52.583936,-1.557171,2023-11-24 14:00:00+00:00,2023-11-24 14:01:00+00:00,2023-11-25 07:55:00+00:00,2023-11-25 08:25:00+00:00,False
SEZHUK-231123-265791,CAUK000766,Tractor Unit,Curtain-Side 13.6M Trailer,L11 0JA,CM2 5AS,53.462845,-2.896967,51.74837,0.518553,2023-11-24 16:30:00+00:00,2023-11-24 17:00:00+00:00,2023-11-25 09:55:00+00:00,2023-11-25 10:25:00+00:00,False
SEZHUK-231123-265797,CAUK000863,Tractor Unit,Curtain-Side 13.6M Trailer,NN9 5DB,ST4,52.322608,-0.622401,52.990933,-2.182771,2023-11-27 12:00:00+00:00,2023-11-27 12:30:00+00:00,2023-11-27 16:45:00+00:00,2023-11-27 17:00:00+00:00,False
SEZHUK-231123-265805,CAUK000155,Tractor Unit,Curtain-Side 13.6M Trailer,L11 0JA,ME11 5AR,53.462845,-2.896967,51.411125,0.752907,2023-11-24 10:00:00+00:00,2023-11-24 10:01:00+00:00,2023-11-27 07:55:00+00:00,2023-11-27 08:25:00+00:00,True
SEZHUK-231123-265814,CAUK000222,Tractor Unit,Curtain-Side 13.6M Trailer,NN9 5DB,MK17 8DB,52.322608,-0.622401,52.03393,-0.67711,2023-11-27 16:30:00+00:00,2023-11-27 17:00:00+00:00,2023-11-27 20:00:00+00:00,2023-11-27 20:15:00+00:00,False
SEZHUK-231123-265896,CAUK000034,Tractor Unit,Curtain-Side 13.6M Trailer,NP26 3RA,N18 3BB,51.585139,-2.844668,51.614268,-0.043613,2023-11-26 17:00:00+00:00,2023-11-26 17:30:00+00:00,2023-11-27 07:30:00+00:00,2023-11-27 08:00:00+00:00,False
SEZHUK-231123-265914,CAUK000096,Tractor Unit,Curtain-Side 13.6M Trailer,OL15 8QF,LE19 1WY,53.634051,-2.1142,52.601991,-1.190434,2023-11-24 10:00:00+00:00,2023-11-24 10:30:00+00:00,2023-11-24 16:30:00+00:00,2023-11-24 17:00:00+00:00,True
SEZHUK-231123-265916,CAUK000222,Tractor Unit,Curtain-Side 13.6M Trailer,SK16 4UG,ST4 4FA,53.467889,-2.096702,52.983393,-2.181287,2023-11-24 10:00:00+00:00,2023-11-24 10:30:00+00:00,2023-11-24 16:30:00+00:00,2023-11-24 17:00:00+00:00,True
SEZHUK-231123-265918,CAUK000222,Tractor Unit,Curtain-Side 13.6M Trailer,SK16 4UG,ST4 4FA,53.467889,-2.096702,52.983393,-2.181287,2023-11-24 10:00:00+00:00,2023-11-24 10:30:00+00:00,2023-11-24 16:30:00+00:00,2023-11-24 17:00:00+00:00,True
SEZHUK-231123-265919,CAUK000222,Tractor Unit,Curtain-Side 13.6M Trailer,M38 9PU,ST4 4FA,53.536194,-2.41058,52.983393,-2.181287,2023-11-24 10:00:00+00:00,2023-11-24 10:30:00+00:00,2023-11-24 16:30:00+00:00,2023-11-24 17:00:00+00:00,True
SEZHUK-231124-265947,CAUK000863,Tractor Unit,Curtain-Side 13.6M Trailer,DN3 3FG,SN3 4QL,53.537133,-1.037405,51.587294,-1.750017,2023-11-28 06:00:00+00:00,2023-11-28 18:00:00+00:00,2023-11-29 13:32:00+00:00,2023-11-29 14:00:00+00:00,True
SEZHUK-231124-265948,CAUK000863,Tractor Unit,Curtain-Side 13.6M Trailer,DN3 3FG,SN3 4QL,53.537133,-1.037405,51.587294,-1.750017,2023-11-28 06:00:00+00:00,2023-11-28 18:00:00+00:00,2023-11-29 06:32:00+00:00,2023-11-29 07:00:00+00:00,True
SEZHUK-231124-265955,CAUK000029,Tractor Unit,Curtain-Side 13.6M Trailer,DN8 5TE,B66 2EP,53.566639,-0.919839,52.5051,-1.958912,2023-11-24 06:00:00+00:00,2023-11-24 17:00:00+00:00,2023-11-27 07:00:00+00:00,2023-11-27 12:00:00+00:00,True
SEZHUK-231124-265966,CAUK000096,Tractor Unit,Curtain-Side 13.6M Trailer,PL7 5JY,DY9 7DP,50.38645,-4.020841,52.457769,-2.122196,2023-11-27 14:00:00+00:00,2023-11-27 14:30:00+00:00,2023-11-28 10:30:00+00:00,2023-11-28 11:00:00+00:00,False
SEZHUK-231124-265970,CAUK001022,3.5T Van,LWB Van,E1W 2DA,SL3 0BB,51.508022,-0.05711,51.470809,-0.514738,2023-12-06 19:05:00+00:00,2023-12-06 20:05:00+00:00,2023-12-06 21:05:00+00:00,2023-12-06 22:05:00+00:00,True
SEZHUK-231124-265978,CAUK001009,3.5T Van,LWB Van,NP10 9DQ,DE74 2TR,51.582459,-3.043825,52.829374,-1.332134,2023-12-09 08:30:00+00:00,2023-12-09 09:30:00+00:00,2023-12-09 12:30:00+00:00,2023-12-09 13:30:00+00:00,True
SEZHUK-231124-265979,CAUK001024,3.5T Van,LWB Van,CO4 9QJ,CM22 7FD,51.920887,0.927015,51.869555,0.216885,2023-12-06 18:15:00+00:00,2023-12-06 19:15:00+00:00,2023-12-06 20:15:00+00:00,2023-12-06 21:15:00+00:00,True
SEZHUK-231124-265981,CAUK001009,3.5T Van,LWB Van,SE14 5RW,DE74 2TR,51.507218,-0.127586,52.826322,-1.348973,2023-12-05 15:30:00+00:00,2023-12-05 16:30:00+00:00,2023-12-05 20:00:00+00:00,2023-12-05 21:00:00+00:00,True
SEZHUK-231124-265982,CAUK001009,3.5T Van,LWB Van,DE74 2TR,RG2 0RP,52.829374,-1.332134,51.432237,-0.984601,2023-12-07 04:00:00+00:00,2023-12-07 05:00:00+00:00,2023-12-07 07:45:00+00:00,2023-12-07 08:45:00+00:00,True
SEZHUK-231124-265984,CAUK001009,3.5T Van,LWB Van,DE74 2TR,NW10 7NZ,52.829374,-1.332134,51.537524,-0.27074,2023-12-08 04:45:00+00:00,2023-12-08 05:45:00+00:00,2023-12-08 08:15:00+00:00,2023-12-08 09:15:00+00:00,True
SEZHUK-231124-265985,CAUK001009,3.5T Van,LWB Van,CR0 4TD,DE74 2TR,51.383725,-0.138625,52.826322,-1.348973,2023-12-04 15:30:00+00:00,2023-12-04 16:30:00+00:00,2023-12-04 20:00:00+00:00,2023-12-04 21:00:00+00:00,True
SEZHUK-231124-265987,CAUK001022,3.5T Van,LWB Van,E1W 2DA,SL3 0BB,51.508022,-0.05711,51.470809,-0.514738,2023-12-04 19:05:00+00:00,2023-12-04 20:05:00+00:00,2023-12-04 21:05:00+00:00,2023-12-04 22:05:00+00:00,True
SEZHUK-231124-265991,CAUK001009,3.5T Van,LWB Van,NP10 9DQ,DE74 2TR,51.582459,-3.043825,52.829374,-1.332134,2023-12-04 17:50:00+00:00,2023-12-04 18:50:00+00:00,2023-12-04 21:30:00+00:00,2023-12-04 22:30:00+00:00,True
SEZHUK-231124-265997,CAUK001009,3.5T Van,LWB Van,SE14 5RW,DE74 2TR,51.507218,-0.127586,52.826322,-1.348973,2023-12-06 15:30:00+00:00,2023-12-06 16:30:00+00:00,2023-12-06 20:00:00+00:00,2023-12-06 21:00:00+00:00,True
SEZHUK-231124-265998,CAUK001009,3.5T Van,LWB Van,CA3 0EH,DE74 2TR,54.922111,-2.957338,52.829374,-1.332134,2023-12-08 16:45:00+00:00,2023-12-08 17:45:00+00:00,2023-12-08 21:10:00+00:00,2023-12-08 22:10:00+00:00,True
SEZHUK-231124-266002,CAUK001009,3.5T Van,LWB Van,BS32 0BF,DE74 2TR,51.54695,-2.551256,52.829374,-1.332134,2023-12-05 15:15:00+00:00,2023-12-05 16:15:00+00:00,2023-12-05 19:30:00+00:00,2023-12-05 20:30:00+00:00,True
SEZHUK-231124-266009,CAUK001009,3.5T Van,LWB Van,EN1 1TX,DE74 2TR,51.650981,-0.054718,52.826322,-1.348973,2023-12-07 16:15:00+00:00,2023-12-07 17:15:00+00:00,2023-12-07 20:00:00+00:00,2023-12-07 21:00:00+00:00,True
SEZHUK-231124-266010,CAUK001009,3.5T Van,LWB Van,CR0 4TD,DE74 2TR,51.383725,-0.138625,52.826322,-1.348973,2023-12-06 15:30:00+00:00,2023-12-06 16:30:00+00:00,2023-12-06 20:00:00+00:00,2023-12-06 21:00:00+00:00,True
SEZHUK-231124-266011,CAUK001009,3.5T Van,LWB Van,DE74 2TR,EN1 1TX,52.829374,-1.332134,51.650981,-0.054718,2023-12-06 04:45:00+00:00,2023-12-06 05:45:00+00:00,2023-12-06 08:15:00+00:00,2023-12-06 09:15:00+00:00,True
SEZHUK-231124-266015,CAUK001024,3.5T Van,LWB Van,CO4 9QJ,CM22 7FD,51.920887,0.927015,51.869555,0.216885,2023-12-04 18:15:00+00:00,2023-12-04 19:15:00+00:00,2023-12-04 20:15:00+00:00,2023-12-04 21:15:00+00:00,True
SEZHUK-231124-266026,CAUK001022,3.5T Van,LWB Van,E1W 2DA,SL3 0BB,51.508022,-0.05711,51.470809,-0.514738,2023-12-07 19:05:00+00:00,2023-12-07 20:05:00+00:00,2023-12-07 21:05:00+00:00,2023-12-07 22:05:00+00:00,True
SEZHUK-231124-266036,CAUK001022,3.5T Van,LWB Van,E1W 2DA,SL3 0BB,51.508022,-0.05711,51.470809,-0.514738,2023-12-08 19:05:00+00:00,2023-12-08 20:05:00+00:00,2023-12-08 21:05:00+00:00,2023-12-08 22:05:00+00:00,True
SEZHUK-231124-266037,CAUK001022,3.5T Van,LWB Van,E1W 2DA,SL3 0BB,51.508022,-0.05711,51.470809,-0.514738,2023-12-05 19:05:00+00:00,2023-12-05 20:05:00+00:00,2023-12-05 21:05:00+00:00,2023-12-05 22:05:00+00:00,False
SEZHUK-231124-266044,CAUK001009,3.5T Van,LWB Van,DE74 2TR,NW10 7NZ,52.829374,-1.332134,51.537524,-0.27074,2023-12-06 04:45:00+00:00,2023-12-06 05:45:00+00:00,2023-12-06 08:15:00+00:00,2023-12-06 09:15:00+00:00,True
SEZHUK-231124-266051,CAUK001009,3.5T Van,LWB Van,DE74 2TR,SL3 0BB,52.829374,-1.332134,51.470193,-0.51286,2023-12-04 03:00:00+00:00,2023-12-04 04:00:00+00:00,2023-12-04 06:30:00+00:00,2023-12-04 09:30:00+00:00,True
SEZHUK-231124-266057,CAUK001009,3.5T Van,LWB Van,WR4 0SZ,DE74 2TR,52.193636,-2.221575,52.829374,-1.332134,2023-12-07 17:00:00+00:00,2023-12-07 18:00:00+00:00,2023-12-07 19:30:00+00:00,2023-12-07 20:30:00+00:00,True
SEZHUK-231124-266062,CAUK001009,3.5T Van,LWB Van,DE74 2TR,EN1 1TX,52.829374,-1.332134,51.650981,-0.054718,2023-12-05 04:50:00+00:00,2023-12-05 05:50:00+00:00,2023-12-05 08:20:00+00:00,2023-12-05 09:20:00+00:00,True
SEZHUK-231124-266072,CAUK001009,3.5T Van,LWB Van,WR4 0SZ,DE74 2TR,52.193636,-2.221575,52.829374,-1.332134,2023-12-04 17:00:00+00:00,2023-12-04 18:00:00+00:00,2023-12-04 19:30:00+00:00,2023-12-04 20:30:00+00:00,True
SEZHUK-231124-266077,CAUK001009,3.5T Van,LWB Van,DE74 2TR,EN1 1TX,52.829374,-1.332134,51.650981,-0.054718,2023-12-07 04:45:00+00:00,2023-12-07 05:45:00+00:00,2023-12-07 08:15:00+00:00,2023-12-07 09:15:00+00:00,True
SEZHUK-231124-266083,CAUK001009,3.5T Van,LWB Van,BS32 0BF,DE74 2TR,51.54695,-2.551256,52.829374,-1.332134,2023-12-07 15:15:00+00:00,2023-12-07 16:15:00+00:00,2023-12-07 19:30:00+00:00,2023-12-07 20:30:00+00:00,True
SEZHUK-231124-266091,CAUK001009,3.5T Van,LWB Van,NE11 0JY,DE74 2TR,54.922706,-1.607332,52.829374,-1.332134,2023-12-06 17:25:00+00:00,2023-12-06 18:25:00+00:00,2023-12-06 21:10:00+00:00,2023-12-06 22:10:00+00:00,True
SEZHUK-231124-266092,CAUK001009,3.5T Van,LWB Van,DE74 2TR,RG2 0RP,52.829374,-1.332134,51.432237,-0.984601,2023-12-05 04:00:00+00:00,2023-12-05 05:00:00+00:00,2023-12-05 07:45:00+00:00,2023-12-05 08:45:00+00:00,True
SEZHUK-231124-266178,CAUK000155,Tractor Unit,Box,DA8 1DL,EH54 8QX,51.493182,0.167098,55.901847,-3.583873,2023-11-29 11:00:00+00:00,2023-11-29 11:30:00+00:00,2023-11-30 08:00:00+00:00,2023-11-30 08:30:00+00:00,True
SEZHUK-231124-266184,CAUK000250,Tractor Unit,Curtain-Side 13.6M Trailer,S80 3FY,MITCHELSTOWN,53.293393,-1.074008,52.276579,-8.258109,2023-11-27 00:00:00+00:00,2023-11-27 23:59:00+00:00,2023-11-29 10:25:00+00:00,2023-11-29 10:55:00+00:00,True
SEZHUK-231124-266205,CAUK000310,Tractor Unit,Tractor Only,ST16 3EF,CV8 3ED,52.806693,-2.12066,52.371658,-1.452326,2023-11-29 14:00:00+00:00,2023-11-29 15:00:00+00:00,2023-11-29 17:30:00+00:00,2023-11-29 18:30:00+00:00,True
SEZHUK-231124-266210,CAUK000250,Tractor Unit,Curtain-Side 13.6M Trailer,S80 3FY,MITCHELSTOWN,53.293393,-1.074008,52.276579,-8.258109,2023-11-28 06:00:00+00:00,2023-11-28 06:59:00+00:00,2023-11-30 10:25:00+00:00,2023-11-30 10:55:00+00:00,True
SEZHUK-231124-266218,CAUK000310,Tractor Unit,Box,PE12 6EW,CV8 3ED,52.78285,-0.124795,52.371658,-1.452326,2023-12-03 12:30:00+00:00,2023-12-03 13:30:00+00:00,2023-12-03 15:30:00+00:00,2023-12-03 16:30:00+00:00,False
SEZHUK-231124-266223,CAUK000310,Tractor Unit,Box,PE12 6EW,CV8 3ED,52.78285,-0.124795,52.371658,-1.452326,2023-11-27 18:30:00+00:00,2023-11-27 19:30:00+00:00,2023-11-27 21:30:00+00:00,2023-11-27 22:30:00+00:00,True
SEZHUK-231124-266224,CAUK000310,Tractor Unit,Box,PE12 6EW,CV8 3ED,52.78285,-0.124795,52.371658,-1.452326,2023-11-28 18:30:00+00:00,2023-11-28 19:30:00+00:00,2023-11-28 21:30:00+00:00,2023-11-28 22:30:00+00:00,True
SEZHUK-231124-266226,CAUK000310,Tractor Unit,Box,PE12 6EW,CV8 3ED,52.78285,-0.124795,52.371658,-1.452326,2023-11-30 18:30:00+00:00,2023-11-30 19:30:00+00:00,2023-11-30 21:30:00+00:00,2023-11-30 22:30:00+00:00,False
SEZHUK-231124-266240,CAUK000876,Tractor Unit,Curtain-Side 13.6M Trailer,LS24 9SD,BT26 6JJ,53.886427,-1.271051,54.474078,-6.104285,2023-11-27 10:00:00+00:00,2023-11-29 07:00:00+00:00,2023-11-29 07:30:00+00:00,2023-11-29 08:00:00+00:00,False
SEZHUK-231124-266271,CAUK000159,Tractor Unit,Curtain-Side 13.6M Trailer,PR5 0XD,TS25 2DH,53.761551,-2.616875,54.649306,-1.20099,2023-11-28 13:00:00+00:00,2023-11-28 14:00:00+00:00,2023-11-29 09:30:00+00:00,2023-11-29 10:00:00+00:00,True
SEZHUK-231124-266276,CAUK000863,Tractor Unit,Curtain-Side 13.6M Trailer,L11 0JA,CM2 5AS,53.462845,-2.896967,51.74837,0.518553,2023-11-27 10:00:00+00:00,2023-11-27 10:01:00+00:00,2023-11-28 09:55:00+00:00,2023-11-28 10:25:00+00:00,True
SEZHUK-231124-266290,CAUK000155,Tractor Unit,Curtain-Side 13.6M Trailer,LS10 1SL,DA14 5DF,53.771668,-1.514934,51.415995,0.118003,2023-11-27 00:00:00+00:00,2023-11-27 00:30:00+00:00,2023-11-27 08:00:00+00:00,2023-11-27 08:30:00+00:00,True
SEZHUK-231124-266362,CAUK000124,Tractor Unit,Curtain-Side 13.6M Trailer,NN6 7GX,LE67 1UA,52.358623,-1.166133,52.701119,-1.339519,2023-11-28 06:00:00+00:00,2023-11-28 15:00:00+00:00,2023-11-30 08:00:00+00:00,2023-11-30 08:00:00+00:00,False
SEZHUK-231124-266388,CAUK000435,Tractor Unit,Box 44ft,BD5 8LZ,EN3 7QP,53.763558,-1.739636,51.659325,-0.021793,2023-11-26 01:00:00+00:00,2023-11-26 01:30:00+00:00,2023-11-26 06:00:00+00:00,2023-11-26 08:00:01+00:00,False
SEZHUK-231124-266390,CAUK000766,Tractor Unit,Box 44ft,BD5 8LZ,RG19 4BQ,53.763558,-1.739636,51.398851,-1.231993,2023-11-25 21:20:00+00:00,2023-11-25 23:00:01+00:00,2023-11-26 06:00:00+00:00,2023-11-26 08:00:01+00:00,False
SEZHUK-231124-266415,CAUK000863,Tractor Unit,Curtain-Side 13.6M Trailer,OL16 4NZ,LE19 1WY,53.602351,-2.126989,52.601991,-1.190434,2023-11-27 10:00:00+00:00,2023-11-27 10:30:00+00:00,2023-11-27 16:30:00+00:00,2023-11-27 17:00:00+00:00,True
SEZHUK-231125-266432,CAUK000863,Tractor Unit,Curtain-Side 13.6M Trailer,PE29 2XR,NP16 6UD,52.315672,-0.157664,51.614678,-2.674519,2023-11-27 09:00:00+00:00,2023-11-27 09:00:00+00:00,2023-11-27 15:55:00+00:00,2023-11-27 16:25:00+00:00,True
SEZHUK-231125-266481,CAUK000766,Tractor Unit,Box 44ft,BD5 8LZ,HP2 7PZ,53.763558,-1.739636,51.771841,-0.439918,2023-11-26 22:19:00+00:00,2023-11-27 01:00:01+00:00,2023-11-27 05:51:00+00:00,2023-11-27 07:51:01+00:00,False
SEZHUK-231125-266483,CAUK001068,Tractor Unit,Box 44ft,BD5 8LZ,BS35 3UT,53.763558,-1.739636,51.602415,-2.522567,2023-11-26 00:20:00+00:00,2023-11-26 02:00:01+00:00,2023-11-26 07:15:00+00:00,2023-11-26 10:26:01+00:00,True
SEZHUK-231125-266493,CAUK001068,Tractor Unit,Box 44ft,BD5 8LZ,RG19 4BQ,53.763558,-1.739636,51.398851,-1.231993,2023-11-26 00:20:00+00:00,2023-11-26 02:00:01+00:00,2023-11-26 07:37:00+00:00,2023-11-26 09:37:01+00:00,False
SEZHUK-231126-266512,CAUK000770,Tractor Unit,Curtain-Side 13.6M Trailer,S80 3FY,SP4 7SQ,53.293393,-1.074008,51.177012,-1.757833,2023-11-26 23:00:00+00:00,2023-11-26 23:59:00+00:00,2023-11-27 05:55:00+00:00,2023-11-27 06:25:00+00:00,True
SEZHUK-231126-266537,CAUK001068,Tractor Unit,Box 44ft,BD5 8LZ,HP2 7PZ,53.763558,-1.739636,51.771841,-0.439918,2023-11-27 00:20:00+00:00,2023-11-27 02:00:01+00:00,2023-11-27 06:51:00+00:00,2023-11-27 09:46:01+00:00,False
SEZHUK-231126-266548,CAUK000863,Tractor Unit,Box 44ft,BD5 8LZ,HP2 7PZ,53.763558,-1.739636,51.771841,-0.439918,2023-11-30 01:20:00+00:00,2023-11-30 03:00:01+00:00,2023-11-30 07:51:00+00:00,2023-11-30 10:46:01+00:00,True
SEZHUK-231126-266552,CAUK000863,Tractor Unit,Box 44ft,BD5 8LZ,HP2 7PZ,53.763558,-1.739636,51.771841,-0.439918,2023-12-01 01:20:00+00:00,2023-12-01 03:00:01+00:00,2023-12-01 07:51:00+00:00,2023-12-01 10:46:01+00:00,True
SEZHUK-231126-266561,CAUK000766,Tractor Unit,Box 44ft,BD5 8LZ,HP2 7PZ,53.763558,-1.739636,51.771841,-0.439918,2023-12-01 22:19:00+00:00,2023-12-02 01:00:01+00:00,2023-12-02 05:51:00+00:00,2023-12-02 08:46:01+00:00,False
SEZHUK-231126-266562,CAUK000766,Tractor Unit,Box 44ft,BD5 8LZ,HP2 7PZ,53.763558,-1.739636,51.771841,-0.439918,2023-12-01 22:19:00+00:00,2023-12-02 01:00:01+00:00,2023-12-02 05:51:00+00:00,2023-12-02 08:46:01+00:00,False
SEZHUK-231126-266567,CAUK001068,Tractor Unit,Box 44ft,BD5 8LZ,HP2 7PZ,53.763558,-1.739636,51.771841,-0.439918,2023-11-28 00:20:00+00:00,2023-11-28 02:00:01+00:00,2023-11-28 06:51:00+00:00,2023-11-28 09:46:01+00:00,False
SEZHUK-231126-266568,CAUK001068,Tractor Unit,Box 44ft,BD5 8LZ,BS35 3UT,53.763558,-1.739636,51.602415,-2.522567,2023-11-29 00:20:00+00:00,2023-11-29 02:00:01+00:00,2023-11-29 07:15:00+00:00,2023-11-29 11:22:01+00:00,True
SEZHUK-231126-266569,CAUK000618,Tractor Unit,Box 44ft,BD5 8LZ,BS35 3UT,53.763558,-1.739636,51.602415,-2.522567,2023-11-29 01:20:00+00:00,2023-11-29 03:00:01+00:00,2023-11-29 08:15:00+00:00,2023-11-29 12:22:01+00:00,True
SEZHUK-231126-266574,CAUK001068,Tractor Unit,Box 44ft,BD5 8LZ,BS35 3UT,53.763558,-1.739636,51.602415,-2.522567,2023-12-01 00:20:00+00:00,2023-12-01 02:00:01+00:00,2023-12-01 07:15:00+00:00,2023-12-01 11:22:01+00:00,False
SEZHUK-231126-266575,CAUK000618,Tractor Unit,Box 44ft,BD5 8LZ,BS35 3UT,53.763558,-1.739636,51.602415,-2.522567,2023-11-30 01:20:00+00:00,2023-11-30 03:00:01+00:00,2023-11-30 08:15:00+00:00,2023-11-30 12:22:00+00:00,False
SEZHUK-231126-266577,CAUK000618,Tractor Unit,Box 44ft,BD5 8LZ,BS35 3UT,53.763558,-1.739636,51.602415,-2.522567,2023-12-01 01:20:00+00:00,2023-12-01 03:00:01+00:00,2023-12-01 08:15:00+00:00,2023-12-01 12:22:01+00:00,True
SEZHUK-231126-266580,CAUK001068,Tractor Unit,Box 44ft,BD5 8LZ,RG19 4BQ,53.763558,-1.739636,51.398851,-1.231993,2023-11-27 00:20:00+00:00,2023-11-27 02:00:01+00:00,2023-11-27 07:37:00+00:00,2023-11-27 10:33:01+00:00,True
SEZHUK-231126-266582,CAUK000766,Tractor Unit,Box 44ft,BD5 8LZ,RG19 4BQ,53.763558,-1.739636,51.398851,-1.231993,2023-11-27 21:20:00+00:00,2023-11-27 23:00:01+00:00,2023-11-28 06:00:00+00:00,2023-11-28 08:56:01+00:00,False
SEZHUK-231126-266592,CAUK001068,Tractor Unit,Box 44ft,BD5 8LZ,RG19 4BQ,53.763558,-1.739636,51.398851,-1.231993,2023-12-01 00:20:00+00:00,2023-12-01 02:00:01+00:00,2023-12-01 07:37:00+00:00,2023-12-01 10:33:01+00:00,True
SEZHUK-231126-266593,CAUK001068,Tractor Unit,Box 44ft,BD5 8LZ,RG19 4BQ,53.763558,-1.739636,51.398851,-1.231993,2023-11-29 00:20:00+00:00,2023-11-29 02:00:01+00:00,2023-11-29 07:37:00+00:00,2023-11-29 10:33:01+00:00,True
SEZHUK-231126-266598,CAUK000766,Tractor Unit,Box 44ft,BD5 8LZ,RG19 4BQ,53.763558,-1.739636,51.398851,-1.231993,2023-11-29 21:20:00+00:00,2023-11-29 23:00:01+00:00,2023-11-30 06:00:00+00:00,2023-11-30 08:56:01+00:00,False
SEZHUK-231126-266599,CAUK001068,Tractor Unit,Box 44ft,BD5 8LZ,RG19 4BQ,53.763558,-1.739636,51.398851,-1.231993,2023-11-30 00:20:00+00:00,2023-11-30 02:00:01+00:00,2023-11-30 07:37:00+00:00,2023-11-30 10:33:01+00:00,False
SEZHUK-231126-266600,CAUK000766,Tractor Unit,Box 44ft,BD5 8LZ,RG19 4BQ,53.763558,-1.739636,51.398851,-1.231993,2023-12-01 21:20:00+00:00,2023-12-01 23:00:01+00:00,2023-12-02 06:00:00+00:00,2023-12-02 08:56:01+00:00,False
SEZHUK-231126-266601,CAUK001068,Tractor Unit,Box 44ft,BD5 8LZ,RG19 4BQ,53.763558,-1.739636,51.398851,-1.231993,2023-12-02 00:20:00+00:00,2023-12-02 02:00:01+00:00,2023-12-02 07:37:00+00:00,2023-12-02 10:33:01+00:00,False
SEZHUK-231126-266604,CAUK000390,Tractor Unit,Box 44ft,BD5 8LZ,ME13 7TW,53.763558,-1.739636,51.328048,0.877608,2023-11-27 13:20:00+00:00,2023-11-27 15:00:01+00:00,2023-11-28 06:00:00+00:00,2023-11-28 09:41:01+00:00,True
SEZHUK-231126-266606,CAUK001068,Tractor Unit,Box 44ft,BD5 8LZ,RG19 4BQ,53.763558,-1.739636,51.398851,-1.231993,2023-11-30 00:20:00+00:00,2023-11-30 02:00:01+00:00,2023-11-30 07:37:00+00:00,2023-11-30 10:33:01+00:00,True
SEZHUK-231126-266610,CAUK000390,Tractor Unit,Box 44ft,BD5 8LZ,ME13 7TW,53.763558,-1.739636,51.328048,0.877608,2023-11-28 13:20:00+00:00,2023-11-28 15:00:01+00:00,2023-11-29 06:00:00+00:00,2023-11-29 09:41:01+00:00,True
SEZHUK-231126-266613,CAUK000390,Tractor Unit,Box 44ft,BD5 8LZ,ME13 7TW,53.763558,-1.739636,51.328048,0.877608,2023-11-29 13:20:00+00:00,2023-11-29 15:00:01+00:00,2023-11-30 06:00:00+00:00,2023-11-30 09:41:01+00:00,True
SEZHUK-231126-266619,CAUK000390,Tractor Unit,Box 44ft,BD5 8LZ,ME13 7TW,53.763558,-1.739636,51.328048,0.877608,2023-11-30 13:20:00+00:00,2023-11-30 15:00:01+00:00,2023-12-01 06:00:00+00:00,2023-12-01 09:41:01+00:00,True
SEZHUK-231126-266624,CAUK000689,Tractor Unit,Box 44ft,BD5 8LZ,BS35 3UT,53.763558,-1.739636,51.602415,-2.522567,2023-11-28 22:19:00+00:00,2023-11-29 01:00:01+00:00,2023-11-29 06:15:00+00:00,2023-11-29 10:22:01+00:00,False
SEZHUK-231126-266626,CAUK000766,Tractor Unit,Box 44ft,BD5 8LZ,ME13 7TW,53.763558,-1.739636,51.328048,0.877608,2023-12-01 22:19:00+00:00,2023-12-02 00:01:01+00:00,2023-12-02 06:00:00+00:00,2023-12-02 08:56:01+00:00,False
SEZHUK-231126-266640,CAUK000814,Tractor Unit,Box 44ft,BD5 8LZ,RG19 4BQ,53.763558,-1.739636,51.398851,-1.231993,2023-11-30 16:20:00+00:00,2023-11-30 18:00:01+00:00,2023-12-01 06:00:00+00:00,2023-12-01 08:56:01+00:00,True
SEZHUK-231126-266642,CAUK000435,Tractor Unit,Box 44ft,BD5 8LZ,EN3 7QP,53.763558,-1.739636,51.659325,-0.021793,2023-11-27 22:19:00+00:00,2023-11-28 01:00:01+00:00,2023-11-28 06:00:00+00:00,2023-11-28 08:55:01+00:00,False
SEZHUK-231126-266644,CAUK001068,Tractor Unit,Box 44ft,BD5 8LZ,BS35 3UT,53.763558,-1.739636,51.602415,-2.522567,2023-11-28 00:20:00+00:00,2023-11-28 02:00:01+00:00,2023-11-28 07:15:00+00:00,2023-11-28 11:22:01+00:00,False
SEZHUK-231126-266645,CAUK000435,Tractor Unit,Box 44ft,BD5 8LZ,EN3 7QP,53.763558,-1.739636,51.659325,-0.021793,2023-11-29 22:19:00+00:00,2023-11-30 01:00:01+00:00,2023-11-30 06:00:00+00:00,2023-11-30 08:55:01+00:00,True
SEZHUK-231126-266646,CAUK000435,Tractor Unit,Box 44ft,BD5 8LZ,EN3 7QP,53.763558,-1.739636,51.659325,-0.021793,2023-11-30 22:19:00+00:00,2023-12-01 01:00:01+00:00,2023-12-01 06:00:00+00:00,2023-12-01 08:55:01+00:00,False
SEZHUK-231126-266648,CAUK000435,Tractor Unit,Box 44ft,BD5 8LZ,EN3 7QP,53.763558,-1.739636,51.659325,-0.021793,2023-11-28 22:19:00+00:00,2023-11-29 01:00:01+00:00,2023-11-29 06:00:00+00:00,2023-11-29 08:00:01+00:00,False
SEZHUK-231126-266649,CAUK000435,Tractor Unit,Box 44ft,BD5 8LZ,EN3 7QP,53.763558,-1.739636,51.659325,-0.021793,2023-12-01 22:19:00+00:00,2023-12-02 01:00:01+00:00,2023-12-02 06:00:00+00:00,2023-12-02 08:00:01+00:00,False
SEZHUK-231127-266665,CAUK000689,Tractor Unit,Curtain-Side 13.6M Trailer,DG16 5HT,BA5 3HA,55.003467,-3.042858,51.223493,-2.570161,2023-11-28 06:00:00+00:00,2023-11-28 15:00:00+00:00,2023-11-29 08:00:00+00:00,2023-11-29 15:59:00+00:00,True
SEZHUK-231127-266681,CAUK000863,Tractor Unit,Curtain-Side 13.6M Trailer,HP22 5BL,NG7 2SD,51.779657,-0.772897,52.934662,-1.181471,2023-11-28 09:00:00+00:00,2023-11-28 09:30:00+00:00,2023-11-28 13:30:00+00:00,2023-11-28 14:00:00+00:00,True
SEZHUK-231127-266687,CAUK000222,Tractor Unit,Curtain-Side 13.6M Trailer,BS35 4GG,BS11 9BT,51.55257,-2.65344,51.511084,-2.703002,2023-11-28 09:00:00+00:00,2023-11-28 09:30:00+00:00,2023-11-28 13:30:00+00:00,2023-11-28 14:00:00+00:00,True
SEZHUK-231127-266694,CAUK000155,Tractor Unit,Box,BD12 7ER,RG19 4BQ,53.753295,-1.722689,51.398689,-1.232386,2023-11-27 19:00:00+00:00,2023-11-27 19:30:00+00:00,2023-11-28 02:00:00+00:00,2023-11-28 02:30:00+00:00,True
SEZHUK-231127-266696,CAUK000155,Tractor Unit,Box,BD12 7ER,RG19 4BQ,53.753295,-1.722689,51.398689,-1.232386,2023-11-28 19:00:00+00:00,2023-11-28 19:30:00+00:00,2023-11-29 02:00:00+00:00,2023-11-29 02:30:00+00:00,True
SEZHUK-231127-266697,CAUK000155,Tractor Unit,Box,BD12 7ER,RG19 4BQ,53.753295,-1.722689,51.398689,-1.232386,2023-11-29 19:00:00+00:00,2023-11-29 19:30:00+00:00,2023-11-30 02:00:00+00:00,2023-11-30 02:30:00+00:00,True
SEZHUK-231127-266698,CAUK000155,Tractor Unit,Box,BD12 7ER,RG19 4BQ,53.753295,-1.722689,51.398689,-1.232386,2023-11-30 19:00:00+00:00,2023-11-30 19:30:00+00:00,2023-12-01 02:00:00+00:00,2023-12-01 02:30:00+00:00,True
SEZHUK-231127-266699,CAUK000155,Tractor Unit,Box,BD12 7ER,RG19 4BQ,53.753295,-1.722689,51.398689,-1.232386,2023-12-01 19:00:00+00:00,2023-12-01 19:30:00+00:00,2023-12-02 02:00:00+00:00,2023-12-02 02:30:00+00:00,True
SEZHUK-231127-266709,CAUK000490,Tractor Unit,Box,BD12 7ER,CW1 6FB,53.753295,-1.722689,53.087056,-2.416485,2023-11-28 16:00:00+00:00,2023-11-28 16:30:00+00:00,2023-11-29 19:00:00+00:00,2023-11-29 19:30:00+00:00,True
SEZHUK-231127-266710,CAUK000096,Tractor Unit,Curtain-Side 13.6M Trailer,SS17 9DY,NW10 6QY,51.510091,0.459598,51.52668,-0.235678,2023-11-28 09:00:00+00:00,2023-11-28 09:30:00+00:00,2023-11-28 13:30:00+00:00,2023-11-28 14:00:00+00:00,True
SEZHUK-231127-266712,CAUK000490,Tractor Unit,Box,BD12 7ER,CW1 6FB,53.753295,-1.722689,53.087056,-2.416485,2023-11-30 16:00:00+00:00,2023-11-30 16:30:00+00:00,2023-12-01 19:00:00+00:00,2023-12-01 19:30:00+00:00,True
SEZHUK-231127-266713,CAUK000490,Tractor Unit,Box,BD12 7ER,CW1 6FB,53.753295,-1.722689,53.087056,-2.416485,2023-12-01 16:00:00+00:00,2023-12-01 16:30:00+00:00,2023-12-02 19:00:00+00:00,2023-12-02 19:30:00+00:00,True
SEZHUK-231127-266724,CAUK000034,Tractor Unit,Curtain-Side 13.6M Trailer,SK13 2NU,LE19 1WY,53.483205,-1.924197,52.601991,-1.190434,2023-11-27 12:00:00+00:00,2023-11-27 12:30:00+00:00,2023-11-27 16:30:00+00:00,2023-11-27 17:00:00+00:00,False
SEZHUK-231127-266725,CAUK000250,Tractor Unit,Curtain-Side 13.6M Trailer,S80 3FY,IRELAND,53.293393,-1.074008,53.215555,-6.675042,2023-11-30 06:00:00+00:00,2023-11-30 06:59:00+00:00,2023-12-02 07:55:00+00:00,2023-12-02 08:25:00+00:00,True
SEZHUK-231127-266779,CAUK000155,Tractor Unit,Box,DA8 1DL,EH54 8QX,51.493182,0.167098,55.901847,-3.583873,2023-11-29 11:00:00+00:00,2023-11-29 11:30:00+00:00,2023-11-30 08:00:00+00:00,2023-11-30 08:30:00+00:00,True
SEZHUK-231127-266793,CAUK000689,Tractor Unit,Curtain-Side 13.6M Trailer,S80 3FY,NP16 6UD,53.293393,-1.074008,51.614678,-2.674519,2023-11-28 11:00:00+00:00,2023-11-28 11:59:00+00:00,2023-11-29 00:55:00+00:00,2023-11-29 01:25:00+00:00,True
SEZHUK-231127-266797,CAUK001068,Tractor Unit,Box,BD12 7ER,BS35 3UT,53.753295,-1.722689,51.602493,-2.52138,2023-12-22 22:00:00+00:00,2023-12-22 22:30:00+00:00,2023-12-23 04:00:00+00:00,2023-12-23 04:30:00+00:00,True
SEZHUK-231127-266799,CAUK001068,Tractor Unit,Box,BD12 7ER,BS35 3UT,53.753295,-1.722689,51.602493,-2.52138,2023-12-23 22:00:00+00:00,2023-12-23 22:30:00+00:00,2023-12-24 04:00:00+00:00,2023-12-24 04:30:00+00:00,True
SEZHUK-231127-266800,CAUK001068,Tractor Unit,Box,BD12 7ER,BS35 3UT,53.753295,-1.722689,51.602493,-2.52138,2023-12-30 22:00:00+00:00,2023-12-30 22:30:00+00:00,2023-12-31 04:00:00+00:00,2023-12-31 04:30:00+00:00,False
SEZHUK-231127-266801,CAUK000490,Tractor Unit,Box,BD12 7ER,CW1 6FB,53.753295,-1.722689,53.087056,-2.416485,2023-12-09 11:00:00+00:00,2023-12-09 11:30:00+00:00,2023-12-09 19:00:00+00:00,2023-12-09 19:30:00+00:00,True
SEZHUK-231127-266803,CAUK000490,Tractor Unit,Box,BD12 7ER,CW1 6FB,53.753295,-1.722689,53.087056,-2.416485,2023-12-23 11:00:00+00:00,2023-12-23 11:30:00+00:00,2023-12-23 19:00:00+00:00,2023-12-23 19:30:00+00:00,True
SEZHUK-231127-266807,CAUK000155,Tractor Unit,Box,BD12 7ER,RG19 4BQ,53.753295,-1.722689,51.398689,-1.232386,2023-12-23 19:00:00+00:00,2023-12-23 19:30:00+00:00,2023-12-24 02:00:00+00:00,2023-12-24 02:30:00+00:00,True
SEZHUK-231127-266808,CAUK000155,Tractor Unit,Box,BD12 7ER,RG19 4BQ,53.753295,-1.722689,51.398689,-1.232386,2023-12-30 19:00:00+00:00,2023-12-30 19:30:00+00:00,2023-12-31 02:00:00+00:00,2023-12-31 02:30:00+00:00,True
SEZHUK-231127-266893,CAUK000155,Tractor Unit,Curtain-Side 13.6M Trailer,L11 0JA,DA17 6JY,53.462845,-2.896967,51.502211,0.154551,2023-11-29 08:00:00+00:00,2023-11-29 08:01:00+00:00,2023-11-29 15:55:00+00:00,2023-11-29 16:25:00+00:00,False
SEZHUK-231127-266894,CAUK000863,Tractor Unit,Curtain-Side 13.6M Trailer,WS10 7WL,LE67 1UA,52.543992,-2.030867,52.701119,-1.339519,2023-12-01 09:00:00+00:00,2023-12-01 09:00:00+00:00,2023-12-01 12:00:00+00:00,2023-12-01 12:00:00+00:00,True
SEZHUK-231127-266896,CAUK000124,Tractor Unit,Curtain-Side 13.6M Trailer,WS10 7WL,LE67 1UA,52.543992,-2.030867,52.701119,-1.339519,2023-12-20 10:00:00+00:00,2023-12-20 11:00:00+00:00,2023-12-21 10:00:00+00:00,2023-12-21 11:00:00+00:00,True
SEZHUK-231127-266920,CAUK000863,Tractor Unit,Curtain-Side 13.6M Trailer,DE14 2WT,CF3 2GJ,52.800481,-1.663328,51.50328,-3.109119,2023-11-28 13:00:00+00:00,2023-11-28 13:00:00+00:00,2023-11-29 05:35:00+00:00,2023-11-29 06:05:00+00:00,True
SEZHUK-231127-266970,CAUK000940,Tractor Unit,Box,S18 1PF,RG19 4BQ,53.304842,-1.482042,51.398689,-1.232386,2023-12-07 13:00:00+00:00,2023-12-07 13:30:00+00:00,2023-12-07 17:00:00+00:00,2023-12-07 17:30:00+00:00,True
SEZHUK-231127-266971,CAUK000940,Tractor Unit,Box,S18 1PF,HP2 7PZ,53.304842,-1.482042,51.769105,-0.432735,2023-12-08 09:00:00+00:00,2023-12-08 09:30:00+00:00,2023-12-08 15:30:00+00:00,2023-12-08 16:00:00+00:00,True
SEZHUK-231127-266973,CAUK000940,Tractor Unit,Box,S18 1PF,RG19 4BQ,53.304842,-1.482042,51.398689,-1.232386,2023-12-06 13:00:00+00:00,2023-12-06 13:30:00+00:00,2023-12-06 17:00:00+00:00,2023-12-06 17:30:00+00:00,False
SEZHUK-231127-266974,CAUK000940,Tractor Unit,Box,S18 1PF,RG19 4BQ,53.304842,-1.482042,51.398689,-1.232386,2023-12-08 13:00:00+00:00,2023-12-08 13:30:00+00:00,2023-12-08 17:00:00+00:00,2023-12-08 17:30:00+00:00,False
SEZHUK-231127-266975,CAUK000940,Tractor Unit,Box,S18 1PF,HP2 7PZ,53.304842,-1.482042,51.769105,-0.432735,2023-12-07 09:00:00+00:00,2023-12-07 09:30:00+00:00,2023-12-07 15:30:00+00:00,2023-12-07 16:00:00+00:00,True
SEZHUK-231127-266977,CAUK000940,Tractor Unit,Box,S18 1PF,HP2 7PZ,53.304842,-1.482042,51.769105,-0.432735,2023-12-06 09:00:00+00:00,2023-12-06 09:30:00+00:00,2023-12-06 15:30:00+00:00,2023-12-06 16:00:00+00:00,True
SEZHUK-231127-266983,CAUK000034,Tractor Unit,Curtain-Side 13.6M Trailer,OL15 8QF,LE19 1WY,53.634051,-2.1142,52.601991,-1.190434,2023-11-28 10:00:00+00:00,2023-11-28 10:30:00+00:00,2023-11-28 16:30:00+00:00,2023-11-28 17:00:00+00:00,True
SEZHUK-231128-266994,CAUK000689,Tractor Unit,Curtain-Side 13.6M Trailer,DN3 3FG,TQ12 6GN,53.537133,-1.037405,50.55996,-3.669927,2023-11-30 06:00:00+00:00,2023-11-30 18:00:00+00:00,2023-12-01 06:02:00+00:00,2023-12-01 06:30:00+00:00,True
SEZHUK-231128-267014,CAUK000689,Tractor Unit,Curtain-Side 13.6M Trailer,DN8 5TE,CF15 7UN,53.566639,-0.919839,51.568344,-3.252966,2023-11-29 06:00:00+00:00,2023-11-29 16:00:00+00:00,2023-11-30 11:31:00+00:00,2023-11-30 11:59:00+00:00,True
SEZHUK-231128-267015,CAUK000224,Tractor Unit,Curtain-Side 13.6M Trailer,DN3 3FG,IP6 0JW,53.537133,-1.037405,52.106487,1.098275,2023-11-30 06:00:00+00:00,2023-11-30 18:00:00+00:00,2023-12-01 07:02:00+00:00,2023-12-01 07:30:00+00:00,True
SEZHUK-231128-267020,CAUK000116,Tractor Unit,Curtain-Side 13.6M Trailer,DN11 9HE,BA7 7EU,53.437296,-1.068189,51.089956,-2.527181,2023-11-29 23:59:33+00:00,2023-11-30 00:58:33+00:00,2023-11-30 06:25:00+00:00,2023-11-30 06:55:00+00:00,False
SEZHUK-231128-267027,CAUK000863,Tractor Unit,Curtain-Side 13.6M Trailer,HP22 5BL,NG7 2SD,51.779657,-0.772897,52.934662,-1.181471,2023-11-29 09:00:00+00:00,2023-11-29 09:30:00+00:00,2023-11-29 13:30:00+00:00,2023-11-29 14:00:00+00:00,False
SEZHUK-231128-267034,CAUK000222,Tractor Unit,Curtain-Side 13.6M Trailer,L11 0JA,WS11 8JH,53.462845,-2.896967,52.67816,-2.003448,2023-11-29 13:00:00+00:00,2023-11-29 13:01:00+00:00,2023-11-30 05:55:00+00:00,2023-11-30 06:25:00+00:00,True
SEZHUK-231128-267035,CAUK000863,Tractor Unit,Curtain-Side 13.6M Trailer,CF37 5TF,DY9 7DP,51.572559,-3.291144,52.457769,-2.122196,2023-11-29 09:00:00+00:00,2023-11-29 09:30:00+00:00,2023-11-29 15:30:00+00:00,2023-11-29 16:00:00+00:00,True
SEZHUK-231128-267041,CAUK000863,Tractor Unit,Curtain-Side 13.6M Trailer,HP22 5BL,LE67 1UA,51.779657,-0.772897,52.701119,-1.339519,2023-12-01 10:00:00+00:00,2023-12-01 10:00:00+00:00,2023-12-01 13:00:00+00:00,2023-12-01 13:00:00+00:00,False
SEZHUK-231128-267043,CAUK000116,Tractor Unit,Curtain-Side 13.6M Trailer,DE12 8AA,NP16 6UD,52.690284,-1.548894,51.614678,-2.674519,2023-11-30 09:00:00+00:00,2023-11-30 10:00:00+00:00,2023-11-30 15:30:00+00:00,2023-11-30 16:00:00+00:00,True
SEZHUK-231128-267053,CAUK000192,Tractor Unit,Curtain-Side 13.6M Trailer,PR5 0XD,S9 1XT,53.761551,-2.616875,53.401187,-1.405811,2023-11-30 09:00:00+00:00,2023-11-30 10:00:00+00:00,2023-12-01 11:00:00+00:00,2023-12-01 12:00:00+00:00,False
SEZHUK-231128-267054,CAUK000192,Tractor Unit,Curtain-Side 13.6M Trailer,PR5 0XD,S9 1XT,53.761551,-2.616875,53.401187,-1.405811,2023-11-30 00:00:00+00:00,2023-11-30 23:59:59+00:00,2023-12-01 09:30:00+00:00,2023-12-01 10:30:00+00:00,True
SEZHUK-231128-267069,CAUK000115,Tractor Unit,Curtain-Side 13.6M Trailer,LS10 1SL,OL7 0DB,53.771668,-1.514934,53.482047,-2.111141,2023-11-29 05:30:00+00:00,2023-11-29 06:00:00+00:00,2023-11-29 08:00:00+00:00,2023-11-29 08:30:00+00:00,True
SEZHUK-231128-267075,CAUK000250,Tractor Unit,Curtain-Side 13.6M Trailer,S80 3FY,CLONMEL,53.293393,-1.074008,52.363881,-7.69003,2023-11-29 06:00:00+00:00,2023-11-29 06:59:00+00:00,2023-12-01 10:25:00+00:00,2023-12-01 10:55:00+00:00,False
SEZHUK-231128-267076,CAUK000125,Tractor Unit,Curtain-Side 13.6M Trailer,PE29 2XR,FK3 8UZ,52.315672,-0.157664,56.013818,-3.740373,2023-11-29 14:00:00+00:00,2023-11-29 14:55:00+00:00,2023-11-30 07:55:00+00:00,2023-11-30 08:25:00+00:00,True
SEZHUK-231128-267081,CAUK000876,Tractor Unit,Curtain-Side 13.6M Trailer,DE14 1PT,BT26 6JJ,52.811918,-1.630808,54.474078,-6.104285,2023-11-29 10:00:00+00:00,2023-12-01 07:00:00+00:00,2023-12-01 07:30:00+00:00,2023-12-01 08:00:00+00:00,False
SEZHUK-231128-267092,CAUK000689,Tractor Unit,Curtain-Side 13.6M Trailer,DE14 2WT,SA6 8PJ,52.800481,-1.663328,51.665609,-3.912027,2023-11-29 14:01:00+00:00,2023-11-30 08:00:00+00:00,2023-11-30 08:30:00+00:00,2023-11-30 09:00:00+00:00,True
SEZHUK-231128-267101,CAUK000124,Tractor Unit,Curtain-Side 13.6M Trailer,SS17 9DY,LE67 1UA,51.510091,0.459598,52.701119,-1.339519,2023-12-04 09:00:00+00:00,2023-12-04 13:00:00+00:00,2023-12-05 08:00:00+00:00,2023-12-05 08:00:00+00:00,True
SEZHUK-231128-267105,CAUK000155,Tractor Unit,Curtain-Side 13.6M Trailer,LE19 1WY,WD17 2ER,52.601991,-1.190434,51.653803,-0.392928,2023-11-29 03:00:00+00:00,2023-11-29 03:30:00+00:00,2023-11-29 21:30:00+00:00,2023-11-29 22:00:00+00:00,True
SEZHUK-231128-267113,CAUK000116,Tractor Unit,Curtain-Side 13.6M Trailer,S80 3FY,SP4 7GQ,53.293393,-1.074008,51.17534,-1.753679,2023-11-30 10:00:00+00:00,2023-11-30 10:59:00+00:00,2023-11-30 17:55:00+00:00,2023-11-30 18:25:00+00:00,False
SEZHUK-231128-267137,CAUK000155,Tractor Unit,Curtain-Side 13.6M Trailer,L11 0JA,ME9 8SR,53.462845,-2.896967,51.36932,0.749586,2023-11-30 06:00:00+00:00,2023-11-30 06:01:00+00:00,2023-11-30 14:15:00+00:00,2023-11-30 14:45:00+00:00,True
SEZHUK-231128-267166,CAUK000155,Tractor Unit,Box,RM9 6RS,EH54 8QX,51.530739,0.138456,55.901847,-3.583873,2023-12-04 11:00:00+00:00,2023-12-04 11:30:00+00:00,2023-12-05 08:00:00+00:00,2023-12-05 08:30:00+00:00,True
SEZHUK-231128-267167,CAUK000863,Tractor Unit,Curtain-Side 13.6M Trailer,NG13 0EP,S43 3FG,52.958017,-0.793071,53.258602,-1.320728,2023-12-21 11:00:00+00:00,2023-12-21 13:00:00+00:00,2023-12-21 17:00:00+00:00,2023-12-21 19:00:00+00:00,True
SEZHUK-231128-267171,CAUK000863,Tractor Unit,Curtain-Side 13.6M Trailer,NG13 0EP,S43 3FG,52.958017,-0.793071,53.258602,-1.320728,2023-12-14 11:00:00+00:00,2023-12-14 13:00:00+00:00,2023-12-14 17:00:00+00:00,2023-12-14 19:00:00+00:00,True
SEZHUK-231128-267178,CAUK001047,Tractor Unit,Curtain-Side 13.6M Trailer,S80 3FY,NP26 3TS,53.293393,-1.074008,51.57282,-2.85848,2023-11-30 11:00:00+00:00,2023-11-30 12:00:00+00:00,2023-11-30 21:00:00+00:00,2023-11-30 21:30:00+00:00,True
SEZHUK-231128-267202,CAUK000096,Tractor Unit,Curtain-Side 13.6M Trailer,OL15 8QF,LE19 1WY,53.634051,-2.1142,52.601991,-1.190434,2023-11-29 10:00:00+00:00,2023-11-29 10:30:00+00:00,2023-11-29 16:30:00+00:00,2023-11-29 17:00:00+00:00,True
SEZHUK-231129-267232,CAUK000034,Tractor Unit,Curtain-Side 13.6M Trailer,DN8 5TE,PO15 5RB,53.566639,-0.919839,50.85627,-1.230176,2023-11-30 06:00:00+00:00,2023-11-30 18:00:00+00:00,2023-12-01 08:00:00+00:00,2023-12-01 15:59:00+00:00,True
SEZHUK-231129-267233,CAUK000116,Tractor Unit,Curtain-Side 13.6M Trailer,DN8 5TE,BH21 7DF,53.566639,-0.919839,50.828061,-1.959034,2023-11-30 06:00:00+00:00,2023-11-30 18:00:00+00:00,2023-12-01 08:00:00+00:00,2023-12-01 15:59:00+00:00,True
SEZHUK-231129-267235,CAUK001028,Tractor Unit,Curtain-Side 13.6M Trailer,DE14 2WT,DA11 9BU,52.800481,-1.663328,51.444403,0.343805,2023-11-30 14:01:00+00:00,2023-12-01 07:00:00+00:00,2023-12-01 07:30:00+00:00,2023-12-01 08:00:00+00:00,True
SEZHUK-231129-267366,CAUK000310,Tractor Unit,Tractor Only,ST16 3EF,CV8 3ED,52.806693,-2.12066,52.371658,-1.452326,2023-12-04 14:00:00+00:00,2023-12-04 15:00:00+00:00,2023-12-04 17:30:00+00:00,2023-12-04 18:30:00+00:00,True
SEZHUK-231129-267367,CAUK000310,Tractor Unit,Tractor Only,ST16 3EF,CV8 3ED,52.806693,-2.12066,52.371658,-1.452326,2023-12-05 14:00:00+00:00,2023-12-05 15:00:00+00:00,2023-12-05 17:30:00+00:00,2023-12-05 18:30:00+00:00,False
SEZHUK-231129-267379,CAUK000250,Tractor Unit,Curtain-Side 13.6M Trailer,S80 3FY,NEWBRIDGE,53.293393,-1.074008,53.177772,-6.79517,2023-11-30 06:00:00+00:00,2023-11-30 06:59:00+00:00,2023-12-05 06:55:00+00:00,2023-12-05 07:25:00+00:00,False
SEZHUK-231129-267382,CAUK000310,Tractor Unit,Tractor Only,PE12 6EW,CV8 3ED,52.78285,-0.124795,52.371658,-1.452326,2023-12-05 09:30:00+00:00,2023-12-05 10:30:00+00:00,2023-12-05 12:30:00+00:00,2023-12-05 13:30:00+00:00,True
SEZHUK-231129-267385,CAUK000310,Tractor Unit,Tractor Only,PE12 6EW,CV8 3ED,52.78285,-0.124795,52.371658,-1.452326,2023-12-08 09:30:00+00:00,2023-12-08 10:30:00+00:00,2023-12-08 12:30:00+00:00,2023-12-08 13:30:00+00:00,True
SEZHUK-231129-267387,CAUK000310,Tractor Unit,Tractor Only,PE12 6EW,CV8 3ED,52.78285,-0.124795,52.371658,-1.452326,2023-12-10 12:30:00+00:00,2023-12-10 13:30:00+00:00,2023-12-10 15:30:00+00:00,2023-12-10 16:30:00+00:00,True
SEZHUK-231129-267391,CAUK000310,Tractor Unit,Tractor Only,PE12 6EW,CV8 3ED,52.78285,-0.124795,52.371658,-1.452326,2023-12-04 18:30:00+00:00,2023-12-04 19:30:00+00:00,2023-12-04 21:30:00+00:00,2023-12-04 22:30:00+00:00,True
SEZHUK-231129-267393,CAUK000310,Tractor Unit,Tractor Only,PE12 6EW,CV8 3ED,52.78285,-0.124795,52.371658,-1.452326,2023-12-06 18:30:00+00:00,2023-12-06 19:30:00+00:00,2023-12-06 21:30:00+00:00,2023-12-06 22:30:00+00:00,True
SEZHUK-231129-267428,CAUK001047,Tractor Unit,Curtain-Side 13.6M Trailer,GL16 8JB,S80 3FY,51.785961,-2.619676,53.293393,-1.074008,2023-11-30 08:00:00+00:00,2023-11-30 08:30:00+00:00,2023-11-30 14:30:00+00:00,2023-11-30 15:00:00+00:00,False
SEZHUK-231129-267429,CAUK001047,Tractor Unit,Curtain-Side 13.6M Trailer,GL16 8JB,S80 3FY,51.785961,-2.619676,53.293393,-1.074008,2023-11-30 10:00:00+00:00,2023-11-30 10:30:00+00:00,2023-11-30 16:30:00+00:00,2023-11-30 17:00:00+00:00,True
SEZHUK-231129-267430,CAUK001047,Tractor Unit,Curtain-Side 13.6M Trailer,GL16 8JB,S80 3FY,51.785961,-2.619676,53.293393,-1.074008,2023-11-30 08:00:00+00:00,2023-11-30 08:30:00+00:00,2023-11-30 15:00:00+00:00,2023-11-30 15:30:00+00:00,True
SEZHUK-231129-267437,CAUK001022,3.5T Van,LWB Van,E1W 2DA,SL3 0BB,51.508022,-0.05711,51.470809,-0.514738,2023-12-15 19:05:00+00:00,2023-12-15 20:05:00+00:00,2023-12-15 21:05:00+00:00,2023-12-15 22:05:00+00:00,True
SEZHUK-231129-267441,CAUK001024,3.5T Van,LWB Van,CO4 9QJ,CM22 7FD,51.920887,0.927015,51.869555,0.216885,2023-12-13 18:15:00+00:00,2023-12-13 19:15:00+00:00,2023-12-13 20:15:00+00:00,2023-12-13 21:15:00+00:00,True
SEZHUK-231129-267444,CAUK001009,3.5T Van,LWB Van,SE14 5RW,DE74 2TR,51.507218,-0.127586,52.826322,-1.348973,2023-12-13 15:30:00+00:00,2023-12-13 16:30:00+00:00,2023-12-13 20:00:00+00:00,2023-12-13 21:00:00+00:00,True
SEZHUK-231129-267446,CAUK001009,3.5T Van,LWB Van,CR0 4TD,DE74 2TR,51.383725,-0.138625,52.826322,-1.348973,2023-12-14 15:30:00+00:00,2023-12-14 16:30:00+00:00,2023-12-14 20:00:00+00:00,2023-12-14 21:00:00+00:00,True
SEZHUK-231129-267447,CAUK001009,3.5T Van,LWB Van,DE74 2TR,NW10 7NZ,52.829374,-1.332134,51.537524,-0.27074,2023-12-15 04:45:00+00:00,2023-12-15 05:45:00+00:00,2023-12-15 08:15:00+00:00,2023-12-15 09:15:00+00:00,True
SEZHUK-231129-267452,CAUK001009,3.5T Van,LWB Van,DE74 2TR,EN1 1TX,52.829374,-1.332134,51.650981,-0.054718,2023-12-13 04:45:00+00:00,2023-12-13 05:45:00+00:00,2023-12-13 08:15:00+00:00,2023-12-13 09:15:00+00:00,True
SEZHUK-231129-267457,CAUK001009,3.5T Van,LWB Van,SE14 5RW,DE74 2TR,51.507218,-0.127586,52.826322,-1.348973,2023-12-12 15:30:00+00:00,2023-12-12 16:30:00+00:00,2023-12-12 20:00:00+00:00,2023-12-12 21:00:00+00:00,True
SEZHUK-231129-267458,CAUK001009,3.5T Van,LWB Van,CO4 9QJ,DE74 2TR,51.920887,0.927015,52.829374,-1.332134,2023-12-15 17:30:00+00:00,2023-12-15 18:30:00+00:00,2023-12-15 21:10:00+00:00,2023-12-15 22:10:00+00:00,True
SEZHUK-231129-267469,CAUK001009,3.5T Van,LWB Van,CA3 0EH,DE74 2TR,54.922111,-2.957338,52.829374,-1.332134,2023-12-14 16:45:00+00:00,2023-12-14 17:45:00+00:00,2023-12-14 21:10:00+00:00,2023-12-14 22:10:00+00:00,True
SEZHUK-231129-267470,CAUK001024,3.5T Van,LWB Van,CO4 9QJ,CM22 7FD,51.920887,0.927015,51.869555,0.216885,2023-12-15 18:15:00+00:00,2023-12-15 19:15:00+00:00,2023-12-15 20:15:00+00:00,2023-12-15 21:15:00+00:00,False
SEZHUK-231129-267471,CAUK000310,Tractor Unit,Curtain-Side 13.6M Trailer,NN4 9BA,OX11 7HJ,52.213462,-0.951036,51.619119,-1.256837,2023-12-01 07:00:00+00:00,2023-12-01 08:00:00+00:00,2023-12-01 10:30:00+00:00,2023-12-01 11:30:00+00:00,True
SEZHUK-231129-267472,CAUK001022,3.5T Van,LWB Van,E1W 2DA,SL3 0BB,51.508022,-0.05711,51.470809,-0.514738,2023-12-11 19:05:00+00:00,2023-12-11 20:05:00+00:00,2023-12-11 21:05:00+00:00,2023-12-11 22:05:00+00:00,True
SEZHUK-231129-267474,CAUK000310,Tractor Unit,Curtain-Side 13.6M Trailer,NN4 9BA,WF9 2RH,52.213462,-0.951036,53.601298,-1.266222,2023-12-01 05:00:00+00:00,2023-12-01 06:00:00+00:00,2023-12-01 10:30:00+00:00,2023-12-01 11:30:00+00:00,True
SEZHUK-231129-267487,CAUK001009,3.5T Van,LWB Van,NP10 9DQ,DE74 2TR,51.582459,-3.043825,52.829374,-1.332134,2023-12-16 08:30:00+00:00,2023-12-16 09:30:00+00:00,2023-12-16 12:30:00+00:00,2023-12-16 13:30:00+00:00,True
SEZHUK-231129-267491,CAUK001009,3.5T Van,LWB Van,BS32 0BF,DE74 2TR,51.54695,-2.551256,52.829374,-1.332134,2023-12-11 15:15:00+00:00,2023-12-11 16:15:00+00:00,2023-12-11 19:30:00+00:00,2023-12-11 20:30:00+00:00,True
SEZHUK-231129-267499,CAUK001009,3.5T Van,LWB Van,NP10 9DQ,DE74 2TR,51.582459,-3.043825,52.829374,-1.332134,2023-12-11 17:50:00+00:00,2023-12-11 18:50:00+00:00,2023-12-11 21:30:00+00:00,2023-12-11 22:30:00+00:00,True
SEZHUK-231129-267528,CAUK001009,3.5T Van,LWB Van,DE74 2TR,CO4 9QJ,52.829374,-1.332134,51.920887,0.927015,2023-12-15 04:50:00+00:00,2023-12-15 05:50:00+00:00,2023-12-15 08:50:00+00:00,2023-12-15 09:50:00+00:00,True
SEZHUK-231129-267533,CAUK001009,3.5T Van,LWB Van,NE11 0JY,DE74 2TR,54.922706,-1.607332,52.829374,-1.332134,2023-12-13 17:25:00+00:00,2023-12-13 18:25:00+00:00,2023-12-13 21:10:00+00:00,2023-12-13 22:10:00+00:00,True
SEZHUK-231129-267535,CAUK001009,3.5T Van,LWB Van,DE74 2TR,EN1 1TX,52.829374,-1.332134,51.650981,-0.054718,2023-12-12 04:50:00+00:00,2023-12-12 05:50:00+00:00,2023-12-12 08:20:00+00:00,2023-12-12 09:20:00+00:00,True
SEZHUK-231129-267546,CAUK001009,3.5T Van,LWB Van,DE74 2TR,NW10 7NZ,52.829374,-1.332134,51.537524,-0.27074,2023-12-14 04:45:00+00:00,2023-12-14 05:45:00+00:00,2023-12-14 08:15:00+00:00,2023-12-14 09:15:00+00:00,True
SEZHUK-231129-267557,CAUK001009,3.5T Van,LWB Van,BS32 0BF,DE74 2TR,51.54695,-2.551256,52.829374,-1.332134,2023-12-12 15:15:00+00:00,2023-12-12 16:15:00+00:00,2023-12-12 19:30:00+00:00,2023-12-12 20:30:00+00:00,True
SEZHUK-231129-267564,CAUK001009,3.5T Van,LWB Van,DE74 2TR,RG2 0RP,52.829374,-1.332134,51.432237,-0.984601,2023-12-14 04:00:00+00:00,2023-12-14 05:00:00+00:00,2023-12-14 07:45:00+00:00,2023-12-14 08:45:00+00:00,True
SEZHUK-231129-267567,CAUK001009,3.5T Van,LWB Van,NP10 9DQ,DE74 2TR,51.582459,-3.043825,52.829374,-1.332134,2023-12-14 17:50:00+00:00,2023-12-14 18:50:00+00:00,2023-12-14 21:30:00+00:00,2023-12-14 22:30:00+00:00,True
SEZHUK-231129-267594,CAUK000155,Tractor Unit,Box,DA8 1DL,EH54 8QX,51.493182,0.167098,55.901847,-3.583873,2023-12-04 11:00:00+00:00,2023-12-04 11:30:00+00:00,2023-12-05 08:00:00+00:00,2023-12-05 08:30:00+00:00,True
SEZHUK-231129-267623,CAUK000912,3.5T Van,Box,BD5 8LZ,LE3 8DX,53.766832,-1.740516,52.641456,-1.216005,2023-12-03 00:30:00+00:00,2023-12-03 01:00:00+00:00,2023-12-04 02:30:00+00:00,2023-12-04 03:00:00+00:00,True
SEZHUK-231129-267626,CAUK000912,3.5T Van,Box,BD5 8LZ,LE3 8DX,53.766832,-1.740516,52.641456,-1.216005,2023-12-08 00:30:00+00:00,2023-12-08 01:00:00+00:00,2023-12-09 02:30:00+00:00,2023-12-09 03:00:00+00:00,True
SEZHUK-231129-267627,CAUK000912,3.5T Van,Box,BD5 8LZ,LE3 8DX,53.766832,-1.740516,52.641456,-1.216005,2023-12-05 00:30:00+00:00,2023-12-05 01:00:00+00:00,2023-12-06 02:30:00+00:00,2023-12-06 03:00:00+00:00,True
SEZHUK-231129-267628,CAUK000912,3.5T Van,Box,BD5 8LZ,LE3 8DX,53.766832,-1.740516,52.641456,-1.216005,2023-12-07 00:30:00+00:00,2023-12-07 01:00:00+00:00,2023-12-08 02:30:00+00:00,2023-12-08 03:00:00+00:00,True
SEZHUK-231129-267629,CAUK000912,3.5T Van,Box,BD5 8LZ,LE3 8DX,53.766832,-1.740516,52.641456,-1.216005,2023-12-06 00:30:00+00:00,2023-12-06 01:00:00+00:00,2023-12-07 02:30:00+00:00,2023-12-07 03:00:00+00:00,True
SEZHUK-231129-267632,CAUK000912,3.5T Van,Box,BD5 8LZ,LE3 8DX,53.766832,-1.740516,52.641456,-1.216005,2023-12-04 00:30:00+00:00,2023-12-04 01:00:00+00:00,2023-12-05 02:30:00+00:00,2023-12-05 03:00:00+00:00,True
SEZHUK-231129-267658,CAUK000912,3.5T Van,Box,S35 2PW,LE3 8DX,53.476537,-1.471065,52.641456,-1.216005,2023-12-09 00:30:00+00:00,2023-12-09 01:00:00+00:00,2023-12-09 03:00:00+00:00,2023-12-09 03:30:00+00:00,True
SEZHUK-231129-267673,CAUK000912,3.5T Van,Box,S35 2PW,LS27 0FU,53.476537,-1.471065,53.734398,-1.604189,2023-12-06 03:15:00+00:00,2023-12-06 03:45:00+00:00,2023-12-06 05:00:00+00:00,2023-12-06 05:30:00+00:00,True
SEZHUK-231129-267684,CAUK000912,3.5T Van,Box,S35 2PW,LS27 0FU,53.476537,-1.471065,53.734398,-1.604189,2023-12-05 03:15:00+00:00,2023-12-05 03:45:00+00:00,2023-12-05 05:00:00+00:00,2023-12-05 05:30:00+00:00,True
SEZHUK-231129-267687,CAUK000912,3.5T Van,Box,S35 2PW,LE3 8DX,53.476537,-1.471065,52.641456,-1.216005,2023-12-05 00:30:00+00:00,2023-12-05 01:00:00+00:00,2023-12-05 03:00:00+00:00,2023-12-05 03:30:00+00:00,True
SEZHUK-231129-267720,CAUK000912,3.5T Van,Box,S35 2PW,LS27 0FU,53.476537,-1.471065,53.734398,-1.604189,2023-12-09 03:15:00+00:00,2023-12-09 03:45:00+00:00,2023-12-09 05:00:00+00:00,2023-12-09 05:30:00+00:00,True
SEZHUK-231129-267722,CAUK000912,3.5T Van,Box,S35 2PW,LE3 8DX,53.476537,-1.471065,52.641456,-1.216005,2023-12-10 00:30:00+00:00,2023-12-10 01:00:00+00:00,2023-12-10 03:00:00+00:00,2023-12-10 03:30:00+00:00,True
SEZHUK-231129-267729,CAUK000912,3.5T Van,Box,S35 2PW,LE3 8DX,53.476537,-1.471065,52.641456,-1.216005,2023-12-06 00:30:00+00:00,2023-12-06 01:00:00+00:00,2023-12-06 03:00:00+00:00,2023-12-06 03:30:00+00:00,True
SEZHUK-231129-267734,CAUK000912,3.5T Van,Box,S35 2PW,LS27 0FU,53.476537,-1.471065,53.734398,-1.604189,2023-12-10 03:15:00+00:00,2023-12-10 03:45:00+00:00,2023-12-10 05:00:00+00:00,2023-12-10 05:30:00+00:00,True
SEZHUK-231129-267776,CAUK000912,3.5T Van,Box,S35 2PW,LE3 8DX,53.476537,-1.471065,52.641456,-1.216005,2023-12-07 00:30:00+00:00,2023-12-07 01:00:00+00:00,2023-12-07 03:00:00+00:00,2023-12-07 03:30:00+00:00,True
SEZHUK-231129-267781,CAUK000912,3.5T Van,Box,S35 2PW,LE3 8DX,53.476537,-1.471065,52.641456,-1.216005,2023-12-08 00:30:00+00:00,2023-12-08 01:00:00+00:00,2023-12-08 03:00:00+00:00,2023-12-08 03:30:00+00:00,True
SEZHUK-231129-267789,CAUK000912,3.5T Van,Box,S35 2PW,LS27 0FU,53.476537,-1.471065,53.734398,-1.604189,2023-12-08 03:15:00+00:00,2023-12-08 03:45:00+00:00,2023-12-08 05:00:00+00:00,2023-12-08 05:30:00+00:00,True
SEZHUK-231129-267792,CAUK000912,3.5T Van,Box,S35 2PW,LS27 0FU,53.476537,-1.471065,53.734398,-1.604189,2023-12-07 03:15:00+00:00,2023-12-07 03:45:00+00:00,2023-12-07 05:00:00+00:00,2023-12-07 05:30:00+00:00,True
SEZHUK-231129-267837,CAUK000250,Tractor Unit,Curtain-Side 13.6M Trailer,S80 3FY,MULLINGAR,53.293393,-1.074008,53.525595,-7.321696,2023-11-30 06:00:00+00:00,2023-11-30 06:59:00+00:00,2023-12-05 19:25:00+00:00,2023-12-05 19:55:00+00:00,True
SEZHUK-231129-267875,CAUK000295,Tractor Unit,Curtain-Side 13.6M Trailer,L11 0JA,LE17 4XN,53.462845,-2.896967,52.460486,-1.249825,2023-11-30 16:00:00+00:00,2023-11-30 16:01:00+00:00,2023-12-01 04:55:00+00:00,2023-12-01 05:25:00+00:00,False
SEZHUK-231129-267891,CAUK000034,Tractor Unit,Curtain-Side 13.6M Trailer,SK16 4UG,LE19 1WY,53.467889,-2.096702,52.601991,-1.190434,2023-11-30 10:00:00+00:00,2023-11-30 10:30:00+00:00,2023-11-30 16:30:00+00:00,2023-11-30 17:00:00+00:00,False
SEZHUK-231130-267919,CAUK000222,Tractor Unit,Curtain-Side 13.6M Trailer,DE14 2WT,CF3 2GJ,52.800481,-1.663328,51.50328,-3.109119,2023-12-01 13:39:00+00:00,2023-12-04 09:00:00+00:00,2023-12-04 08:30:00+00:00,2023-12-04 09:00:00+00:00,True
SEZHUK-231130-267948,CAUK000222,Tractor Unit,Curtain-Side 13.6M Trailer,BS35 4GG,DY9 7DP,51.55257,-2.65344,52.457769,-2.122196,2023-12-01 09:00:00+00:00,2023-12-01 09:30:00+00:00,2023-12-01 14:30:00+00:00,2023-12-01 15:00:00+00:00,False
SEZHUK-231130-267952,CAUK000192,Tractor Unit,Curtain-Side 13.6M Trailer,DN8 5TE,CT10 2QS,53.566639,-0.919839,51.369042,1.403156,2023-12-01 06:00:00+00:00,2023-12-01 16:00:00+00:00,2023-12-04 08:00:00+00:00,2023-12-04 15:59:00+00:00,True
SEZHUK-231130-267953,CAUK000863,Tractor Unit,Curtain-Side 13.6M Trailer,DN8 5TE,RH18 5HW,53.566639,-0.919839,51.094387,0.032064,2023-12-01 06:00:00+00:00,2023-12-01 16:00:00+00:00,2023-12-04 08:00:00+00:00,2023-12-04 15:59:00+00:00,True
SEZHUK-231130-267954,CAUK000863,Tractor Unit,Curtain-Side 13.6M Trailer,DN8 5TE,EN2 9BQ,53.566639,-0.919839,51.677176,-0.095887,2023-12-01 06:00:00+00:00,2023-12-01 16:00:00+00:00,2023-12-04 11:31:00+00:00,2023-12-04 11:59:00+00:00,True
SEZHUK-231130-267955,CAUK000689,Tractor Unit,Curtain-Side 13.6M Trailer,L11 0JA,CF3 2GJ,53.462845,-2.896967,51.50328,-3.109119,2023-11-30 14:00:00+00:00,2023-11-30 14:01:00+00:00,2023-12-01 08:55:00+00:00,2023-12-01 09:25:00+00:00,True
SEZHUK-231130-267972,CAUK000096,Tractor Unit,Curtain-Side 13.6M Trailer,DE14 2WT,DA2 6QA,52.800481,-1.663328,51.452153,0.265912,2023-12-01 14:57:00+00:00,2023-12-04 06:00:00+00:00,2023-12-04 05:30:00+00:00,2023-12-04 06:00:00+00:00,True
SEZHUK-231130-267978,CAUK000096,Tractor Unit,Curtain-Side 13.6M Trailer,SS17 9DY,IG11 0DS,51.510091,0.459598,51.515717,0.100453,2023-12-04 09:00:00+00:00,2023-12-04 09:30:00+00:00,2023-12-04 13:30:00+00:00,2023-12-04 14:00:00+00:00,True
SEZHUK-231130-268013,CAUK001047,Tractor Unit,Curtain-Side 13.6M Trailer,S80 3FY,NP16 6UD,53.293393,-1.074008,51.614678,-2.674519,2023-11-30 13:00:00+00:00,2023-11-30 13:15:00+00:00,2023-11-30 21:00:00+00:00,2023-11-30 21:15:00+00:00,False
SEZHUK-231130-268029,CAUK000250,Tractor Unit,Curtain-Side 13.6M Trailer,S80 3FY,MITCHELSTOWN,53.293393,-1.074008,52.276579,-8.258109,2023-12-01 06:00:00+00:00,2023-12-01 06:59:00+00:00,2023-12-05 10:25:00+00:00,2023-12-05 10:55:00+00:00,False
SEZHUK-231130-268038,CAUK000876,Tractor Unit,Curtain-Side 13.6M Trailer,LS24 9SD,BT26 6JJ,53.886427,-1.271051,54.474078,-6.104285,2023-12-01 10:00:00+00:00,2023-12-05 07:00:00+00:00,2023-12-05 07:30:00+00:00,2023-12-05 08:00:00+00:00,True
SEZHUK-231130-268083,CAUK000490,Tractor Unit,Box,BD12 7ER,CW1 6FB,53.753295,-1.722689,53.087056,-2.416485,2023-12-04 16:00:00+00:00,2023-12-04 16:30:00+00:00,2023-12-05 19:00:00+00:00,2023-12-05 19:30:00+00:00,True
SEZHUK-231130-268087,CAUK000490,Tractor Unit,Box,BD12 7ER,CW1 6FB,53.753295,-1.722689,53.087056,-2.416485,2023-12-08 16:00:00+00:00,2023-12-08 16:30:00+00:00,2023-12-09 19:00:00+00:00,2023-12-09 19:30:00+00:00,True
SEZHUK-231130-268096,CAUK000689,Tractor Unit,Box,BD12 7ER,BS35 3UT,53.753295,-1.722689,51.602493,-2.52138,2023-12-07 15:30:00+00:00,2023-12-07 16:00:00+00:00,2023-12-07 21:30:00+00:00,2023-12-07 23:30:00+00:00,True
SEZHUK-231130-268103,CAUK000155,Tractor Unit,Box,BD12 7ER,RG19 4BQ,53.753295,-1.722689,51.398689,-1.232386,2023-12-04 19:00:00+00:00,2023-12-04 19:30:00+00:00,2023-12-05 02:00:00+00:00,2023-12-05 02:30:00+00:00,True
SEZHUK-231130-268104,CAUK000155,Tractor Unit,Box,BD12 7ER,RG19 4BQ,53.753295,-1.722689,51.398689,-1.232386,2023-12-05 19:00:00+00:00,2023-12-05 19:30:00+00:00,2023-12-06 02:00:00+00:00,2023-12-06 02:30:00+00:00,True
SEZHUK-231130-268105,CAUK000155,Tractor Unit,Box,BD12 7ER,RG19 4BQ,53.753295,-1.722689,51.398689,-1.232386,2023-12-06 19:00:00+00:00,2023-12-06 19:30:00+00:00,2023-12-07 02:00:00+00:00,2023-12-07 02:30:00+00:00,True
SEZHUK-231130-268106,CAUK000155,Tractor Unit,Box,BD12 7ER,RG19 4BQ,53.753295,-1.722689,51.398689,-1.232386,2023-12-07 19:00:00+00:00,2023-12-07 19:30:00+00:00,2023-12-08 02:00:00+00:00,2023-12-08 02:30:00+00:00,True
SEZHUK-231130-268107,CAUK000155,Tractor Unit,Box,BD12 7ER,RG19 4BQ,53.753295,-1.722689,51.398689,-1.232386,2023-12-08 19:00:00+00:00,2023-12-08 19:30:00+00:00,2023-12-09 02:00:00+00:00,2023-12-09 02:30:00+00:00,True
SEZHUK-231130-268114,CAUK000155,Tractor Unit,Curtain-Side 13.6M Trailer,L11 0JA,UB2 4SB,53.462845,-2.896967,51.507588,-0.360871,2023-12-01 16:00:00+00:00,2023-12-01 16:01:00+00:00,2023-12-04 11:55:00+00:00,2023-12-04 12:25:00+00:00,True
SEZHUK-231130-268117,CAUK000310,Tractor Unit,Curtain-Side 13.6M Trailer,DE14 2WT,NN8 6GR,52.800481,-1.663328,52.30156,-0.733166,2023-12-04 07:00:00+00:00,2023-12-04 07:30:00+00:00,2023-12-04 10:30:00+00:00,2023-12-04 11:00:00+00:00,True
SEZHUK-231130-268125,CAUK000863,Tractor Unit,Curtain-Side 13.6M Trailer,S80 3FY,UB6 0AA,53.293393,-1.074008,51.542359,-0.344091,2023-12-03 15:00:00+00:00,2023-12-03 15:59:00+00:00,2023-12-04 10:55:00+00:00,2023-12-04 11:25:00+00:00,True
SEZHUK-231130-268137,CAUK000310,Tractor Unit,Curtain-Side 13.6M Trailer,DE14 2WT,OX11 7HJ,52.800481,-1.663328,51.619119,-1.256837,2023-12-04 14:00:00+00:00,2023-12-04 15:00:00+00:00,2023-12-04 18:00:00+00:00,2023-12-04 19:00:00+00:00,True
SEZHUK-231130-268142,CAUK000863,Tractor Unit,Curtain-Side 13.6M Trailer,S80 3FY,RM19 1ND,53.293393,-1.074008,51.480755,0.261461,2023-12-01 18:00:00+00:00,2023-12-01 18:59:00+00:00,2023-12-02 11:30:00+00:00,2023-12-02 12:00:00+00:00,True
SEZHUK-231130-268153,CAUK000155,Tractor Unit,Curtain-Side 13.6M Trailer,L11 0JA,DA17 6JY,53.462845,-2.896967,51.502211,0.154551,2023-12-04 07:00:00+00:00,2023-12-04 07:01:00+00:00,2023-12-04 15:55:00+00:00,2023-12-04 16:25:00+00:00,True
SEZHUK-231130-268155,CAUK000222,Tractor Unit,Curtain-Side 13.6M Trailer,L11 0JA,LE17 4XH,53.462845,-2.896967,52.454783,-1.253028,2023-12-04 10:00:00+00:00,2023-12-04 10:01:00+00:00,2023-12-04 16:55:00+00:00,2023-12-04 17:25:00+00:00,False
SEZHUK-231130-268162,CAUK000115,Tractor Unit,Curtain-Side 13.6M Trailer,LS10 1SL,M17 1NH,53.771668,-1.514934,53.47475,-2.319686,2023-12-01 14:00:00+00:00,2023-12-01 14:30:00+00:00,2023-12-01 17:30:00+00:00,2023-12-01 18:00:00+00:00,True
SEZHUK-231130-268173,CAUK000781,Tractor Unit,Curtain-Side 13.6M Trailer,L11 0JA,CV9 2SQ,53.462845,-2.896967,52.583936,-1.557171,2023-12-04 08:00:00+00:00,2023-12-04 08:01:00+00:00,2023-12-04 14:55:00+00:00,2023-12-04 15:25:00+00:00,True
SEZHUK-231130-268182,CAUK000224,Tractor Unit,Curtain-Side 13.6M Trailer,S80 3FY,NN15 5YT,53.293393,-1.074008,52.370504,-0.684925,2023-12-04 04:00:00+00:00,2023-12-04 04:59:00+00:00,2023-12-04 08:15:00+00:00,2023-12-04 08:45:00+00:00,False
SEZHUK-231130-268183,CAUK000096,Tractor Unit,Curtain-Side 13.6M Trailer,LE67 1UA,CR0 4RR,52.701119,-1.339519,51.357974,-0.120485,2023-12-04 09:00:00+00:00,2023-12-04 10:00:00+00:00,2023-12-04 11:00:00+00:00,2023-12-04 16:00:00+00:00,True
SEZHUK-231130-268215,CAUK000096,Tractor Unit,Curtain-Side 13.6M Trailer,OL15 8QF,LE19 1WY,53.634051,-2.1142,52.601991,-1.190434,2023-12-01 10:00:00+00:00,2023-12-01 10:30:00+00:00,2023-12-01 16:30:00+00:00,2023-12-01 17:00:00+00:00,True
SEZHUK-231130-268220,CAUK000096,Tractor Unit,Curtain-Side 13.6M Trailer,BD4 6SG,ST4 4FA,53.759369,-1.739318,52.983393,-2.181287,2023-12-01 10:00:00+00:00,2023-12-01 10:30:00+00:00,2023-12-01 16:30:00+00:00,2023-12-01 17:00:00+00:00,False
SEZHUK-231130-268223,CAUK000096,Tractor Unit,Curtain-Side 13.6M Trailer,BB5 5YJ,ST4 4FA,53.789353,-2.342379,52.983393,-2.181287,2023-12-01 10:00:00+00:00,2023-12-01 10:30:00+00:00,2023-12-01 16:30:00+00:00,2023-12-01 17:00:00+00:00,True
SEZHUK-231201-268247,CAUK000770,Tractor Unit,Curtain-Side 13.6M Trailer,DN3 3FG,HP22 5EZ,53.537133,-1.037405,51.818102,-0.739456,2023-12-04 06:00:00+00:00,2023-12-04 18:00:00+00:00,2023-12-05 10:32:00+00:00,2023-12-05 11:00:00+00:00,True
SEZHUK-231201-268250,CAUK000192,Tractor Unit,Curtain-Side 13.6M Trailer,DN8 5TE,GU22 0NH,53.566639,-0.919839,51.297956,-0.572071,2023-12-04 06:00:00+00:00,2023-12-04 18:00:00+00:00,2023-12-05 08:00:00+00:00,2023-12-05 15:59:00+00:00,True
SEZHUK-231201-268251,CAUK000689,Tractor Unit,Curtain-Side 13.6M Trailer,DN8 5TE,BS32 4BP,53.566639,-0.919839,51.550399,-2.578971,2023-12-04 06:00:00+00:00,2023-12-04 18:00:00+00:00,2023-12-05 11:31:00+00:00,2023-12-05 11:59:00+00:00,True
SEZHUK-231201-268711,CAUK001047,Tractor Unit,Curtain-Side 13.6M Trailer,GL16 8JB,S80 3FY,51.785961,-2.619676,53.293393,-1.074008,2023-12-04 06:00:00+00:00,2023-12-04 06:30:00+00:00,2023-12-04 12:30:00+00:00,2023-12-04 13:00:00+00:00,True
SEZHUK-231201-268712,CAUK001047,Tractor Unit,Curtain-Side 13.6M Trailer,GL16 8JB,S80 3FY,51.785961,-2.619676,53.293393,-1.074008,2023-12-04 06:30:00+00:00,2023-12-04 07:00:00+00:00,2023-12-04 13:00:00+00:00,2023-12-04 13:30:00+00:00,True
SEZHUK-231201-268714,CAUK001047,Tractor Unit,Curtain-Side 13.6M Trailer,GL16 8JB,S80 3FY,51.785961,-2.619676,53.293393,-1.074008,2023-12-04 18:00:00+00:00,2023-12-04 18:30:00+00:00,2023-12-05 00:30:00+00:00,2023-12-05 01:00:00+00:00,True
SEZHUK-231201-268715,CAUK001047,Tractor Unit,Curtain-Side 13.6M Trailer,GL16 8JB,S80 3FY,51.785961,-2.619676,53.293393,-1.074008,2023-12-04 07:00:00+00:00,2023-12-04 07:30:00+00:00,2023-12-04 13:30:00+00:00,2023-12-04 14:00:00+00:00,True
SEZHUK-231201-268717,CAUK001047,Tractor Unit,Curtain-Side 13.6M Trailer,GL16 8JB,S80 3FY,51.785961,-2.619676,53.293393,-1.074008,2023-12-04 17:00:00+00:00,2023-12-04 17:30:00+00:00,2023-12-04 23:31:00+00:00,2023-12-05 00:01:00+00:00,True
SEZHUK-231201-268719,CAUK001047,Tractor Unit,Curtain-Side 13.6M Trailer,GL16 8JB,S80 3FY,51.785961,-2.619676,53.293393,-1.074008,2023-12-04 19:00:00+00:00,2023-12-04 19:30:00+00:00,2023-12-05 01:30:00+00:00,2023-12-05 02:00:00+00:00,True
SEZHUK-231201-268720,CAUK001047,Tractor Unit,Curtain-Side 13.6M Trailer,GL16 8JB,S80 3FY,51.785961,-2.619676,53.293393,-1.074008,2023-12-04 20:00:00+00:00,2023-12-04 20:30:00+00:00,2023-12-05 02:30:00+00:00,2023-12-05 03:00:00+00:00,True
SEZHUK-231201-268722,CAUK001047,Tractor Unit,Curtain-Side 13.6M Trailer,GL16 8JB,S80 3FY,51.785961,-2.619676,53.293393,-1.074008,2023-12-04 21:00:00+00:00,2023-12-04 21:30:00+00:00,2023-12-05 03:30:00+00:00,2023-12-05 04:00:00+00:00,False
SEZHUK-231201-268723,CAUK001047,Tractor Unit,Curtain-Side 13.6M Trailer,GL16 8JB,S80 3FY,51.785961,-2.619676,53.293393,-1.074008,2023-12-04 22:00:00+00:00,2023-12-04 22:30:00+00:00,2023-12-05 04:30:00+00:00,2023-12-05 05:00:00+00:00,False
SEZHUK-231201-268733,CAUK000224,Tractor Unit,Curtain-Side 13.6M Trailer,DN11 9HE,NN6 7TZ,53.437296,-1.068189,52.35193,-1.144734,2023-12-04 15:00:00+00:00,2023-12-04 15:59:00+00:00,2023-12-05 09:55:00+00:00,2023-12-05 10:25:00+00:00,True
SEZHUK-231201-268745,CAUK000876,Tractor Unit,Curtain-Side 13.6M Trailer,DE14 2WT,BT26 6JJ,52.800481,-1.663328,54.474078,-6.104285,2023-12-04 10:00:00+00:00,2023-12-06 07:00:00+00:00,2023-12-06 07:30:00+00:00,2023-12-06 08:00:00+00:00,True
SEZHUK-231201-268764,CAUK000155,Tractor Unit,Curtain-Side 13.6M Trailer,L11 0JA,DA17 6JY,53.462845,-2.896967,51.502211,0.154551,2023-12-05 07:00:00+00:00,2023-12-05 07:01:00+00:00,2023-12-05 15:55:00+00:00,2023-12-05 16:25:00+00:00,True
SEZHUK-231201-268768,CAUK000155,Tractor Unit,Curtain-Side 13.6M Trailer,L11 0JA,ME11 5AR,53.462845,-2.896967,51.411125,0.752907,2023-12-04 13:00:00+00:00,2023-12-04 13:01:00+00:00,2023-12-05 10:55:00+00:00,2023-12-05 11:25:00+00:00,True
SEZHUK-231201-268921,CAUK000155,Tractor Unit,Box,RM9 6RS,EH54 8QX,51.530739,0.138456,55.901847,-3.583873,2023-12-07 11:00:00+00:00,2023-12-07 11:30:00+00:00,2023-12-08 09:00:00+00:00,2023-12-08 09:30:00+00:00,True
SEZHUK-231201-268929,CAUK000124,Tractor Unit,Curtain-Side 13.6M Trailer,BS35 4GG,LE67 1UA,51.55257,-2.65344,52.701119,-1.339519,2023-12-06 10:00:00+00:00,2023-12-06 13:00:00+00:00,2023-12-07 13:00:00+00:00,2023-12-07 13:00:00+00:00,True
SEZHUK-231201-268975,CAUK000814,Tractor Unit,Box 44ft,BD5 8LZ,RG19 4BQ,53.763558,-1.739636,51.398851,-1.231993,2023-12-02 16:20:00+00:00,2023-12-02 18:00:01+00:00,2023-12-03 06:00:00+00:00,2023-12-03 08:00:01+00:00,True
SEZHUK-231201-268992,CAUK000222,Tractor Unit,Curtain-Side 13.6M Trailer,SK13 2NU,LE19 1WY,53.483205,-1.924197,52.601991,-1.190434,2023-12-04 10:00:00+00:00,2023-12-04 10:30:00+00:00,2023-12-04 16:30:00+00:00,2023-12-04 17:00:00+00:00,True
SEZHUK-231202-269027,CAUK000282,Tractor Unit,Tractor Only 6x2,DN3 3FQ,DN3 3FQ,53.534344,-1.035929,53.534344,-1.035929,2023-12-04 06:00:00+00:00,2023-12-04 07:00:00+00:00,2023-12-04 17:00:00+00:00,2023-12-04 18:00:00+00:00,True
SEZHUK-231202-269028,CAUK000282,Tractor Unit,Tractor Only 6x2,DN3 3FQ,DN3 3FQ,53.534344,-1.035929,53.534344,-1.035929,2023-12-04 06:00:00+00:00,2023-12-04 07:00:00+00:00,2023-12-04 17:00:00+00:00,2023-12-04 18:00:00+00:00,True
SEZHUK-231202-269070,CAUK001068,Tractor Unit,Box 44ft,BD5 8LZ,HP2 7PZ,53.763558,-1.739636,51.771841,-0.439918,2023-12-03 03:20:00+00:00,2023-12-03 05:00:01+00:00,2023-12-03 09:51:00+00:00,2023-12-03 11:51:01+00:00,True
SEZHUK-231202-269071,CAUK000863,Tractor Unit,Box 44ft,BD5 8LZ,HP2 7PZ,53.763558,-1.739636,51.771841,-0.439918,2023-12-03 04:20:00+00:00,2023-12-03 06:00:01+00:00,2023-12-03 10:51:00+00:00,2023-12-03 12:51:01+00:00,True
SEZHUK-231202-269076,CAUK000435,Tractor Unit,Box 44ft,BD5 8LZ,EN3 7QP,53.763558,-1.739636,51.659325,-0.021793,2023-12-03 01:20:00+00:00,2023-12-03 03:00:01+00:00,2023-12-03 07:03:00+00:00,2023-12-03 09:48:01+00:00,False
SEZHUK-231202-269078,CAUK001068,Tractor Unit,Box 44ft,BD5 8LZ,BS35 3UT,53.763558,-1.739636,51.602415,-2.522567,2023-12-03 03:20:00+00:00,2023-12-03 05:00:01+00:00,2023-12-03 10:15:00+00:00,2023-12-03 13:26:01+00:00,True
SEZHUK-231202-269082,CAUK001068,Tractor Unit,Box 44ft,BD5 8LZ,RG19 4BQ,53.763558,-1.739636,51.398851,-1.231993,2023-12-03 03:20:00+00:00,2023-12-03 05:00:01+00:00,2023-12-03 10:37:00+00:00,2023-12-03 12:37:01+00:00,True
SEZHUK-231203-269133,CAUK000390,Tractor Unit,Box 44ft,BD5 8LZ,HP2 7PZ,53.763558,-1.739636,51.771841,-0.439918,2023-12-08 16:20:00+00:00,2023-12-08 18:00:01+00:00,2023-12-09 05:00:00+00:00,2023-12-09 07:56:01+00:00,True
SEZHUK-231203-269137,CAUK001068,Tractor Unit,Box 44ft,BD5 8LZ,HP2 7PZ,53.763558,-1.739636,51.771841,-0.439918,2023-12-09 03:20:00+00:00,2023-12-09 05:00:01+00:00,2023-12-09 09:51:00+00:00,2023-12-09 12:46:01+00:00,True
SEZHUK-231203-269138,CAUK000766,Tractor Unit,Box 44ft,BD5 8LZ,HP2 7PZ,53.763558,-1.739636,51.771841,-0.439918,2023-12-09 01:20:00+00:00,2023-12-09 03:00:01+00:00,2023-12-09 07:51:00+00:00,2023-12-09 10:46:01+00:00,True
SEZHUK-231203-269141,CAUK000435,Tractor Unit,Box 44ft,BD5 8LZ,EN3 7QP,53.763558,-1.739636,51.659325,-0.021793,2023-12-04 01:20:00+00:00,2023-12-04 03:00:01+00:00,2023-12-04 07:03:00+00:00,2023-12-04 10:43:01+00:00,False
SEZHUK-231203-269142,CAUK000435,Tractor Unit,Box 44ft,BD5 8LZ,EN3 7QP,53.763558,-1.739636,51.659325,-0.021793,2023-12-06 01:20:00+00:00,2023-12-06 03:00:01+00:00,2023-12-06 07:03:00+00:00,2023-12-06 10:43:01+00:00,True
SEZHUK-231203-269143,CAUK000435,Tractor Unit,Box 44ft,BD5 8LZ,EN3 7QP,53.763558,-1.739636,51.659325,-0.021793,2023-12-07 01:20:00+00:00,2023-12-07 03:00:01+00:00,2023-12-07 07:03:00+00:00,2023-12-07 10:43:01+00:00,True
SEZHUK-231203-269145,CAUK000689,Tractor Unit,Box 44ft,BD5 8LZ,BS35 3UT,53.763558,-1.739636,51.602415,-2.522567,2023-12-04 01:20:00+00:00,2023-12-04 03:00:01+00:00,2023-12-04 08:15:00+00:00,2023-12-04 12:22:01+00:00,True
SEZHUK-231203-269146,CAUK000435,Tractor Unit,Box 44ft,BD5 8LZ,EN3 7QP,53.763558,-1.739636,51.659325,-0.021793,2023-12-09 01:20:00+00:00,2023-12-09 03:00:01+00:00,2023-12-09 07:03:00+00:00,2023-12-09 10:43:01+00:00,True
SEZHUK-231203-269150,CAUK001068,Tractor Unit,Box 44ft,BD5 8LZ,BS35 3UT,53.763558,-1.739636,51.602415,-2.522567,2023-12-05 03:20:00+00:00,2023-12-05 05:00:01+00:00,2023-12-05 10:15:00+00:00,2023-12-05 14:22:01+00:00,True
SEZHUK-231203-269151,CAUK000689,Tractor Unit,Box 44ft,BD5 8LZ,BS35 3UT,53.763558,-1.739636,51.602415,-2.522567,2023-12-06 01:20:00+00:00,2023-12-06 03:00:01+00:00,2023-12-06 08:15:00+00:00,2023-12-06 12:22:01+00:00,True
SEZHUK-231203-269152,CAUK000618,Tractor Unit,Box 44ft,BD5 8LZ,BS35 3UT,53.763558,-1.739636,51.602415,-2.522567,2023-12-06 03:20:00+00:00,2023-12-06 05:00:01+00:00,2023-12-06 10:15:00+00:00,2023-12-06 14:22:01+00:00,True
SEZHUK-231203-269154,CAUK000435,Tractor Unit,Box 44ft,BD5 8LZ,EN3 7QP,53.763558,-1.739636,51.659325,-0.021793,2023-12-08 01:20:00+00:00,2023-12-08 03:00:01+00:00,2023-12-08 07:03:00+00:00,2023-12-08 10:43:01+00:00,True
SEZHUK-231203-269155,CAUK000689,Tractor Unit,Box 44ft,BD5 8LZ,BS35 3UT,53.763558,-1.739636,51.602415,-2.522567,2023-12-07 01:20:00+00:00,2023-12-07 03:00:01+00:00,2023-12-07 08:15:00+00:00,2023-12-07 12:22:01+00:00,True
SEZHUK-231203-269156,CAUK000618,Tractor Unit,Box 44ft,BD5 8LZ,BS35 3UT,53.763558,-1.739636,51.602415,-2.522567,2023-12-07 03:20:00+00:00,2023-12-07 05:00:01+00:00,2023-12-07 10:15:00+00:00,2023-12-07 14:22:01+00:00,True
SEZHUK-231203-269174,CAUK000660,Tractor Unit,Box 44ft,BD5 8LZ,HP2 7PZ,53.763558,-1.739636,51.771841,-0.439918,2023-12-06 16:20:00+00:00,2023-12-06 18:00:01+00:00,2023-12-06 23:12:00+00:00,2023-12-07 02:07:01+00:00,False
SEZHUK-231203-269179,CAUK001068,Tractor Unit,Box 44ft,BD5 8LZ,RG19 4BQ,53.763558,-1.739636,51.398851,-1.231993,2023-12-07 03:20:00+00:00,2023-12-07 05:00:01+00:00,2023-12-07 10:37:00+00:00,2023-12-07 13:33:01+00:00,True
SEZHUK-231203-269182,CAUK000814,Tractor Unit,Box 44ft,BD5 8LZ,RG19 4BQ,53.763558,-1.739636,51.398851,-1.231993,2023-12-07 13:20:00+00:00,2023-12-07 15:00:01+00:00,2023-12-08 06:00:00+00:00,2023-12-08 09:41:01+00:00,True
SEZHUK-231203-269183,CAUK000766,Tractor Unit,Box 44ft,BD5 8LZ,RG19 4BQ,53.763558,-1.739636,51.398851,-1.231993,2023-12-07 22:19:00+00:00,2023-12-08 01:00:01+00:00,2023-12-08 06:37:00+00:00,2023-12-08 09:33:01+00:00,True
SEZHUK-231203-269185,CAUK001068,Tractor Unit,Box 44ft,BD5 8LZ,RG19 4BQ,53.763558,-1.739636,51.398851,-1.231993,2023-12-08 03:20:00+00:00,2023-12-08 05:00:01+00:00,2023-12-08 10:37:00+00:00,2023-12-08 13:33:01+00:00,True
SEZHUK-231203-269191,CAUK001068,Tractor Unit,Box 44ft,BD5 8LZ,RG19 4BQ,53.763558,-1.739636,51.398851,-1.231993,2023-12-09 03:20:00+00:00,2023-12-09 05:00:01+00:00,2023-12-09 10:37:00+00:00,2023-12-09 13:33:01+00:00,True
SEZHUK-231203-269201,CAUK001068,Tractor Unit,Box 44ft,BD5 8LZ,RG19 4BQ,53.763558,-1.739636,51.398851,-1.231993,2023-12-05 03:20:00+00:00,2023-12-05 05:00:01+00:00,2023-12-05 10:37:00+00:00,2023-12-05 13:33:01+00:00,True
SEZHUK-231203-269203,CAUK000766,Tractor Unit,Box 44ft,BD5 8LZ,RG19 4BQ,53.763558,-1.739636,51.398851,-1.231993,2023-12-05 22:19:00+00:00,2023-12-06 01:00:01+00:00,2023-12-06 06:37:00+00:00,2023-12-06 09:33:01+00:00,True
SEZHUK-231203-269206,CAUK001068,Tractor Unit,Box 44ft,BD5 8LZ,RG19 4BQ,53.763558,-1.739636,51.398851,-1.231993,2023-12-06 03:20:00+00:00,2023-12-06 05:00:01+00:00,2023-12-06 10:37:00+00:00,2023-12-06 13:33:01+00:00,True
SEZHUK-231203-269216,CAUK000390,Tractor Unit,Box 44ft,BD5 8LZ,ME13 7TW,53.763558,-1.739636,51.328048,0.877608,2023-12-05 15:20:00+00:00,2023-12-05 17:00:01+00:00,2023-12-06 06:00:00+00:00,2023-12-06 08:56:01+00:00,True
SEZHUK-231203-269224,CAUK000766,Tractor Unit,Box 44ft,BD5 8LZ,ME13 7TW,53.763558,-1.739636,51.328048,0.877608,2023-12-07 00:21:00+00:00,2023-12-07 02:01:01+00:00,2023-12-07 07:55:00+00:00,2023-12-07 10:51:01+00:00,True
SEZHUK-231203-269257,CAUK000435,Tractor Unit,Box 44ft,BD5 8LZ,EN3 7QP,53.763558,-1.739636,51.659325,-0.021793,2023-12-05 01:20:00+00:00,2023-12-05 03:00:01+00:00,2023-12-05 07:03:00+00:00,2023-12-05 10:43:01+00:00,True
SEZHUK-231203-269262,CAUK000660,Tractor Unit,Box 44ft,BD5 8LZ,HP2 7PZ,53.763558,-1.739636,51.771841,-0.439918,2023-12-06 16:20:00+00:00,2023-12-06 18:00:01+00:00,2023-12-07 05:00:00+00:00,2023-12-07 07:56:01+00:00,False
SEZHUK-231203-269279,CAUK000766,Tractor Unit,Box 44ft,BD5 8LZ,BS35 3UT,53.763558,-1.739636,51.602415,-2.522567,2023-12-07 02:20:00+00:00,2023-12-07 04:00:01+00:00,2023-12-07 09:15:00+00:00,2023-12-07 13:22:01+00:00,True
SEZHUK-231203-269282,CAUK000660,Tractor Unit,Box 44ft,BD5 8LZ,HP2 7PZ,53.763558,-1.739636,51.771841,-0.439918,2023-12-07 16:20:00+00:00,2023-12-07 18:00:01+00:00,2023-12-08 05:00:00+00:00,2023-12-08 07:56:01+00:00,False
SEZHUK-231203-269297,CAUK000689,Tractor Unit,Box 44ft,BD5 8LZ,BS35 3UT,53.763558,-1.739636,51.602415,-2.522567,2023-12-08 01:20:00+00:00,2023-12-08 03:00:01+00:00,2023-12-08 08:15:00+00:00,2023-12-08 12:22:01+00:00,False
SEZHUK-231203-269301,CAUK000390,Tractor Unit,Box 44ft,BD5 8LZ,HP2 7PZ,53.763558,-1.739636,51.771841,-0.439918,2023-12-08 16:20:00+00:00,2023-12-08 18:00:01+00:00,2023-12-09 05:00:00+00:00,2023-12-09 07:56:01+00:00,True
SEZHUK-231203-269309,CAUK001068,Tractor Unit,Box 44ft,BD5 8LZ,RG19 4BQ,53.763558,-1.739636,51.398851,-1.231993,2023-12-04 03:20:00+00:00,2023-12-04 05:00:01+00:00,2023-12-04 10:37:00+00:00,2023-12-04 13:33:01+00:00,False
SEZHUK-231203-269328,CAUK000390,Tractor Unit,Box 44ft,BD5 8LZ,ME13 7TW,53.763558,-1.739636,51.328048,0.877608,2023-12-04 15:20:00+00:00,2023-12-04 17:00:01+00:00,2023-12-05 06:00:00+00:00,2023-12-05 08:56:01+00:00,True
SEZHUK-231203-269336,CAUK000766,Tractor Unit,Box 44ft,BD5 8LZ,ME13 7TW,53.763558,-1.739636,51.328048,0.877608,2023-12-05 00:21:00+00:00,2023-12-05 02:01:01+00:00,2023-12-05 07:55:00+00:00,2023-12-05 10:51:01+00:00,True
SEZHUK-231203-269348,CAUK000766,Tractor Unit,Box 44ft,BD5 8LZ,ME13 7TW,53.763558,-1.739636,51.328048,0.877608,2023-12-08 00:21:00+00:00,2023-12-08 02:01:01+00:00,2023-12-08 07:55:00+00:00,2023-12-08 10:51:01+00:00,True
SEZHUK-231203-269350,CAUK000390,Tractor Unit,Box 44ft,BD5 8LZ,ME13 7TW,53.763558,-1.739636,51.328048,0.877608,2023-12-07 15:20:00+00:00,2023-12-07 17:00:01+00:00,2023-12-08 06:00:00+00:00,2023-12-08 08:56:01+00:00,True
SEZHUK-231203-269353,CAUK000390,Tractor Unit,Box 44ft,BD5 8LZ,ME13 7TW,53.763558,-1.739636,51.328048,0.877608,2023-12-08 15:20:00+00:00,2023-12-08 17:00:01+00:00,2023-12-09 06:00:00+00:00,2023-12-09 08:56:01+00:00,True
SEZHUK-231204-269359,CAUK000689,Tractor Unit,Curtain-Side 13.6M Trailer,DN3 3FG,TQ12 6GN,53.537133,-1.037405,50.55996,-3.669927,2023-12-06 06:00:00+00:00,2023-12-06 18:00:00+00:00,2023-12-07 06:02:00+00:00,2023-12-07 06:30:00+00:00,True
SEZHUK-231204-269364,CAUK000770,Tractor Unit,Curtain-Side 13.6M Trailer,DN3 3FG,HP22 5EZ,53.537133,-1.037405,51.818102,-0.739456,2023-12-05 06:00:00+00:00,2023-12-05 18:00:00+00:00,2023-12-06 09:00:00+00:00,2023-12-06 10:00:00+00:00,True
SEZHUK-231204-269368,CAUK000222,Tractor Unit,Curtain-Side 13.6M Trailer,CF37 5TF,LE67 1UA,51.572559,-3.291144,52.701119,-1.339519,2023-12-07 12:00:00+00:00,2023-12-07 14:00:00+00:00,2023-12-08 09:00:00+00:00,2023-12-08 09:00:00+00:00,True
SEZHUK-231204-269381,CAUK000124,Tractor Unit,Curtain-Side 13.6M Trailer,SG1 2DL,LE67 1UA,51.900329,-0.217132,52.701119,-1.339519,2023-12-07 12:00:00+00:00,2023-12-07 13:00:00+00:00,2023-12-08 08:00:00+00:00,2023-12-08 08:00:00+00:00,True
SEZHUK-231204-269386,CAUK000222,Tractor Unit,Curtain-Side 13.6M Trailer,BS35 4GG,BS11 9BT,51.55257,-2.65344,51.511084,-2.703002,2023-12-05 09:00:00+00:00,2023-12-05 09:30:00+00:00,2023-12-05 13:30:00+00:00,2023-12-05 14:00:00+00:00,True
SEZHUK-231204-269387,CAUK000222,Tractor Unit,Curtain-Side 13.6M Trailer,BS35 4GG,BS11 9BT,51.55257,-2.65344,51.511084,-2.703002,2023-12-05 09:00:00+00:00,2023-12-05 09:30:00+00:00,2023-12-05 13:30:00+00:00,2023-12-05 14:00:00+00:00,True
SEZHUK-231204-269388,CAUK000096,Tractor Unit,Curtain-Side 13.6M Trailer,SS17 9DY,NW10 6QY,51.510091,0.459598,51.52668,-0.235678,2023-12-05 09:00:00+00:00,2023-12-05 09:30:00+00:00,2023-12-05 13:30:00+00:00,2023-12-05 14:00:00+00:00,False
SEZHUK-231204-269390,CAUK000222,Tractor Unit,Curtain-Side 13.6M Trailer,CF37 5TF,DY9 7DP,51.572559,-3.291144,52.457769,-2.122196,2023-12-05 09:00:00+00:00,2023-12-05 09:30:00+00:00,2023-12-05 15:30:00+00:00,2023-12-05 16:00:00+00:00,False
SEZHUK-231204-269394,CAUK000096,Tractor Unit,Curtain-Side 13.6M Trailer,ME6 5PX,IG11 0DS,51.32487,0.446613,51.515717,0.100453,2023-12-05 09:00:00+00:00,2023-12-05 09:30:00+00:00,2023-12-05 13:30:00+00:00,2023-12-05 14:00:00+00:00,True
SEZHUK-231204-269396,CAUK000096,Tractor Unit,Curtain-Side 13.6M Trailer,SG1 2DL,IG11 0DS,51.900329,-0.217132,51.515717,0.100453,2023-12-05 10:00:00+00:00,2023-12-05 10:30:00+00:00,2023-12-05 13:30:00+00:00,2023-12-05 14:00:00+00:00,True
SEZHUK-231204-269400,CAUK000155,Tractor Unit,Box,DA8 1DL,EH54 8QX,51.493182,0.167098,55.901847,-3.583873,2023-12-06 11:00:00+00:00,2023-12-06 11:30:00+00:00,2023-12-07 08:00:00+00:00,2023-12-07 08:30:00+00:00,True
SEZHUK-231204-269402,CAUK000155,Tractor Unit,Curtain-Side 13.6M Trailer,L11 0JA,UB2 4SB,53.462845,-2.896967,51.507588,-0.360871,2023-12-05 16:00:00+00:00,2023-12-05 16:01:00+00:00,2023-12-06 11:55:00+00:00,2023-12-06 12:25:00+00:00,True
SEZHUK-231204-269406,CAUK000155,Tractor Unit,Curtain-Side 13.6M Trailer,L11 0JA,UB6 8UH,53.462845,-2.896967,51.54329,-0.358536,2023-12-06 06:00:00+00:00,2023-12-06 06:01:00+00:00,2023-12-06 13:55:00+00:00,2023-12-06 14:25:00+00:00,True
SEZHUK-231204-269412,CAUK001047,Tractor Unit,Curtain-Side 13.6M Trailer,GL16 8JB,S80 3FY,51.785961,-2.619676,53.293393,-1.074008,2023-12-05 06:02:00+00:00,2023-12-05 06:32:00+00:00,2023-12-05 12:30:00+00:00,2023-12-05 13:00:00+00:00,False
SEZHUK-231204-269414,CAUK001047,Tractor Unit,Curtain-Side 13.6M Trailer,GL16 8JB,S80 3FY,51.785961,-2.619676,53.293393,-1.074008,2023-12-05 07:32:00+00:00,2023-12-05 08:02:00+00:00,2023-12-05 12:00:00+00:00,2023-12-05 12:30:00+00:00,False
SEZHUK-231204-269415,CAUK001047,Tractor Unit,Curtain-Side 13.6M Trailer,GL16 8JB,S80 3FY,51.785961,-2.619676,53.293393,-1.074008,2023-12-05 05:02:00+00:00,2023-12-05 05:32:00+00:00,2023-12-05 11:30:00+00:00,2023-12-05 12:00:00+00:00,True
SEZHUK-231204-269421,CAUK000689,Tractor Unit,Curtain-Side 13.6M Trailer,DE14 2WT,SA6 8PJ,52.800481,-1.663328,51.665609,-3.912027,2023-12-05 14:01:00+00:00,2023-12-06 07:00:00+00:00,2023-12-06 07:30:00+00:00,2023-12-06 08:00:00+00:00,True
SEZHUK-231204-269423,CAUK000116,Tractor Unit,Curtain-Side 13.6M Trailer,GL16 8JB,S80 3FY,51.785961,-2.619676,53.293393,-1.074008,2023-12-05 11:00:00+00:00,2023-12-05 12:00:00+00:00,2023-12-05 19:00:00+00:00,2023-12-05 20:00:00+00:00,True
SEZHUK-231204-269424,CAUK001047,Tractor Unit,Curtain-Side 13.6M Trailer,GL16 8JB,S80 3FY,51.785961,-2.619676,53.293393,-1.074008,2023-12-05 02:02:00+00:00,2023-12-05 02:32:00+00:00,2023-12-05 08:30:00+00:00,2023-12-05 09:00:00+00:00,True
SEZHUK-231204-269425,CAUK001047,Tractor Unit,Curtain-Side 13.6M Trailer,GL16 8JB,S80 3FY,51.785961,-2.619676,53.293393,-1.074008,2023-12-05 18:02:00+00:00,2023-12-05 18:32:00+00:00,2023-12-06 00:30:00+00:00,2023-12-06 01:00:00+00:00,False
SEZHUK-231204-269427,CAUK001047,Tractor Unit,Curtain-Side 13.6M Trailer,GL16 8JB,S80 3FY,51.785961,-2.619676,53.293393,-1.074008,2023-12-05 20:02:00+00:00,2023-12-05 20:32:00+00:00,2023-12-06 02:30:00+00:00,2023-12-06 03:00:00+00:00,True
SEZHUK-231204-269429,CAUK001047,Tractor Unit,Curtain-Side 13.6M Trailer,GL16 8JB,S80 3FY,51.785961,-2.619676,53.293393,-1.074008,2023-12-05 17:02:00+00:00,2023-12-05 17:32:00+00:00,2023-12-05 23:31:00+00:00,2023-12-06 00:01:00+00:00,False
SEZHUK-231204-269433,CAUK000222,Tractor Unit,Curtain-Side 13.6M Trailer,GL16 8JB,S80 3FY,51.785961,-2.619676,53.293393,-1.074008,2023-12-05 13:00:00+00:00,2023-12-05 14:00:00+00:00,2023-12-05 21:00:00+00:00,2023-12-05 22:00:00+00:00,True
SEZHUK-231204-269438,CAUK000159,Tractor Unit,Curtain-Side 13.6M Trailer,DE14 2WT,DL5 6BA,52.800481,-1.663328,54.589719,-1.578151,2023-12-05 14:00:00+00:00,2023-12-05 23:59:00+00:00,2023-12-06 06:30:00+00:00,2023-12-06 07:00:00+00:00,True
SEZHUK-231204-269459,CAUK000876,Tractor Unit,Curtain-Side 13.6M Trailer,LS24 9SD,BT26 6JJ,53.886427,-1.271051,54.474078,-6.104285,2023-12-05 10:00:00+00:00,2023-12-07 07:00:00+00:00,2023-12-07 07:30:00+00:00,2023-12-07 08:00:00+00:00,False
SEZHUK-231204-269460,CAUK000876,Tractor Unit,Curtain-Side 13.6M Trailer,DE14 2WT,BT26 6JJ,52.800481,-1.663328,54.474078,-6.104285,2023-12-05 12:00:00+00:00,2023-12-07 07:00:00+00:00,2023-12-07 07:30:00+00:00,2023-12-07 08:00:00+00:00,False
SEZHUK-231204-269467,CAUK000689,Tractor Unit,Curtain-Side 13.6M Trailer,DE14 2WT,CF11 8AQ,52.800481,-1.663328,51.466822,-3.200817,2023-12-06 13:54:00+00:00,2023-12-07 12:00:00+00:00,2023-12-07 08:00:00+00:00,2023-12-07 12:00:00+00:00,True
SEZHUK-231204-269489,CAUK000689,Tractor Unit,Curtain-Side 13.6M Trailer,PE29 2XR,NP16 6UD,52.315672,-0.157664,51.614678,-2.674519,2023-12-05 17:00:00+00:00,2023-12-05 17:56:00+00:00,2023-12-06 16:55:00+00:00,2023-12-06 17:25:00+00:00,True
SEZHUK-231204-269496,CAUK000034,Tractor Unit,Curtain-Side 13.6M Trailer,NP26 3RA,NE38 8NW,51.585139,-2.844668,54.88997,-1.501427,2023-12-07 14:00:00+00:00,2023-12-07 15:00:00+00:00,2023-12-08 05:30:00+00:00,2023-12-08 06:00:00+00:00,False
SEZHUK-231204-269497,CAUK000250,Tractor Unit,Curtain-Side 13.6M Trailer,S80 3FY,ASHBOURNE,53.293393,-1.074008,53.52341,-6.410445,2023-12-06 06:00:00+00:00,2023-12-06 06:59:00+00:00,2023-12-08 05:55:00+00:00,2023-12-08 06:25:00+00:00,False
SEZHUK-231204-269502,CAUK000781,Tractor Unit,Curtain-Side 13.6M Trailer,L11 0JA,CV9 2SQ,53.462845,-2.896967,52.583936,-1.557171,2023-12-06 10:00:00+00:00,2023-12-06 10:01:00+00:00,2023-12-06 17:55:00+00:00,2023-12-06 18:25:00+00:00,True
SEZHUK-231204-269509,CAUK000034,Tractor Unit,Curtain-Side 13.6M Trailer,DN11 9HE,HA9 0LH,53.437296,-1.068189,51.558555,-0.268708,2023-12-05 13:00:00+00:00,2023-12-05 14:00:00+00:00,2023-12-06 11:00:00+00:00,2023-12-06 11:30:00+00:00,True
SEZHUK-231204-269549,CAUK000282,Tractor Unit,Tractor Only 6x2,DN3 3FQ,DN3 3FQ,53.534344,-1.035929,53.534344,-1.035929,2023-12-05 06:00:00+00:00,2023-12-05 07:00:00+00:00,2023-12-05 17:00:00+00:00,2023-12-05 18:00:00+00:00,True
SEZHUK-231204-269550,CAUK000282,Tractor Unit,Tractor Only 6x2,DN3 3FQ,DN3 3FQ,53.534344,-1.035929,53.534344,-1.035929,2023-12-05 06:00:00+00:00,2023-12-05 07:00:00+00:00,2023-12-05 17:00:00+00:00,2023-12-05 18:00:00+00:00,True
SEZHUK-231204-269552,CAUK000282,Tractor Unit,Tractor Only 6x2,DN3 3FQ,DN3 3FQ,53.534344,-1.035929,53.534344,-1.035929,2023-12-05 06:00:00+00:00,2023-12-05 07:00:00+00:00,2023-12-05 17:00:00+00:00,2023-12-05 18:00:00+00:00,True
SEZHUK-231204-269562,CAUK000222,Tractor Unit,Curtain-Side 13.6M Trailer,SK13 2NU,ST4 4FA,53.483205,-1.924197,52.983393,-2.181287,2023-12-05 10:00:00+00:00,2023-12-05 10:30:00+00:00,2023-12-05 16:30:00+00:00,2023-12-05 17:00:00+00:00,True
SEZHUK-231204-269567,CAUK000222,Tractor Unit,Curtain-Side 13.6M Trailer,WN4 8DE,ST4 4FA,53.501398,-2.64202,52.983393,-2.181287,2023-12-05 10:00:00+00:00,2023-12-05 10:30:00+00:00,2023-12-05 16:30:00+00:00,2023-12-05 17:00:00+00:00,True
SEZHUK-231204-269568,CAUK000222,Tractor Unit,Curtain-Side 13.6M Trailer,OL15 8QF,ST4 4FA,53.634051,-2.1142,52.983393,-2.181287,2023-12-05 10:00:00+00:00,2023-12-05 10:30:00+00:00,2023-12-05 16:30:00+00:00,2023-12-05 17:00:00+00:00,True
SEZHUK-231204-269569,CAUK000034,Tractor Unit,Curtain-Side 13.6M Trailer,SK16 4UG,LE19 1WY,53.467889,-2.096702,52.601991,-1.190434,2023-12-05 10:00:00+00:00,2023-12-05 10:30:00+00:00,2023-12-05 16:30:00+00:00,2023-12-05 17:00:00+00:00,False
SEZHUK-231204-269571,CAUK000222,Tractor Unit,Curtain-Side 13.6M Trailer,WN4 8DE,ST4 4FA,53.501398,-2.64202,52.983393,-2.181287,2023-12-05 10:00:00+00:00,2023-12-05 10:30:00+00:00,2023-12-05 16:30:00+00:00,2023-12-05 17:00:00+00:00,True
SEZHUK-231204-269575,CAUK000096,Tractor Unit,Curtain-Side 13.6M Trailer,OL15 8QF,ST4 4FA,53.634051,-2.1142,52.983393,-2.181287,2023-12-05 10:00:00+00:00,2023-12-05 10:30:00+00:00,2023-12-05 16:30:00+00:00,2023-12-05 17:00:00+00:00,False
SEZHUK-231205-269594,CAUK000689,Tractor Unit,Curtain-Side 13.6M Trailer,DN3 3FG,TQ12 6GN,53.537133,-1.037405,50.55996,-3.669927,2023-12-07 06:00:00+00:00,2023-12-07 18:00:00+00:00,2023-12-08 06:02:00+00:00,2023-12-08 06:30:00+00:00,True
SEZHUK-231205-269611,CAUK000689,Tractor Unit,Curtain-Side 13.6M Trailer,DN8 5TE,BS32 4BP,53.566639,-0.919839,51.550399,-2.578971,2023-12-06 06:00:00+00:00,2023-12-06 18:00:00+00:00,2023-12-07 11:31:00+00:00,2023-12-07 11:59:00+00:00,True
SEZHUK-231205-269613,CAUK000116,Tractor Unit,Curtain-Side 13.6M Trailer,DN8 5TE,BA21 3NU,53.566639,-0.919839,50.958067,-2.653231,2023-12-06 06:00:00+00:00,2023-12-06 18:00:00+00:00,2023-12-07 08:00:00+00:00,2023-12-07 15:59:00+00:00,True
SEZHUK-231205-269615,CAUK000689,Tractor Unit,Curtain-Side 13.6M Trailer,WA7 4HP,BH15 3BN,53.324964,-2.758291,50.736054,-1.988087,2023-12-06 07:30:00+00:00,2023-12-06 14:00:00+00:00,2023-12-07 08:32:00+00:00,2023-12-07 09:00:00+00:00,True
SEZHUK-231205-269618,CAUK000222,Tractor Unit,Curtain-Side 13.6M Trailer,WS10 7WL,B8 1AE,52.543992,-2.030867,52.482568,-1.868331,2023-12-06 09:00:00+00:00,2023-12-06 09:30:00+00:00,2023-12-06 13:30:00+00:00,2023-12-06 14:00:00+00:00,True
SEZHUK-231205-269662,CAUK000250,Tractor Unit,Curtain-Side 13.6M Trailer,S80 3FY,MITCHELSTOWN,53.293393,-1.074008,52.276579,-8.258109,2023-12-08 10:00:00+00:00,2023-12-08 11:00:00+00:00,2023-12-11 10:00:00+00:00,2023-12-11 10:30:00+00:00,True
SEZHUK-231205-269663,CAUK000096,Tractor Unit,Curtain-Side 13.6M Trailer,ME6 5PX,IG11 0DS,51.32487,0.446613,51.515717,0.100453,2023-12-07 09:00:00+00:00,2023-12-07 09:30:00+00:00,2023-12-07 13:30:00+00:00,2023-12-07 14:00:00+00:00,True
SEZHUK-231205-269664,CAUK000096,Tractor Unit,Curtain-Side 13.6M Trailer,ME6 5PX,IG11 0DS,51.32487,0.446613,51.515717,0.100453,2023-12-07 09:00:00+00:00,2023-12-07 09:30:00+00:00,2023-12-07 13:30:00+00:00,2023-12-07 14:00:00+00:00,False
SEZHUK-231205-269665,CAUK000250,Tractor Unit,Curtain-Side 13.6M Trailer,S80 3FY,NAAS,53.293393,-1.074008,53.207122,-6.742479,2023-12-08 06:00:00+00:00,2023-12-08 06:59:00+00:00,2023-12-12 09:25:00+00:00,2023-12-12 09:55:00+00:00,True
SEZHUK-231205-269669,CAUK000863,Tractor Unit,Curtain-Side 13.6M Trailer,DE14 2WT,IG11 0EG,52.800481,-1.663328,51.517571,0.105323,2023-12-06 14:00:00+00:00,2023-12-06 14:30:00+00:00,2023-12-07 07:30:00+00:00,2023-12-07 08:00:00+00:00,True
SEZHUK-231205-269691,CAUK000863,Tractor Unit,Curtain-Side 13.6M Trailer,CA10 2EY,DN8 5TE,54.622276,-2.710485,53.566639,-0.919839,2023-12-07 06:00:00+00:00,2023-12-07 15:00:00+00:00,2023-12-08 08:00:00+00:00,2023-12-08 15:59:00+00:00,False
SEZHUK-231205-269695,CAUK000310,Tractor Unit,Curtain-Side 13.6M Trailer,DE14 2WT,OX11 7HJ,52.800481,-1.663328,51.619119,-1.256837,2023-12-05 14:00:00+00:00,2023-12-05 15:00:00+00:00,2023-12-05 18:00:00+00:00,2023-12-05 19:00:00+00:00,True
SEZHUK-231205-269700,CAUK001047,Tractor Unit,Curtain-Side 13.6M Trailer,S80 3FY,NP16 6UD,53.293393,-1.074008,51.614678,-2.674519,2023-12-05 22:00:00+00:00,2023-12-05 22:30:00+00:00,2023-12-06 17:55:00+00:00,2023-12-06 18:25:00+00:00,True
SEZHUK-231205-269702,CAUK000034,Tractor Unit,Curtain-Side 13.6M Trailer,NP26 3TS,CM2 5AS,51.571921,-2.862409,51.745733,0.516876,2023-12-06 06:00:00+00:00,2023-12-06 07:00:00+00:00,2023-12-06 13:30:00+00:00,2023-12-06 14:00:00+00:00,False
SEZHUK-231205-269725,CAUK001047,Tractor Unit,Curtain-Side 13.6M Trailer,GL16 8JB,S80 3EG,51.785961,-2.619676,53.295391,-1.066283,2023-12-06 06:30:00+00:00,2023-12-06 07:30:00+00:00,2023-12-06 13:30:00+00:00,2023-12-06 14:30:00+00:00,False
SEZHUK-231205-269728,CAUK001047,Tractor Unit,Curtain-Side 13.6M Trailer,GL16 8JB,S80 3EG,51.785961,-2.619676,53.295391,-1.066283,2023-12-06 15:00:00+00:00,2023-12-06 15:30:00+00:00,2023-12-06 21:30:00+00:00,2023-12-06 22:00:00+00:00,False
SEZHUK-231205-269729,CAUK001047,Tractor Unit,Curtain-Side 13.6M Trailer,GL16 8JB,S80 3EG,51.785961,-2.619676,53.295391,-1.066283,2023-12-06 21:00:00+00:00,2023-12-06 21:30:00+00:00,2023-12-07 03:30:00+00:00,2023-12-07 04:00:00+00:00,False
SEZHUK-231205-269730,CAUK001047,Tractor Unit,Curtain-Side 13.6M Trailer,GL16 8JB,S80 3EG,51.785961,-2.619676,53.295391,-1.066283,2023-12-06 17:00:00+00:00,2023-12-06 17:30:00+00:00,2023-12-06 23:31:00+00:00,2023-12-07 00:01:00+00:00,False
SEZHUK-231205-269731,CAUK001047,Tractor Unit,Curtain-Side 13.6M Trailer,GL16 8JB,S80 3EG,51.785961,-2.619676,53.295391,-1.066283,2023-12-06 19:00:00+00:00,2023-12-06 19:30:00+00:00,2023-12-07 01:30:00+00:00,2023-12-07 02:00:00+00:00,True
SEZHUK-231205-269732,CAUK001047,Tractor Unit,Curtain-Side 13.6M Trailer,GL16 8JB,S80 3EG,51.785961,-2.619676,53.295391,-1.066283,2023-12-06 23:00:00+00:00,2023-12-06 23:30:00+00:00,2023-12-07 05:30:00+00:00,2023-12-07 06:00:00+00:00,True
SEZHUK-231205-269735,CAUK000155,Tractor Unit,Box,RM9 6RS,EH54 8QX,51.530739,0.138456,55.901847,-3.583873,2023-12-11 11:00:00+00:00,2023-12-11 11:30:00+00:00,2023-12-12 08:00:00+00:00,2023-12-12 08:30:00+00:00,True
SEZHUK-231205-269738,CAUK000155,Tractor Unit,Curtain-Side 13.6M Trailer,L11 0JA,ME11 5AR,53.462845,-2.896967,51.411125,0.752907,2023-12-06 10:00:00+00:00,2023-12-06 10:01:00+00:00,2023-12-07 07:55:00+00:00,2023-12-07 08:25:00+00:00,True
SEZHUK-231205-269739,CAUK000155,Tractor Unit,Curtain-Side 13.6M Trailer,L11 0JA,UB6 8UH,53.462845,-2.896967,51.54329,-0.358536,2023-12-06 18:00:00+00:00,2023-12-06 18:01:00+00:00,2023-12-07 13:55:00+00:00,2023-12-07 14:25:00+00:00,True
SEZHUK-231205-269744,CAUK000222,Tractor Unit,Curtain-Side 13.6M Trailer,PR5 0XD,CH1 6LT,53.761551,-2.616875,53.245914,-2.934824,2023-12-06 18:00:00+00:00,2023-12-06 19:00:00+00:00,2023-12-06 22:00:00+00:00,2023-12-06 22:30:00+00:00,True
SEZHUK-231205-269756,CAUK000310,Tractor Unit,Curtain-Side 13.6M Trailer,DE14 2WT,SN3 4AL,52.800481,-1.663328,51.595609,-1.740718,2023-12-07 05:30:00+00:00,2023-12-07 06:30:00+00:00,2023-12-07 09:30:00+00:00,2023-12-07 10:00:00+00:00,False
SEZHUK-231205-269762,CAUK000034,Tractor Unit,Curtain-Side 13.6M Trailer,NP26 3RA,CM2 5AS,51.585139,-2.844668,51.745733,0.516876,2023-12-07 15:00:00+00:00,2023-12-07 15:00:00+00:00,2023-12-08 06:30:00+00:00,2023-12-08 07:00:00+00:00,False
SEZHUK-231205-269766,CAUK000029,Tractor Unit,Curtain-Side 13.6M Trailer,CA10 2EY,DN8 5TE,54.622276,-2.710485,53.566639,-0.919839,2023-12-08 06:00:00+00:00,2023-12-08 15:00:00+00:00,2023-12-11 06:00:00+00:00,2023-12-11 15:00:00+00:00,True
SEZHUK-231205-269911,CAUK000689,Tractor Unit,Curtain-Side 13.6M Trailer,PE29 2XR,CF3 2GJ,52.315672,-0.157664,51.50328,-3.109119,2023-12-06 16:00:00+00:00,2023-12-06 16:52:00+00:00,2023-12-07 12:55:00+00:00,2023-12-07 13:25:00+00:00,True
SEZHUK-231205-269913,CAUK000115,Tractor Unit,Curtain-Side 13.6M Trailer,LS10 1SL,CH62 4TG,53.771668,-1.514934,53.346913,-2.988986,2023-12-06 18:00:00+00:00,2023-12-06 18:30:00+00:00,2023-12-06 21:30:00+00:00,2023-12-06 22:00:00+00:00,True
SEZHUK-231205-269918,CAUK000199,7.5T Rigid,Curtain Side,LS11 5LX,NE11 0LF,53.767204,-1.547784,54.926337,-1.623686,2023-12-06 06:00:00+00:00,2023-12-06 06:30:00+00:00,2023-12-06 06:00:00+00:00,2023-12-06 06:30:00+00:00,False
SEZHUK-231205-269936,CAUK000192,Tractor Unit,Curtain-Side 13.6M Trailer,PR5 0XD,S9 4WD,53.761551,-2.616875,53.384324,-1.43213,2023-12-06 15:00:00+00:00,2023-12-06 15:30:00+00:00,2023-12-07 07:30:00+00:00,2023-12-07 08:00:00+00:00,True
SEZHUK-231205-269944,CAUK001047,Tractor Unit,Curtain-Side 13.6M Trailer,S80 3FY,NP16 6UD,53.293393,-1.074008,51.614678,-2.674519,2023-12-07 08:00:00+00:00,2023-12-07 08:59:00+00:00,2023-12-10 09:30:00+00:00,2023-12-10 10:00:00+00:00,True
SEZHUK-231205-269945,CAUK000116,Tractor Unit,Curtain-Side 13.6M Trailer,S80 3FY,SP10 3UX,53.293393,-1.074008,51.212429,-1.518279,2023-12-06 18:00:00+00:00,2023-12-06 18:59:00+00:00,2023-12-07 14:00:00+00:00,2023-12-07 14:30:00+00:00,True
SEZHUK-231205-269956,CAUK000689,Tractor Unit,Curtain-Side 13.6M Trailer,S80 3FY,CF3 2EX,53.293393,-1.074008,51.500201,-3.118005,2023-12-06 16:00:00+00:00,2023-12-06 16:59:00+00:00,2023-12-07 09:55:00+00:00,2023-12-07 10:25:00+00:00,False
SEZHUK-231205-269964,CAUK000250,Tractor Unit,Curtain-Side 13.6M Trailer,S80 3FY,BT40 1AX,53.293393,-1.074008,54.84518,-5.80489,2023-12-06 06:00:00+00:00,2023-12-06 06:59:00+00:00,2023-12-08 15:30:00+00:00,2023-12-08 16:00:00+00:00,True
SEZHUK-231205-269969,CAUK000222,Tractor Unit,Curtain-Side 13.6M Trailer,L11 0JA,NN15 5YT,53.462845,-2.896967,52.370504,-0.684925,2023-12-07 06:00:00+00:00,2023-12-07 06:01:00+00:00,2023-12-07 15:35:00+00:00,2023-12-07 16:05:00+00:00,False
SEZHUK-231205-269970,CAUK000155,Tractor Unit,Curtain-Side 13.6M Trailer,L11 0JA,ME9 8SR,53.462845,-2.896967,51.36932,0.749586,2023-12-06 10:00:00+00:00,2023-12-06 10:01:00+00:00,2023-12-07 04:15:00+00:00,2023-12-07 04:45:00+00:00,False
SEZHUK-231205-270001,CAUK000282,Tractor Unit,Tractor Only 6x2,DN3 3FQ,DN3 3FQ,53.534344,-1.035929,53.534344,-1.035929,2023-12-06 06:00:00+00:00,2023-12-06 07:00:00+00:00,2023-12-06 17:00:00+00:00,2023-12-06 18:00:00+00:00,True
SEZHUK-231205-270002,CAUK000770,Tractor Unit,Curtain-Side 13.6M Trailer,DN11 9HE,NN6 7TZ,53.437296,-1.068189,52.35193,-1.144734,2023-12-06 16:00:00+00:00,2023-12-06 16:59:00+00:00,2023-12-07 09:55:00+00:00,2023-12-07 10:25:00+00:00,False
SEZHUK-231205-270003,CAUK000282,Tractor Unit,Tractor Only 6x2,DN3 3FQ,DN3 3FQ,53.534344,-1.035929,53.534344,-1.035929,2023-12-06 06:00:00+00:00,2023-12-06 07:00:00+00:00,2023-12-06 17:00:00+00:00,2023-12-06 18:00:00+00:00,True
SEZHUK-231205-270009,CAUK000034,Tractor Unit,Curtain-Side 13.6M Trailer,NP26 3RA,CM2 5AS,51.585139,-2.844668,51.745733,0.516876,2023-12-07 14:00:00+00:00,2023-12-07 14:00:00+00:00,2023-12-08 06:30:00+00:00,2023-12-08 07:00:00+00:00,True
SEZHUK-231205-270015,CAUK000940,Tractor Unit,Box,S18 1PF,HP2 7PZ,53.304842,-1.482042,51.769105,-0.432735,2023-12-22 09:00:00+00:00,2023-12-22 09:30:00+00:00,2023-12-22 15:30:00+00:00,2023-12-22 16:00:00+00:00,False
SEZHUK-231205-270016,CAUK000940,Tractor Unit,Box,S18 1PF,RG19 4BQ,53.304842,-1.482042,51.398689,-1.232386,2023-12-22 13:00:00+00:00,2023-12-22 13:30:00+00:00,2023-12-22 17:00:00+00:00,2023-12-22 17:30:00+00:00,True
SEZHUK-231205-270017,CAUK000940,Tractor Unit,Box,S18 1PF,HP2 7PZ,53.304842,-1.482042,51.769105,-0.432735,2023-12-13 09:00:00+00:00,2023-12-13 09:30:00+00:00,2023-12-13 15:30:00+00:00,2023-12-13 16:00:00+00:00,True
SEZHUK-231205-270018,CAUK000940,Tractor Unit,Box,S18 1PF,RG19 4BQ,53.304842,-1.482042,51.398689,-1.232386,2023-12-21 13:00:00+00:00,2023-12-21 13:30:00+00:00,2023-12-21 17:00:00+00:00,2023-12-21 17:30:00+00:00,True
SEZHUK-231205-270019,CAUK000940,Tractor Unit,Box,S18 1PF,HP2 7PZ,53.304842,-1.482042,51.769105,-0.432735,2023-12-14 09:00:00+00:00,2023-12-14 09:30:00+00:00,2023-12-14 15:30:00+00:00,2023-12-14 16:00:00+00:00,True
SEZHUK-231205-270020,CAUK000940,Tractor Unit,Box,S18 1PF,RG19 4BQ,53.304842,-1.482042,51.398689,-1.232386,2023-12-20 13:00:00+00:00,2023-12-20 13:30:00+00:00,2023-12-20 17:00:00+00:00,2023-12-20 17:30:00+00:00,False
SEZHUK-231205-270021,CAUK000863,Tractor Unit,Box,S18 1PF,EN3 7QP,53.304842,-1.482042,51.6596,-0.023079,2023-12-13 11:30:00+00:00,2023-12-13 12:00:00+00:00,2023-12-13 16:30:00+00:00,2023-12-13 17:00:00+00:00,False
SEZHUK-231205-270025,CAUK000863,Tractor Unit,Box,S18 1PF,EN3 7QP,53.304842,-1.482042,51.6596,-0.023079,2023-12-14 11:30:00+00:00,2023-12-14 12:00:00+00:00,2023-12-14 16:30:00+00:00,2023-12-14 17:00:00+00:00,False
SEZHUK-231205-270027,CAUK000940,Tractor Unit,Box,S18 1PF,RG19 4BQ,53.304842,-1.482042,51.398689,-1.232386,2023-12-13 13:00:00+00:00,2023-12-13 13:30:00+00:00,2023-12-13 17:00:00+00:00,2023-12-13 17:30:00+00:00,False
SEZHUK-231205-270028,CAUK000940,Tractor Unit,Box,S18 1PF,HP2 7PZ,53.304842,-1.482042,51.769105,-0.432735,2023-12-21 09:00:00+00:00,2023-12-21 09:30:00+00:00,2023-12-21 15:30:00+00:00,2023-12-21 16:00:00+00:00,False
SEZHUK-231205-270029,CAUK000940,Tractor Unit,Box,S18 1PF,RG19 4BQ,53.304842,-1.482042,51.398689,-1.232386,2023-12-14 13:00:00+00:00,2023-12-14 13:30:00+00:00,2023-12-14 17:00:00+00:00,2023-12-14 17:30:00+00:00,True
SEZHUK-231205-270030,CAUK000940,Tractor Unit,Box,S18 1PF,HP2 7PZ,53.304842,-1.482042,51.769105,-0.432735,2023-12-20 09:00:00+00:00,2023-12-20 09:30:00+00:00,2023-12-20 15:30:00+00:00,2023-12-20 16:00:00+00:00,True
SEZHUK-231205-270031,CAUK000940,Tractor Unit,Box,S18 1PF,HP2 7PZ,53.304842,-1.482042,51.769105,-0.432735,2023-12-15 09:00:00+00:00,2023-12-15 09:30:00+00:00,2023-12-15 15:30:00+00:00,2023-12-15 16:00:00+00:00,True
SEZHUK-231205-270032,CAUK000940,Tractor Unit,Box,S18 1PF,RG19 4BQ,53.304842,-1.482042,51.398689,-1.232386,2023-12-15 13:00:00+00:00,2023-12-15 13:30:00+00:00,2023-12-15 17:00:00+00:00,2023-12-15 17:30:00+00:00,False
SEZHUK-231205-270036,CAUK000214,Tractor Unit,Curtain-Side 13.6M Trailer,GL3 4AJ,S80 3EG,51.843233,-2.170887,53.295391,-1.066283,2023-12-06 17:00:00+00:00,2023-12-06 17:30:00+00:00,2023-12-06 23:31:00+00:00,2023-12-07 00:01:00+00:00,False
SEZHUK-231205-270037,CAUK000863,Tractor Unit,Curtain-Side 13.6M Trailer,GL3 4AJ,S80 3EG,51.843233,-2.170887,53.295391,-1.066283,2023-12-06 21:00:00+00:00,2023-12-06 21:30:00+00:00,2023-12-07 03:30:00+00:00,2023-12-07 04:00:00+00:00,True
SEZHUK-231205-270038,CAUK000863,Tractor Unit,Curtain-Side 13.6M Trailer,GL3 4AJ,S80 3EG,51.843233,-2.170887,53.295391,-1.066283,2023-12-06 19:00:00+00:00,2023-12-06 19:30:00+00:00,2023-12-07 01:30:00+00:00,2023-12-07 02:00:00+00:00,False
SEZHUK-231205-270040,CAUK000689,Tractor Unit,Curtain-Side 13.6M Trailer,GL3 4AJ,S80 3EG,51.843233,-2.170887,53.295391,-1.066283,2023-12-06 15:00:00+00:00,2023-12-06 15:30:00+00:00,2023-12-06 19:30:00+00:00,2023-12-06 20:00:00+00:00,False
SEZHUK-231205-270042,CAUK000689,Tractor Unit,Curtain-Side 13.6M Trailer,GL3 4AJ,S80 3EG,51.843233,-2.170887,53.295391,-1.066283,2023-12-06 13:00:00+00:00,2023-12-06 13:30:00+00:00,2023-12-06 18:00:00+00:00,2023-12-06 18:30:00+00:00,False
SEZHUK-231205-270056,CAUK000034,Tractor Unit,Curtain-Side 13.6M Trailer,WN4 8DE,LE19 1WY,53.501398,-2.64202,52.601991,-1.190434,2023-12-06 10:00:00+00:00,2023-12-06 10:30:00+00:00,2023-12-06 16:30:00+00:00,2023-12-06 17:00:00+00:00,True
SEZHUK-231205-270066,CAUK000096,Tractor Unit,Curtain-Side 13.6M Trailer,OL16 4NZ,LE19 1WY,53.602351,-2.126989,52.601991,-1.190434,2023-12-06 10:00:00+00:00,2023-12-06 10:30:00+00:00,2023-12-06 16:30:00+00:00,2023-12-06 17:00:00+00:00,False
SEZHUK-231205-270077,CAUK000034,Tractor Unit,Curtain-Side 13.6M Trailer,OL15 8QF,LE19 1WY,53.634051,-2.1142,52.601991,-1.190434,2023-12-06 10:00:00+00:00,2023-12-06 10:30:00+00:00,2023-12-06 16:30:00+00:00,2023-12-06 17:00:00+00:00,False
SEZHUK-231205-270082,CAUK000034,Tractor Unit,Curtain-Side 13.6M Trailer,BB5 5YJ,ST4 4FA,53.789353,-2.342379,52.983393,-2.181287,2023-12-06 10:00:00+00:00,2023-12-06 10:30:00+00:00,2023-12-06 16:30:00+00:00,2023-12-06 17:00:00+00:00,False
SEZHUK-231206-270085,CAUK000863,Tractor Unit,Curtain-Side 13.6M Trailer,NN9 5DB,EN11 0EZ,52.322608,-0.622401,51.766224,0.009545,2023-12-06 15:15:00+00:00,2023-12-06 15:30:00+00:00,2023-12-07 06:45:00+00:00,2023-12-07 07:00:00+00:00,False
SEZHUK-231206-270103,CAUK000159,Tractor Unit,Curtain-Side 13.6M Trailer,WA7 4HP,NE15 6UU,53.324964,-2.758291,54.97053,-1.695174,2023-12-07 07:30:00+00:00,2023-12-07 14:00:00+00:00,2023-12-08 13:32:00+00:00,2023-12-08 14:00:00+00:00,True
SEZHUK-231206-270113,CAUK000689,Tractor Unit,Curtain-Side 13.6M Trailer,DE14 2WT,CF31 3PH,52.800481,-1.663328,51.493134,-3.548898,2023-12-07 13:01:00+00:00,2023-12-08 08:00:00+00:00,2023-12-08 07:30:00+00:00,2023-12-08 08:00:00+00:00,False
SEZHUK-231206-270115,CAUK000124,Tractor Unit,Curtain-Side 13.6M Trailer,IP24 1HP,LE67 1UA,52.42597,0.73659,52.701119,-1.339519,2023-12-12 09:00:00+00:00,2023-12-12 09:30:00+00:00,2023-12-13 12:00:00+00:00,2023-12-13 12:00:00+00:00,False
SEZHUK-231206-270120,CAUK000229,Tractor Unit,Curtain-Side 13.6M Trailer,L11 0JA,EN11 0EZ,53.462845,-2.896967,51.766224,0.009545,2023-12-08 14:00:00+00:00,2023-12-08 14:00:00+00:00,2023-12-08 19:30:00+00:00,2023-12-08 20:00:00+00:00,False
SEZHUK-231206-270126,CAUK000863,Tractor Unit,Curtain-Side 13.6M Trailer,DE14 2WT,NW10 7LQ,52.800481,-1.663328,51.526489,-0.266374,2023-12-07 13:00:00+00:00,2023-12-07 23:59:00+00:00,2023-12-08 14:30:00+00:00,2023-12-08 15:00:00+00:00,True
SEZHUK-231206-270127,CAUK000689,Tractor Unit,Curtain-Side 13.6M Trailer,DE14 2WT,CF11 8AQ,52.800481,-1.663328,51.466832,-3.200826,2023-12-07 13:00:00+00:00,2023-12-07 23:59:00+00:00,2023-12-08 06:30:00+00:00,2023-12-08 07:00:00+00:00,True
SEZHUK-231206-270135,CAUK001009,3.5T Van,LWB Van,DE74 2TR,RG2 0RP,52.829374,-1.332134,51.432237,-0.984601,2023-12-19 04:00:00+00:00,2023-12-19 05:00:00+00:00,2023-12-19 07:45:00+00:00,2023-12-19 08:45:00+00:00,True
SEZHUK-231206-270136,CAUK001009,3.5T Van,LWB Van,WR4 0SZ,DE74 2TR,52.193636,-2.221575,52.829374,-1.332134,2023-12-21 17:00:00+00:00,2023-12-21 18:00:00+00:00,2023-12-21 19:30:00+00:00,2023-12-21 20:30:00+00:00,True
SEZHUK-231206-270141,CAUK001009,3.5T Van,LWB Van,BS32 0BF,DE74 2TR,51.54695,-2.551256,52.829374,-1.332134,2023-12-19 15:15:00+00:00,2023-12-19 16:15:00+00:00,2023-12-19 19:30:00+00:00,2023-12-19 20:30:00+00:00,True
SEZHUK-231206-270144,CAUK001009,3.5T Van,LWB Van,BS32 0BF,DE74 2TR,51.54695,-2.551256,52.829374,-1.332134,2023-12-21 15:15:00+00:00,2023-12-21 16:15:00+00:00,2023-12-21 19:30:00+00:00,2023-12-21 20:30:00+00:00,True
SEZHUK-231206-270153,CAUK001009,3.5T Van,LWB Van,CR0 4TD,DE74 2TR,51.383725,-0.138625,52.826322,-1.348973,2023-12-18 15:30:00+00:00,2023-12-18 16:30:00+00:00,2023-12-18 20:00:00+00:00,2023-12-18 21:00:00+00:00,True
SEZHUK-231206-270162,CAUK001009,3.5T Van,LWB Van,CO4 9QJ,DE74 2TR,51.920887,0.927015,52.829374,-1.332134,2023-12-20 17:30:00+00:00,2023-12-20 18:30:00+00:00,2023-12-20 21:10:00+00:00,2023-12-20 22:10:00+00:00,True
SEZHUK-231206-270169,CAUK001009,3.5T Van,LWB Van,CA3 0EH,DE74 2TR,54.922111,-2.957338,52.829374,-1.332134,2023-12-22 16:45:00+00:00,2023-12-22 17:45:00+00:00,2023-12-22 21:10:00+00:00,2023-12-22 22:10:00+00:00,True
SEZHUK-231206-270171,CAUK001009,3.5T Van,LWB Van,NP10 9DQ,DE74 2TR,51.582459,-3.043825,52.829374,-1.332134,2023-12-18 17:50:00+00:00,2023-12-18 18:50:00+00:00,2023-12-18 21:30:00+00:00,2023-12-18 22:30:00+00:00,True
SEZHUK-231206-270176,CAUK001024,3.5T Van,LWB Van,CO4 9QJ,CM22 7FD,51.920887,0.927015,51.869555,0.216885,2023-12-20 18:15:00+00:00,2023-12-20 19:15:00+00:00,2023-12-20 20:15:00+00:00,2023-12-20 21:15:00+00:00,True
SEZHUK-231206-270177,CAUK001009,3.5T Van,LWB Van,DE74 2TR,EN1 1TX,52.829374,-1.332134,51.650981,-0.054718,2023-12-22 04:45:00+00:00,2023-12-22 05:45:00+00:00,2023-12-22 08:15:00+00:00,2023-12-22 09:15:00+00:00,True
SEZHUK-231206-270178,CAUK001009,3.5T Van,LWB Van,SE14 5RW,DE74 2TR,51.507218,-0.127586,52.826322,-1.348973,2023-12-19 15:30:00+00:00,2023-12-19 16:30:00+00:00,2023-12-19 20:00:00+00:00,2023-12-19 21:00:00+00:00,True
SEZHUK-231206-270179,CAUK001009,3.5T Van,LWB Van,NE11 0JY,DE74 2TR,54.922706,-1.607332,52.829374,-1.332134,2023-12-20 17:25:00+00:00,2023-12-20 18:25:00+00:00,2023-12-20 21:10:00+00:00,2023-12-20 22:10:00+00:00,True
SEZHUK-231206-270180,CAUK001009,3.5T Van,LWB Van,DE74 2TR,EN1 1TX,52.829374,-1.332134,51.650981,-0.054718,2023-12-19 04:50:00+00:00,2023-12-19 05:50:00+00:00,2023-12-19 08:20:00+00:00,2023-12-19 09:20:00+00:00,True
SEZHUK-231206-270181,CAUK000222,Tractor Unit,Curtain-Side 13.6M Trailer,L11 0JA,CV2 1ST,53.462845,-2.896967,52.427178,-1.453269,2023-12-07 16:00:00+00:00,2023-12-07 16:01:00+00:00,2023-12-08 07:55:00+00:00,2023-12-08 08:25:00+00:00,True
SEZHUK-231206-270183,CAUK001009,3.5T Van,LWB Van,DE74 2TR,SL3 0BB,52.829374,-1.332134,51.470193,-0.51286,2023-12-18 03:00:00+00:00,2023-12-18 04:00:00+00:00,2023-12-18 06:30:00+00:00,2023-12-18 09:30:00+00:00,True
SEZHUK-231206-270189,CAUK001009,3.5T Van,LWB Van,DE74 2TR,CO4 9QJ,52.829374,-1.332134,51.920887,0.927015,2023-12-20 04:50:00+00:00,2023-12-20 05:50:00+00:00,2023-12-20 08:50:00+00:00,2023-12-20 09:50:00+00:00,True
SEZHUK-231206-270196,CAUK001009,3.5T Van,LWB Van,DE74 2TR,EN1 1TX,52.829374,-1.332134,51.650981,-0.054718,2023-12-20 04:50:00+00:00,2023-12-20 05:50:00+00:00,2023-12-20 08:20:00+00:00,2023-12-20 09:20:00+00:00,True
SEZHUK-231206-270198,CAUK001009,3.5T Van,LWB Van,DE74 2TR,L24 8RF,52.829374,-1.332134,53.349124,-2.876108,2023-12-19 04:45:00+00:00,2023-12-19 05:45:00+00:00,2023-12-19 09:00:00+00:00,2023-12-19 10:00:00+00:00,True
SEZHUK-231206-270201,CAUK001009,3.5T Van,LWB Van,EN1 1TX,DE74 2TR,51.650981,-0.054718,52.826322,-1.348973,2023-12-20 16:15:00+00:00,2023-12-20 17:15:00+00:00,2023-12-20 20:00:00+00:00,2023-12-20 21:00:00+00:00,True
SEZHUK-231206-270211,CAUK001022,3.5T Van,LWB Van,E1W 2DA,SL3 0BB,51.508022,-0.05711,51.470809,-0.514738,2023-12-19 19:05:00+00:00,2023-12-19 20:05:00+00:00,2023-12-19 21:05:00+00:00,2023-12-19 22:05:00+00:00,True
SEZHUK-231206-270212,CAUK001009,3.5T Van,LWB Van,SE14 5RW,DE74 2TR,51.507218,-0.127586,52.826322,-1.348973,2023-12-21 15:30:00+00:00,2023-12-21 16:30:00+00:00,2023-12-21 20:00:00+00:00,2023-12-21 21:00:00+00:00,True
SEZHUK-231206-270213,CAUK000222,Tractor Unit,Curtain-Side 13.6M Trailer,L11 0JA,DE72 2HP,53.462845,-2.896967,52.867015,-1.314862,2023-12-07 16:00:00+00:00,2023-12-07 16:01:00+00:00,2023-12-08 05:55:00+00:00,2023-12-08 06:25:00+00:00,True
SEZHUK-231206-270215,CAUK001022,3.5T Van,LWB Van,E1W 2DA,SL3 0BB,51.508022,-0.05711,51.470809,-0.514738,2023-12-21 19:05:00+00:00,2023-12-21 20:05:00+00:00,2023-12-21 21:05:00+00:00,2023-12-21 22:05:00+00:00,True
SEZHUK-231206-270219,CAUK001022,3.5T Van,LWB Van,E1W 2DA,SL3 0BB,51.508022,-0.05711,51.470809,-0.514738,2023-12-20 19:05:00+00:00,2023-12-20 20:05:00+00:00,2023-12-20 21:05:00+00:00,2023-12-20 22:05:00+00:00,True
SEZHUK-231206-270220,CAUK001009,3.5T Van,LWB Van,DE74 2TR,RG2 0RP,52.829374,-1.332134,51.432237,-0.984601,2023-12-21 04:00:00+00:00,2023-12-21 05:00:00+00:00,2023-12-21 07:45:00+00:00,2023-12-21 08:45:00+00:00,True
SEZHUK-231206-270235,CAUK001009,3.5T Van,LWB Van,DE74 2TR,EN1 1TX,52.829374,-1.332134,51.650981,-0.054718,2023-12-21 04:45:00+00:00,2023-12-21 05:45:00+00:00,2023-12-21 08:15:00+00:00,2023-12-21 09:15:00+00:00,False
SEZHUK-231206-270239,CAUK001009,3.5T Van,LWB Van,DE74 2TR,NW10 7NZ,52.829374,-1.332134,51.537524,-0.27074,2023-12-22 04:45:00+00:00,2023-12-22 05:45:00+00:00,2023-12-22 08:15:00+00:00,2023-12-22 09:15:00+00:00,True
SEZHUK-231206-270260,CAUK001009,3.5T Van,LWB Van,NP10 9DQ,DE74 2TR,51.582459,-3.043825,52.829374,-1.332134,2023-12-23 08:30:00+00:00,2023-12-23 09:30:00+00:00,2023-12-23 12:30:00+00:00,2023-12-23 13:30:00+00:00,False
SEZHUK-231206-270263,CAUK000689,Tractor Unit,Curtain-Side 13.6M Trailer,DE14 2WT,CF11 8AQ,52.800481,-1.663328,51.466832,-3.200826,2023-12-07 14:01:00+00:00,2023-12-08 09:00:00+00:00,2023-12-08 09:30:00+00:00,2023-12-08 10:00:00+00:00,False
SEZHUK-231206-270282,CAUK001047,Tractor Unit,Curtain-Side 13.6M Trailer,GL16 8JB,S80 3EG,51.785961,-2.619676,53.295391,-1.066283,2023-12-07 06:00:00+00:00,2023-12-07 06:30:00+00:00,2023-12-07 12:30:00+00:00,2023-12-07 13:00:00+00:00,True
SEZHUK-231206-270285,CAUK001047,Tractor Unit,Curtain-Side 13.6M Trailer,GL16 8JB,S80 3EG,51.785961,-2.619676,53.295391,-1.066283,2023-12-07 15:00:00+00:00,2023-12-07 15:30:00+00:00,2023-12-07 21:30:00+00:00,2023-12-07 22:00:00+00:00,True
SEZHUK-231206-270286,CAUK001047,Tractor Unit,Curtain-Side 13.6M Trailer,GL16 8JB,S80 3EG,51.785961,-2.619676,53.295391,-1.066283,2023-12-07 17:00:00+00:00,2023-12-07 17:30:00+00:00,2023-12-07 23:31:00+00:00,2023-12-08 00:01:00+00:00,True
SEZHUK-231206-270287,CAUK001047,Tractor Unit,Curtain-Side 13.6M Trailer,GL16 8JB,S80 3EG,51.785961,-2.619676,53.295391,-1.066283,2023-12-07 19:00:00+00:00,2023-12-07 19:30:00+00:00,2023-12-08 01:30:00+00:00,2023-12-08 02:00:00+00:00,True
SEZHUK-231206-270288,CAUK001047,Tractor Unit,Curtain-Side 13.6M Trailer,GL16 8JB,S80 3EG,51.785961,-2.619676,53.295391,-1.066283,2023-12-07 21:00:00+00:00,2023-12-07 21:30:00+00:00,2023-12-08 03:30:00+00:00,2023-12-08 04:00:00+00:00,True
SEZHUK-231206-270292,CAUK000155,Tractor Unit,Curtain-Side 13.6M Trailer,LS10 1SL,DA14 5DF,53.771668,-1.514934,51.415995,0.118003,2023-12-07 04:00:00+00:00,2023-12-07 04:30:00+00:00,2023-12-07 11:30:00+00:00,2023-12-07 12:00:00+00:00,True
SEZHUK-231206-270297,CAUK000029,Tractor Unit,Curtain-Side 13.6M Trailer,DN11 9HE,NN6 7TZ,53.437296,-1.068189,52.35193,-1.144734,2023-12-08 06:00:00+00:00,2023-12-08 06:59:00+00:00,2023-12-08 12:55:00+00:00,2023-12-08 13:25:00+00:00,True
SEZHUK-231206-270298,CAUK000863,Tractor Unit,Curtain-Side 13.6M Trailer,DN11 9HE,SN3 4FN,53.437296,-1.068189,51.595572,-1.740649,2023-12-07 15:00:00+00:00,2023-12-07 15:59:00+00:00,2023-12-08 09:55:00+00:00,2023-12-08 10:25:00+00:00,True
SEZHUK-231206-270308,CAUK000124,Tractor Unit,Curtain-Side 13.6M Trailer,SS17 9DY,LE67 1UA,51.510091,0.459598,52.701119,-1.339519,2023-11-08 08:00:00+00:00,2023-11-08 08:00:00+00:00,2023-12-11 08:00:00+00:00,2023-12-11 08:00:00+00:00,False
SEZHUK-231206-270309,CAUK000124,Tractor Unit,Curtain-Side 13.6M Trailer,SS17 9DY,LE67 1UA,51.510091,0.459598,52.701119,-1.339519,2023-12-11 08:00:00+00:00,2023-12-11 08:00:00+00:00,2023-12-12 08:00:00+00:00,2023-12-12 08:00:00+00:00,True
SEZHUK-231206-270345,CAUK000863,Tractor Unit,Curtain-Side 13.6M Trailer,GL3 4AJ,S80 3EG,51.843233,-2.170887,53.295391,-1.066283,2023-12-07 13:00:00+00:00,2023-12-07 13:30:00+00:00,2023-12-07 17:30:00+00:00,2023-12-07 18:00:00+00:00,False
SEZHUK-231206-270348,CAUK000863,Tractor Unit,Curtain-Side 13.6M Trailer,GL3 4AJ,S80 3EG,51.843233,-2.170887,53.295391,-1.066283,2023-12-07 17:00:00+00:00,2023-12-07 17:30:00+00:00,2023-12-07 21:30:00+00:00,2023-12-07 22:00:00+00:00,False
SEZHUK-231206-270406,CAUK000282,Tractor Unit,Tractor Only 6x2,DN3 3FF,DN3 3FF,53.537695,-1.031761,53.537695,-1.031761,2023-12-07 06:00:00+00:00,2023-12-07 07:00:00+00:00,2023-12-07 17:00:00+00:00,2023-12-07 18:00:00+00:00,True
SEZHUK-231206-270407,CAUK000282,Tractor Unit,Tractor Only 6x2,DN3 3FF,DN3 3FF,53.537695,-1.031761,53.537695,-1.031761,2023-12-07 06:00:00+00:00,2023-12-07 07:00:00+00:00,2023-12-07 17:00:00+00:00,2023-12-07 18:00:00+00:00,True
SEZHUK-231206-270409,CAUK000282,Tractor Unit,Tractor Only 6x2,DN3 3FQ,DN3 3FQ,53.534344,-1.035929,53.534344,-1.035929,2023-12-08 06:00:00+00:00,2023-12-08 07:00:00+00:00,2023-12-08 17:00:00+00:00,2023-12-08 18:00:00+00:00,True
SEZHUK-231206-270410,CAUK000282,Tractor Unit,Tractor Only 6x2,DN3 3FQ,DN3 3FQ,53.534344,-1.035929,53.534344,-1.035929,2023-12-08 06:00:00+00:00,2023-12-08 07:00:00+00:00,2023-12-08 17:00:00+00:00,2023-12-08 18:00:00+00:00,True
SEZHUK-231206-270411,CAUK000282,Tractor Unit,Tractor Only 6x2,DN3 3FQ,DN3 3FQ,53.534344,-1.035929,53.534344,-1.035929,2023-12-07 06:00:00+00:00,2023-12-07 07:00:00+00:00,2023-12-07 17:00:00+00:00,2023-12-07 18:00:00+00:00,True
SEZHUK-231206-270438,CAUK000912,3.5T Van,Box,BD5 8LZ,LE3 8DX,53.766832,-1.740516,52.641456,-1.216005,2023-12-14 00:30:00+00:00,2023-12-14 01:00:00+00:00,2023-12-15 02:30:00+00:00,2023-12-15 03:00:00+00:00,True
SEZHUK-231206-270439,CAUK000912,3.5T Van,Box,S35 2PW,LS27 0FU,53.476537,-1.471065,53.734398,-1.604189,2023-12-12 03:15:00+00:00,2023-12-12 03:45:00+00:00,2023-12-12 05:00:00+00:00,2023-12-12 05:30:00+00:00,True
SEZHUK-231206-270462,CAUK000912,3.5T Van,Box,BD5 8LZ,LE3 8DX,53.766832,-1.740516,52.641456,-1.216005,2023-12-13 00:30:00+00:00,2023-12-13 01:00:00+00:00,2023-12-14 02:30:00+00:00,2023-12-14 03:00:00+00:00,True
SEZHUK-231206-270486,CAUK000912,3.5T Van,Box,BD5 8LZ,LE3 8DX,53.766832,-1.740516,52.641456,-1.216005,2023-12-11 00:30:00+00:00,2023-12-11 01:00:00+00:00,2023-12-12 02:30:00+00:00,2023-12-12 03:00:00+00:00,True
SEZHUK-231206-270493,CAUK000912,3.5T Van,Box,S35 2PW,LS27 0FU,53.476537,-1.471065,53.734398,-1.604189,2023-12-14 03:15:00+00:00,2023-12-14 03:45:00+00:00,2023-12-14 05:00:00+00:00,2023-12-14 05:30:00+00:00,True
SEZHUK-231206-270504,CAUK000912,3.5T Van,Box,S35 2PW,LE3 8DX,53.476537,-1.471065,52.641456,-1.216005,2023-12-13 00:30:00+00:00,2023-12-13 01:00:00+00:00,2023-12-13 03:00:00+00:00,2023-12-13 03:30:00+00:00,True
SEZHUK-231206-270513,CAUK000912,3.5T Van,Box,S35 2PW,LE3 8DX,53.476537,-1.471065,52.641456,-1.216005,2023-12-16 00:30:00+00:00,2023-12-16 01:00:00+00:00,2023-12-16 03:00:00+00:00,2023-12-16 03:30:00+00:00,True
SEZHUK-231206-270515,CAUK000912,3.5T Van,Box,S35 2PW,LS27 0FU,53.476537,-1.471065,53.734398,-1.604189,2023-12-13 03:15:00+00:00,2023-12-13 03:45:00+00:00,2023-12-13 05:00:00+00:00,2023-12-13 05:30:00+00:00,True
SEZHUK-231206-270519,CAUK000912,3.5T Van,Box,S35 2PW,LE3 8DX,53.476537,-1.471065,52.641456,-1.216005,2023-12-11 00:30:00+00:00,2023-12-11 01:00:00+00:00,2023-12-11 03:00:00+00:00,2023-12-11 03:30:00+00:00,True
SEZHUK-231206-270534,CAUK000912,3.5T Van,Box,S35 2PW,LS27 0FU,53.476537,-1.471065,53.734398,-1.604189,2023-12-15 03:15:00+00:00,2023-12-15 03:45:00+00:00,2023-12-15 05:00:00+00:00,2023-12-15 05:30:00+00:00,True
SEZHUK-231206-270550,CAUK000912,3.5T Van,Box,S35 2PW,LE3 8DX,53.476537,-1.471065,52.641456,-1.216005,2023-12-15 00:30:00+00:00,2023-12-15 01:00:00+00:00,2023-12-15 03:00:00+00:00,2023-12-15 03:30:00+00:00,True
SEZHUK-231206-270553,CAUK000912,3.5T Van,Box,S35 2PW,LS27 0FU,53.476537,-1.471065,53.734398,-1.604189,2023-12-11 03:15:00+00:00,2023-12-11 03:45:00+00:00,2023-12-11 05:00:00+00:00,2023-12-11 05:30:00+00:00,True
SEZHUK-231206-270559,CAUK000912,3.5T Van,Box,S35 2PW,LS27 0FU,53.476537,-1.471065,53.734398,-1.604189,2023-12-16 03:15:00+00:00,2023-12-16 03:45:00+00:00,2023-12-16 05:00:00+00:00,2023-12-16 05:30:00+00:00,True
SEZHUK-231206-270565,CAUK000912,3.5T Van,Box,S35 2PW,LE3 8DX,53.476537,-1.471065,52.641456,-1.216005,2023-12-12 00:30:00+00:00,2023-12-12 01:00:00+00:00,2023-12-12 03:00:00+00:00,2023-12-12 03:30:00+00:00,True
SEZHUK-231206-270576,CAUK000912,3.5T Van,Box,S35 2PW,LE3 8DX,53.476537,-1.471065,52.641456,-1.216005,2023-12-17 00:30:00+00:00,2023-12-17 01:00:00+00:00,2023-12-17 03:00:00+00:00,2023-12-17 03:30:00+00:00,True
SEZHUK-231206-270582,CAUK000912,3.5T Van,Box,BD5 8LZ,LE3 8DX,53.766832,-1.740516,52.641456,-1.216005,2023-12-15 00:30:00+00:00,2023-12-15 01:00:00+00:00,2023-12-16 02:30:00+00:00,2023-12-16 03:00:00+00:00,True
SEZHUK-231206-270597,CAUK000912,3.5T Van,Box,BD5 8LZ,LE3 8DX,53.766832,-1.740516,52.641456,-1.216005,2023-12-12 00:30:00+00:00,2023-12-12 01:00:00+00:00,2023-12-13 02:30:00+00:00,2023-12-13 03:00:00+00:00,True
SEZHUK-231206-270602,CAUK000912,3.5T Van,Box,S35 2PW,LS27 0FU,53.476537,-1.471065,53.734398,-1.604189,2023-12-17 03:15:00+00:00,2023-12-17 03:45:00+00:00,2023-12-17 05:00:00+00:00,2023-12-17 05:30:00+00:00,True
SEZHUK-231206-270604,CAUK000912,3.5T Van,Box,S35 2PW,LE3 8DX,53.476537,-1.471065,52.641456,-1.216005,2023-12-14 00:30:00+00:00,2023-12-14 01:00:00+00:00,2023-12-14 03:00:00+00:00,2023-12-14 03:30:00+00:00,True
SEZHUK-231206-270776,CAUK000224,Tractor Unit,Curtain-Side 13.6M Trailer,S80 3FY,CM19 5BD,53.293393,-1.074008,51.762509,0.053285,2023-12-08 16:00:00+00:00,2023-12-08 16:59:00+00:00,2023-12-09 10:30:00+00:00,2023-12-09 11:00:00+00:00,True
SEZHUK-231206-270797,CAUK000034,Tractor Unit,Curtain-Side 13.6M Trailer,OL15 8QF,LE19 1WY,53.634051,-2.1142,52.601991,-1.190434,2023-12-09 09:00:00+00:00,2023-12-09 09:30:00+00:00,2023-12-09 16:30:00+00:00,2023-12-09 17:00:00+00:00,True
SEZHUK-231206-270799,CAUK000034,Tractor Unit,Curtain-Side 13.6M Trailer,SK13 2NU,ST4 4FA,53.483205,-1.924197,52.983393,-2.181287,2023-12-07 10:00:00+00:00,2023-12-07 10:30:00+00:00,2023-12-07 16:30:00+00:00,2023-12-07 17:00:00+00:00,True
SEZHUK-231207-270818,CAUK000770,Tractor Unit,Curtain-Side 13.6M Trailer,DN3 3FG,HP22 5EZ,53.537133,-1.037405,51.818102,-0.739456,2023-12-11 06:00:00+00:00,2023-12-11 18:00:00+00:00,2023-12-12 08:00:00+00:00,2023-12-12 11:59:00+00:00,True
SEZHUK-231207-270819,CAUK000224,Tractor Unit,Curtain-Side 13.6M Trailer,DN3 3FG,IP6 0JW,53.537133,-1.037405,52.106487,1.098275,2023-12-11 06:00:00+00:00,2023-12-11 18:00:00+00:00,2023-12-12 09:32:00+00:00,2023-12-12 10:00:00+00:00,True
SEZHUK-231207-270821,CAUK000689,Tractor Unit,Curtain-Side 13.6M Trailer,DN3 3FG,BS10 7JB,53.537133,-1.037405,51.51091,-2.619005,2023-12-11 06:00:00+00:00,2023-12-11 18:00:00+00:00,2023-12-12 08:00:00+00:00,2023-12-12 11:59:00+00:00,True
SEZHUK-231207-270822,CAUK000224,Tractor Unit,Curtain-Side 13.6M Trailer,DN3 3FG,MK17 8DB,53.537133,-1.037405,52.03393,-0.67711,2023-12-11 06:00:00+00:00,2023-12-11 18:00:00+00:00,2023-12-12 07:32:00+00:00,2023-12-12 08:00:00+00:00,True
SEZHUK-231207-270823,CAUK000224,Tractor Unit,Curtain-Side 13.6M Trailer,DN3 3FG,MK17 8DB,53.537133,-1.037405,52.03393,-0.67711,2023-12-11 06:00:00+00:00,2023-12-11 18:00:00+00:00,2023-12-12 08:32:00+00:00,2023-12-12 09:00:00+00:00,False
SEZHUK-231207-270847,CAUK000116,Tractor Unit,Curtain-Side 13.6M Trailer,DN8 5TE,BH23 4SA,53.566639,-0.919839,50.747065,-1.734602,2023-12-08 06:00:00+00:00,2023-12-08 16:00:00+00:00,2023-12-11 15:31:00+00:00,2023-12-11 15:59:00+00:00,True
SEZHUK-231207-270862,CAUK000863,Tractor Unit,Curtain-Side 13.6M Trailer,S80 3FY,OX14 4TE,53.293393,-1.074008,51.623911,-1.28,2023-12-08 23:00:00+00:00,2023-12-08 23:59:00+00:00,2023-12-09 08:55:00+00:00,2023-12-09 09:25:00+00:00,True
SEZHUK-231207-270920,CAUK000689,Tractor Unit,Curtain-Side 13.6M Trailer,DE12 8AA,TA6 4FG,52.690284,-1.548894,51.155543,-2.983834,2023-12-08 12:30:00+00:00,2023-12-08 13:30:00+00:00,2023-12-11 06:10:00+00:00,2023-12-11 06:40:00+00:00,True
SEZHUK-231207-270943,CAUK000124,Tractor Unit,Curtain-Side 13.6M Trailer,NN4 9BA,DA18 4AG,52.213462,-0.951036,51.497213,0.142124,2023-12-11 11:00:00+00:00,2023-12-11 12:00:00+00:00,2023-12-11 15:30:00+00:00,2023-12-11 16:00:00+00:00,True
SEZHUK-231207-270977,CAUK000029,Tractor Unit,Curtain-Side 13.6M Trailer,DN3 3FG,WS12 1NR,53.537133,-1.037405,52.703735,-1.983264,2023-12-08 06:00:00+00:00,2023-12-08 18:00:00+00:00,2023-12-11 07:32:00+00:00,2023-12-11 08:00:00+00:00,False
SEZHUK-231207-270978,CAUK000029,Tractor Unit,Curtain-Side 13.6M Trailer,DN3 3FG,WS12 1NR,53.537133,-1.037405,52.703735,-1.983264,2023-12-08 06:00:00+00:00,2023-12-08 18:00:00+00:00,2023-12-11 08:32:00+00:00,2023-12-11 09:00:00+00:00,False
SEZHUK-231207-270979,CAUK000029,Tractor Unit,Curtain-Side 13.6M Trailer,DN3 3FG,WS12 1NR,53.537133,-1.037405,52.703735,-1.983264,2023-12-08 06:00:00+00:00,2023-12-08 18:00:00+00:00,2023-12-11 09:32:00+00:00,2023-12-11 10:00:00+00:00,True
SEZHUK-231207-271018,CAUK000029,Tractor Unit,Curtain-Side 13.6M Trailer,DN3 3FG,WS12 1NR,53.537133,-1.037405,52.703735,-1.983264,2023-12-11 06:00:00+00:00,2023-12-11 18:00:00+00:00,2023-12-12 08:32:00+00:00,2023-12-12 09:00:00+00:00,True
SEZHUK-231207-271044,CAUK000310,Tractor Unit,Tractor Only,ST16 3EF,CV8 3ED,52.806693,-2.12066,52.371658,-1.452326,2023-12-11 14:00:00+00:00,2023-12-11 15:00:00+00:00,2023-12-11 17:30:00+00:00,2023-12-11 18:30:00+00:00,True
SEZHUK-231207-271045,CAUK000310,Tractor Unit,Tractor Only,ST16 3EF,CV8 3ED,52.806693,-2.12066,52.371658,-1.452326,2023-12-12 14:00:00+00:00,2023-12-12 15:00:00+00:00,2023-12-12 17:30:00+00:00,2023-12-12 18:30:00+00:00,False
SEZHUK-231207-271047,CAUK000310,Tractor Unit,Tractor Only,ST16 3EF,CV8 3ED,52.806693,-2.12066,52.371658,-1.452326,2023-12-14 14:00:00+00:00,2023-12-14 15:00:00+00:00,2023-12-14 17:30:00+00:00,2023-12-14 18:30:00+00:00,False
SEZHUK-231207-271054,CAUK000159,Tractor Unit,Curtain-Side 13.6M Trailer,DE14 2WT,TS25 2DH,52.800481,-1.663328,54.650703,-1.199873,2023-12-08 15:00:00+00:00,2023-12-11 07:00:00+00:00,2023-12-11 07:30:00+00:00,2023-12-11 08:00:00+00:00,True
SEZHUK-231207-271062,CAUK000310,Tractor Unit,Tractor Only,PE12 6EW,CV8 3ED,52.78285,-0.124795,52.371658,-1.452326,2023-12-11 09:30:00+00:00,2023-12-11 10:30:00+00:00,2023-12-11 12:30:00+00:00,2023-12-11 13:30:00+00:00,False
SEZHUK-231207-271067,CAUK000310,Tractor Unit,Tractor Only,PE12 6EW,CV8 3ED,52.78285,-0.124795,52.371658,-1.452326,2023-12-14 09:30:00+00:00,2023-12-14 10:30:00+00:00,2023-12-14 12:30:00+00:00,2023-12-14 13:30:00+00:00,True
SEZHUK-231207-271072,CAUK000310,Tractor Unit,Tractor Only,PE12 6EW,CV8 3ED,52.78285,-0.124795,52.371658,-1.452326,2023-12-17 10:30:00+00:00,2023-12-17 11:30:00+00:00,2023-12-17 13:30:00+00:00,2023-12-17 14:30:00+00:00,True
SEZHUK-231207-271075,CAUK000310,Tractor Unit,Tractor Only,PE12 6EW,CV8 3ED,52.78285,-0.124795,52.371658,-1.452326,2023-12-11 13:30:00+00:00,2023-12-11 14:30:00+00:00,2023-12-11 16:30:00+00:00,2023-12-11 17:30:00+00:00,True
SEZHUK-231207-271076,CAUK000310,Tractor Unit,Tractor Only,PE12 6EW,CV8 3ED,52.78285,-0.124795,52.371658,-1.452326,2023-12-14 13:30:00+00:00,2023-12-14 14:30:00+00:00,2023-12-14 16:30:00+00:00,2023-12-14 17:30:00+00:00,True
SEZHUK-231207-271079,CAUK000310,Tractor Unit,Tractor Only,PE12 6EW,CV8 3ED,52.78285,-0.124795,52.371658,-1.452326,2023-12-17 15:30:00+00:00,2023-12-17 16:30:00+00:00,2023-12-17 18:30:00+00:00,2023-12-17 19:30:00+00:00,True
SEZHUK-231207-271081,CAUK000310,Tractor Unit,Tractor Only,PE12 6EW,CV8 3ED,52.78285,-0.124795,52.371658,-1.452326,2023-12-12 15:30:00+00:00,2023-12-12 16:30:00+00:00,2023-12-12 18:30:00+00:00,2023-12-12 19:30:00+00:00,False
SEZHUK-231207-271083,CAUK000310,Tractor Unit,Tractor Only,PE12 6EW,CV8 3ED,52.78285,-0.124795,52.371658,-1.452326,2023-12-13 15:30:00+00:00,2023-12-13 16:30:00+00:00,2023-12-13 18:30:00+00:00,2023-12-13 19:30:00+00:00,True
SEZHUK-231207-271094,CAUK000310,Tractor Unit,Tractor Only,PE12 6EW,CV8 3ED,52.78285,-0.124795,52.371658,-1.452326,2023-12-13 18:30:00+00:00,2023-12-13 19:30:00+00:00,2023-12-13 21:30:00+00:00,2023-12-13 22:30:00+00:00,True
SEZHUK-231207-271117,CAUK001047,Tractor Unit,Curtain-Side 13.6M Trailer,GL16 8JB,S80 3EG,51.785961,-2.619676,53.295391,-1.066283,2023-12-08 18:00:00+00:00,2023-12-08 19:00:00+00:00,2023-12-09 00:30:00+00:00,2023-12-09 01:00:00+00:00,True
SEZHUK-231207-271120,CAUK001047,Tractor Unit,Curtain-Side 13.6M Trailer,GL16 8JB,S80 3EG,51.785961,-2.619676,53.295391,-1.066283,2023-12-08 06:00:00+00:00,2023-12-08 07:00:00+00:00,2023-12-08 12:30:00+00:00,2023-12-08 13:00:00+00:00,True
SEZHUK-231207-271121,CAUK001047,Tractor Unit,Curtain-Side 13.6M Trailer,GL16 8JB,S80 3EG,51.785961,-2.619676,53.295391,-1.066283,2023-12-08 17:00:00+00:00,2023-12-08 18:00:00+00:00,2023-12-08 23:31:00+00:00,2023-12-09 00:01:00+00:00,False
SEZHUK-231207-271124,CAUK001047,Tractor Unit,Curtain-Side 13.6M Trailer,GL16 8JB,S80 3EG,51.785961,-2.619676,53.295391,-1.066283,2023-12-08 19:00:00+00:00,2023-12-08 20:00:00+00:00,2023-12-09 01:30:00+00:00,2023-12-09 02:00:00+00:00,True
SEZHUK-231207-271125,CAUK001047,Tractor Unit,Curtain-Side 13.6M Trailer,GL16 8JB,S80 3EG,51.785961,-2.619676,53.295391,-1.066283,2023-12-08 23:00:00+00:00,2023-12-09 00:00:00+00:00,2023-12-09 05:30:00+00:00,2023-12-09 06:00:00+00:00,True
SEZHUK-231207-271141,CAUK000310,Tractor Unit,Curtain-Side 13.6M Trailer,DE14 2WT,NN8 6GR,52.800481,-1.663328,52.30156,-0.733166,2023-12-11 07:00:00+00:00,2023-12-11 07:30:00+00:00,2023-12-11 10:30:00+00:00,2023-12-11 11:00:00+00:00,True
SEZHUK-231207-271142,CAUK000310,Tractor Unit,Curtain-Side 13.6M Trailer,DE14 2WT,OX11 7HJ,52.800481,-1.663328,51.619119,-1.256837,2023-12-12 14:00:00+00:00,2023-12-12 14:30:00+00:00,2023-12-12 18:00:00+00:00,2023-12-12 18:30:00+00:00,True
SEZHUK-231207-271148,CAUK000048,Tractor Unit,Curtain-Side 13.6M Trailer,LS10 1SL,CA2 5TG,53.771668,-1.514934,54.894227,-2.948772,2023-12-08 10:00:00+00:00,2023-12-08 10:30:00+00:00,2023-12-08 14:00:00+00:00,2023-12-08 14:30:00+00:00,True
SEZHUK-231207-271178,CAUK000155,Tractor Unit,Curtain-Side 13.6M Trailer,L11 0JA,UB6 8UH,53.462845,-2.896967,51.54329,-0.358536,2023-12-08 16:00:00+00:00,2023-12-08 16:01:00+00:00,2023-12-11 13:55:00+00:00,2023-12-11 14:25:00+00:00,True
SEZHUK-231207-271179,CAUK000863,Tractor Unit,Curtain-Side 13.6M Trailer,L11 0JA,CM2 5AS,53.462845,-2.896967,51.74837,0.518553,2023-12-08 17:00:00+00:00,2023-12-08 17:01:00+00:00,2023-12-11 15:55:00+00:00,2023-12-11 16:25:00+00:00,True
SEZHUK-231207-271180,CAUK000155,Tractor Unit,Curtain-Side 13.6M Trailer,L11 0JA,UB6 8UH,53.462845,-2.896967,51.54329,-0.358536,2023-12-08 12:00:00+00:00,2023-12-08 12:01:00+00:00,2023-12-11 09:55:00+00:00,2023-12-11 10:25:00+00:00,True
SEZHUK-231207-271182,CAUK000155,Tractor Unit,Curtain-Side 13.6M Trailer,L11 0JA,UB6 8UH,53.462845,-2.896967,51.54329,-0.358536,2023-12-08 15:00:00+00:00,2023-12-08 15:01:00+00:00,2023-12-11 11:55:00+00:00,2023-12-11 12:25:00+00:00,True
SEZHUK-231207-271217,CAUK000863,Tractor Unit,Curtain-Side 13.6M Trailer,LE19 1WY,DA1 2DS,52.601991,-1.190434,51.439021,0.20267,2023-12-08 03:45:00+00:00,2023-12-08 04:15:00+00:00,2023-12-08 21:30:00+00:00,2023-12-08 22:00:00+00:00,True
SEZHUK-231207-271250,CAUK000863,Tractor Unit,Curtain-Side 13.6M Trailer,S80 3FY,GL3 4AJ,53.293393,-1.074008,51.843283,-2.17301,2023-12-09 13:00:00+00:00,2023-12-09 13:59:00+00:00,2023-12-11 07:55:00+00:00,2023-12-11 08:25:00+00:00,True
SEZHUK-231207-271321,CAUK000222,Tractor Unit,Curtain-Side 13.6M Trailer,L11 0JA,NN4 9BB,53.462845,-2.896967,52.215154,-0.947502,2023-12-08 18:00:00+00:00,2023-12-08 18:01:00+00:00,2023-12-11 14:35:00+00:00,2023-12-11 15:05:00+00:00,False
SEZHUK-231207-271415,CAUK000034,Tractor Unit,Curtain-Side 13.6M Trailer,OL15 8QF,LE19 1WY,53.634051,-2.1142,52.601991,-1.190434,2023-12-09 08:00:00+00:00,2023-12-09 09:00:00+00:00,2023-12-09 16:30:00+00:00,2023-12-09 17:00:00+00:00,True
SEZHUK-231207-271418,CAUK000096,Tractor Unit,Curtain-Side 13.6M Trailer,M28 2LX,LE19 1WY,53.514337,-2.355945,52.601991,-1.190434,2023-12-08 10:00:00+00:00,2023-12-08 10:30:00+00:00,2023-12-08 16:30:00+00:00,2023-12-08 17:00:00+00:00,True
SEZHUK-231207-271422,CAUK000034,Tractor Unit,Curtain-Side 13.6M Trailer,OL15 8QF,LE19 1WY,53.634051,-2.1142,52.601991,-1.190434,2023-12-09 08:00:00+00:00,2023-12-09 08:30:00+00:00,2023-12-09 16:30:00+00:00,2023-12-09 17:00:00+00:00,True
SEZHUK-231207-271429,CAUK000034,Tractor Unit,Curtain-Side 13.6M Trailer,SK13 2NU,ST4 4FA,53.483205,-1.924197,52.983393,-2.181287,2023-12-08 10:00:00+00:00,2023-12-08 10:30:00+00:00,2023-12-08 16:30:00+00:00,2023-12-08 17:00:00+00:00,False
SEZHUK-231208-271444,CAUK000770,Tractor Unit,Curtain-Side 13.6M Trailer,DN3 3FG,HP22 5EZ,53.537133,-1.037405,51.818102,-0.739456,2023-12-13 06:00:00+00:00,2023-12-13 18:00:00+00:00,2023-12-13 08:00:00+00:00,2023-12-13 18:00:00+00:00,True
SEZHUK-231208-271445,CAUK000029,Tractor Unit,Curtain-Side 13.6M Trailer,DN3 3FG,WS12 1NR,53.537133,-1.037405,52.703735,-1.983264,2023-12-12 06:00:00+00:00,2023-12-12 18:00:00+00:00,2023-12-13 07:32:00+00:00,2023-12-13 08:00:00+00:00,False
SEZHUK-231208-271446,CAUK000029,Tractor Unit,Curtain-Side 13.6M Trailer,DN3 3FG,WS12 1NR,53.537133,-1.037405,52.703735,-1.983264,2023-12-12 06:00:00+00:00,2023-12-12 18:00:00+00:00,2023-12-13 08:32:00+00:00,2023-12-13 09:00:00+00:00,False
SEZHUK-231208-271447,CAUK000029,Tractor Unit,Curtain-Side 13.6M Trailer,DN3 3FG,WS12 1NR,53.537133,-1.037405,52.703735,-1.983264,2023-12-12 06:00:00+00:00,2023-12-12 18:00:00+00:00,2023-12-13 09:32:00+00:00,2023-12-13 10:00:00+00:00,True
SEZHUK-231208-271448,CAUK000029,Tractor Unit,Curtain-Side 13.6M Trailer,DN3 3FG,WS12 1NR,53.537133,-1.037405,52.703735,-1.983264,2023-12-12 06:00:00+00:00,2023-12-12 18:00:00+00:00,2023-12-13 10:32:00+00:00,2023-12-13 11:00:00+00:00,False
SEZHUK-231208-271486,CAUK000876,Tractor Unit,Curtain-Side 13.6M Trailer,DE14 2WT,BT26 6JJ,52.800481,-1.663328,54.474078,-6.104285,2023-12-12 11:00:00+00:00,2023-12-14 07:00:00+00:00,2023-12-14 07:30:00+00:00,2023-12-14 08:00:00+00:00,True
SEZHUK-231208-271492,CAUK000863,Tractor Unit,Curtain-Side 13.6M Trailer,DN8 5TE,TN14 7NN,53.566639,-0.919839,51.328538,0.118422,2023-12-11 06:00:00+00:00,2023-12-11 18:00:00+00:00,2023-12-12 08:00:00+00:00,2023-12-12 15:59:00+00:00,True
SEZHUK-231208-271495,CAUK000863,Tractor Unit,Curtain-Side 13.6M Trailer,DN8 5TE,EN2 9EU,53.566639,-0.919839,51.668724,-0.066257,2023-12-11 06:00:00+00:00,2023-12-11 18:00:00+00:00,2023-12-12 11:31:00+00:00,2023-12-12 11:59:00+00:00,True
SEZHUK-231208-271503,CAUK000689,Tractor Unit,Curtain-Side 13.6M Trailer,DE14 2WT,CF72 8XX,52.800481,-1.663328,51.531942,-3.396527,2023-12-11 14:01:00+00:00,2023-12-12 07:00:00+00:00,2023-12-12 07:30:00+00:00,2023-12-12 08:00:00+00:00,True
SEZHUK-231208-271506,CAUK000954,Tractor Unit,Curtain-Side 13.6M Trailer,ST4 8WG,SP4 7SQ,52.981253,-2.170162,51.177012,-1.757833,2023-12-11 12:00:00+00:00,2023-12-11 12:56:00+00:00,2023-12-12 07:55:00+00:00,2023-12-12 08:25:00+00:00,True
SEZHUK-231208-271508,CAUK000899,Tractor Unit,Curtain-Side 13.6M Trailer,DN11 9HE,DG1 3NX,53.437296,-1.068189,55.103288,-3.58116,2023-12-11 13:00:00+00:00,2023-12-11 13:59:00+00:00,2023-12-12 06:55:00+00:00,2023-12-12 07:25:00+00:00,True
SEZHUK-231208-271511,CAUK000310,Tractor Unit,Curtain-Side 13.6M Trailer,NN4 9BA,OX11 7HJ,52.213462,-0.951036,51.619119,-1.256837,2023-12-12 07:00:00+00:00,2023-12-12 07:30:00+00:00,2023-12-12 10:30:00+00:00,2023-12-12 11:00:00+00:00,False
SEZHUK-231208-271529,CAUK000490,Tractor Unit,Box,BD12 7ER,CW1 6FB,53.753295,-1.722689,53.087056,-2.416485,2023-12-11 16:00:00+00:00,2023-12-11 16:30:00+00:00,2023-12-12 19:00:00+00:00,2023-12-12 19:30:00+00:00,True
SEZHUK-231208-271530,CAUK000490,Tractor Unit,Box,BD12 7ER,CW1 6FB,53.753295,-1.722689,53.087056,-2.416485,2023-12-12 16:00:00+00:00,2023-12-12 16:30:00+00:00,2023-12-12 19:00:00+00:00,2023-12-12 19:30:00+00:00,False
SEZHUK-231208-271532,CAUK000490,Tractor Unit,Box,BD12 7ER,CW1 6FB,53.753295,-1.722689,53.087056,-2.416485,2023-12-14 16:00:00+00:00,2023-12-14 16:30:00+00:00,2023-12-14 19:00:00+00:00,2023-12-14 19:30:00+00:00,False
SEZHUK-231208-271533,CAUK000490,Tractor Unit,Box,BD12 7ER,CW1 6FB,53.753295,-1.722689,53.087056,-2.416485,2023-12-15 16:00:00+00:00,2023-12-15 16:30:00+00:00,2023-12-15 19:00:00+00:00,2023-12-15 19:30:00+00:00,False
SEZHUK-231208-271547,CAUK000155,Tractor Unit,Box,BD12 7ER,RG19 4BQ,53.753295,-1.722689,51.398689,-1.232386,2023-12-12 19:00:00+00:00,2023-12-12 19:30:00+00:00,2023-12-13 02:00:00+00:00,2023-12-13 02:30:00+00:00,True
SEZHUK-231208-271550,CAUK000155,Tractor Unit,Box,BD12 7ER,RG19 4BQ,53.753295,-1.722689,51.398689,-1.232386,2023-12-14 19:00:00+00:00,2023-12-14 19:30:00+00:00,2023-12-15 02:00:00+00:00,2023-12-15 02:30:00+00:00,True
SEZHUK-231208-271584,CAUK000115,Tractor Unit,Curtain-Side 13.6M Trailer,LS10 1SL,CH62 4TG,53.771668,-1.514934,53.346913,-2.988986,2023-12-09 16:00:00+00:00,2023-12-09 16:30:00+00:00,2023-12-09 21:00:00+00:00,2023-12-09 22:00:00+00:00,True
SEZHUK-231208-271593,CAUK000116,Tractor Unit,Curtain-Side 13.6M Trailer,S80 3FY,SP4 7GQ,53.293393,-1.074008,51.17534,-1.753679,2023-12-11 13:30:00+00:00,2023-12-11 14:29:00+00:00,2023-12-12 05:55:00+00:00,2023-12-12 06:25:00+00:00,False
SEZHUK-231208-271641,CAUK000282,Tractor Unit,Tractor Only 6x2,DN3 3FQ,DN3 3FQ,53.534344,-1.035929,53.534344,-1.035929,2023-12-11 08:00:00+00:00,2023-12-11 08:30:00+00:00,2023-12-11 08:00:00+00:00,2023-12-11 08:30:00+00:00,True
SEZHUK-231208-271642,CAUK000282,Tractor Unit,Tractor Only 6x2,DN3 3FQ,DN3 3FQ,53.534344,-1.035929,53.534344,-1.035929,2023-12-11 13:00:00+00:00,2023-12-11 14:00:00+00:00,2023-12-11 13:00:00+00:00,2023-12-11 14:00:00+00:00,True
SEZHUK-231208-271643,CAUK000282,Tractor Unit,Tractor Only 6x2,DN3 3FQ,DN3 3FQ,53.534344,-1.035929,53.534344,-1.035929,2023-12-11 07:00:00+00:00,2023-12-11 07:30:00+00:00,2023-12-11 07:00:00+00:00,2023-12-11 07:30:00+00:00,False
SEZHUK-231208-271646,CAUK000435,Tractor Unit,Curtain-Side 13.6M Trailer,AL10 9BD,W5 2ND,51.771135,-0.241704,51.513736,-0.304263,2023-12-10 05:00:00+00:00,2023-12-10 05:00:00+00:00,2023-12-10 05:00:00+00:00,2023-12-11 04:59:00+00:00,True
SEZHUK-231208-271652,CAUK000222,Tractor Unit,Curtain-Side 13.6M Trailer,WN4 8DE,LE19 1WY,53.501398,-2.64202,52.601991,-1.190434,2023-12-11 10:00:00+00:00,2023-12-11 10:30:00+00:00,2023-12-11 16:30:00+00:00,2023-12-11 17:00:00+00:00,False
SEZHUK-231208-271661,CAUK000222,Tractor Unit,Curtain-Side 13.6M Trailer,SK16 4UG,LE19 1WY,53.467889,-2.096702,52.601991,-1.190434,2023-12-11 10:00:00+00:00,2023-12-11 10:30:00+00:00,2023-12-11 16:30:00+00:00,2023-12-11 17:00:00+00:00,False
SEZHUK-231208-271663,CAUK000034,Tractor Unit,Curtain-Side 13.6M Trailer,SK13 2NU,ST4 4FA,53.483205,-1.924197,52.983393,-2.181287,2023-12-11 10:00:00+00:00,2023-12-11 10:30:00+00:00,2023-12-11 16:30:00+00:00,2023-12-11 17:00:00+00:00,True
SEZHUK-231208-271668,CAUK000222,Tractor Unit,Curtain-Side 13.6M Trailer,SK14 4UQ,ST4 4FA,53.463078,-2.055857,52.983393,-2.181287,2023-12-11 10:00:00+00:00,2023-12-11 10:30:00+00:00,2023-12-11 16:30:00+00:00,2023-12-11 17:00:00+00:00,True
SEZHUK-231208-271670,CAUK000222,Tractor Unit,Curtain-Side 13.6M Trailer,WN4 8DE,ST4 4FA,53.501398,-2.64202,52.983393,-2.181287,2023-12-11 10:00:00+00:00,2023-12-11 10:30:00+00:00,2023-12-11 16:30:00+00:00,2023-12-11 17:00:00+00:00,False
SEZHUK-231208-271686,CAUK000034,Tractor Unit,Curtain-Side 13.6M Trailer,OL15 8QF,ST4 4FA,53.634051,-2.1142,52.983393,-2.181287,2023-12-11 10:00:00+00:00,2023-12-11 10:30:00+00:00,2023-12-11 16:30:00+00:00,2023-12-11 17:00:00+00:00,False
SEZHUK-231208-271696,CAUK001047,Tractor Unit,Curtain-Side 13.6M Trailer,GL16 8JB,S80 3EG,51.785961,-2.619676,53.295391,-1.066283,2023-12-09 20:00:00+00:00,2023-12-09 21:00:00+00:00,2023-12-10 02:30:00+00:00,2023-12-10 03:00:00+00:00,True
SEZHUK-231208-271698,CAUK000222,Tractor Unit,Curtain-Side 13.6M Trailer,L11 0JA,WV4 6UD,53.462845,-2.896967,52.560452,-2.099437,2023-12-12 12:00:00+00:00,2023-12-12 12:01:00+00:00,2023-12-12 18:55:00+00:00,2023-12-12 19:25:00+00:00,True
SEZHUK-231208-271707,CAUK001047,Tractor Unit,Curtain-Side 13.6M Trailer,GL16 8JB,S80 3EG,51.785961,-2.619676,53.295391,-1.066283,2023-12-10 06:00:00+00:00,2023-12-10 07:00:00+00:00,2023-12-10 12:30:00+00:00,2023-12-10 13:00:00+00:00,True
SEZHUK-231208-271709,CAUK001047,Tractor Unit,Curtain-Side 13.6M Trailer,GL16 8JB,S80 3EG,51.785961,-2.619676,53.295391,-1.066283,2023-12-10 05:00:00+00:00,2023-12-10 06:00:00+00:00,2023-12-10 11:30:00+00:00,2023-12-10 12:00:00+00:00,True
SEZHUK-231208-271712,CAUK001047,Tractor Unit,Curtain-Side 13.6M Trailer,GL16 8JB,S80 3EG,51.785961,-2.619676,53.295391,-1.066283,2023-12-10 06:30:00+00:00,2023-12-10 07:30:00+00:00,2023-12-10 15:00:00+00:00,2023-12-10 15:30:00+00:00,True
SEZHUK-231208-271714,CAUK001047,Tractor Unit,Curtain-Side 13.6M Trailer,GL16 8JB,S80 3EG,51.785961,-2.619676,53.295391,-1.066283,2023-12-10 18:00:00+00:00,2023-12-10 19:00:00+00:00,2023-12-11 00:30:00+00:00,2023-12-11 01:00:00+00:00,False
SEZHUK-231208-271715,CAUK001047,Tractor Unit,Curtain-Side 13.6M Trailer,GL16 8JB,S80 3EG,51.785961,-2.619676,53.295391,-1.066283,2023-12-10 18:30:00+00:00,2023-12-10 19:30:00+00:00,2023-12-11 01:00:00+00:00,2023-12-11 01:30:00+00:00,True
SEZHUK-231208-271718,CAUK001047,Tractor Unit,Curtain-Side 13.6M Trailer,GL16 8JB,S80 3EG,51.785961,-2.619676,53.295391,-1.066283,2023-12-10 18:30:00+00:00,2023-12-10 19:30:00+00:00,2023-12-11 01:00:00+00:00,2023-12-11 01:30:00+00:00,False
SEZHUK-231208-271720,CAUK001047,Tractor Unit,Curtain-Side 13.6M Trailer,GL16 8JB,S80 3EG,51.785961,-2.619676,53.295391,-1.066283,2023-12-10 19:00:00+00:00,2023-12-10 20:00:00+00:00,2023-12-11 01:30:00+00:00,2023-12-11 02:00:00+00:00,False
SEZHUK-231208-271721,CAUK001047,Tractor Unit,Curtain-Side 13.6M Trailer,GL16 8JB,S80 3EG,51.785961,-2.619676,53.295391,-1.066283,2023-12-10 19:00:00+00:00,2023-12-10 20:00:00+00:00,2023-12-11 01:30:00+00:00,2023-12-11 02:00:00+00:00,True
SEZHUK-231208-271723,CAUK000435,Tractor Unit,Curtain-Side 13.6M Trailer,AL10 9BD,EN2 6BP,51.771135,-0.241704,51.651471,-0.081837,2023-12-10 15:00:00+00:00,2023-12-10 15:00:00+00:00,2023-12-10 15:00:00+00:00,2023-12-11 14:59:00+00:00,True
SEZHUK-231208-271725,CAUK001047,Tractor Unit,Curtain-Side 13.6M Trailer,GL16 8JB,S80 3EG,51.785961,-2.619676,53.295391,-1.066283,2023-12-11 05:00:00+00:00,2023-12-11 06:00:00+00:00,2023-12-11 11:30:00+00:00,2023-12-11 12:00:00+00:00,True
SEZHUK-231208-271726,CAUK001047,Tractor Unit,Curtain-Side 13.6M Trailer,GL16 8JB,S80 3EG,51.785961,-2.619676,53.295391,-1.066283,2023-12-11 05:30:00+00:00,2023-12-11 06:30:00+00:00,2023-12-11 12:00:00+00:00,2023-12-11 12:30:00+00:00,True
SEZHUK-231208-271727,CAUK001047,Tractor Unit,Curtain-Side 13.6M Trailer,GL16 8JB,S80 3EG,51.785961,-2.619676,53.295391,-1.066283,2023-12-11 05:30:00+00:00,2023-12-11 06:30:00+00:00,2023-12-11 12:00:00+00:00,2023-12-11 12:30:00+00:00,True
SEZHUK-231208-271729,CAUK000954,Tractor Unit,Curtain-Side 13.6M Trailer,GL16 8JB,S80 3EG,51.785961,-2.619676,53.295391,-1.066283,2023-12-11 06:30:00+00:00,2023-12-11 07:30:00+00:00,2023-12-11 13:00:00+00:00,2023-12-11 13:30:00+00:00,True
SEZHUK-231208-271730,CAUK001047,Tractor Unit,Curtain-Side 13.6M Trailer,GL16 8JB,S80 3EG,51.785961,-2.619676,53.295391,-1.066283,2023-12-11 06:00:00+00:00,2023-12-11 07:00:00+00:00,2023-12-11 12:30:00+00:00,2023-12-11 13:00:00+00:00,True
SEZHUK-231208-271733,CAUK001047,Tractor Unit,Curtain-Side 13.6M Trailer,GL16 8JB,S80 3EG,51.785961,-2.619676,53.295391,-1.066283,2023-12-11 06:00:00+00:00,2023-12-11 07:00:00+00:00,2023-12-11 12:30:00+00:00,2023-12-11 13:00:00+00:00,False
SEZHUK-231208-271742,CAUK001047,Tractor Unit,Curtain-Side 13.6M Trailer,GL16 8JB,S80 3EG,51.785961,-2.619676,53.295391,-1.066283,2023-12-11 20:30:00+00:00,2023-12-11 21:30:00+00:00,2023-12-12 03:00:00+00:00,2023-12-12 03:30:00+00:00,True
SEZHUK-231208-271743,CAUK000899,Tractor Unit,Curtain-Side 13.6M Trailer,GL16 8JB,S80 3EG,51.785961,-2.619676,53.295391,-1.066283,2023-12-11 13:00:00+00:00,2023-12-11 14:00:00+00:00,2023-12-11 19:30:00+00:00,2023-12-11 20:00:00+00:00,True
SEZHUK-231208-271745,CAUK000116,Tractor Unit,Curtain-Side 13.6M Trailer,GL16 8JB,S80 3EG,51.785961,-2.619676,53.295391,-1.066283,2023-12-11 14:00:00+00:00,2023-12-11 15:00:00+00:00,2023-12-11 20:30:00+00:00,2023-12-11 21:00:00+00:00,False
SEZHUK-231208-271752,CAUK001047,Tractor Unit,Curtain-Side 13.6M Trailer,GL16 8JB,S80 3EG,51.785961,-2.619676,53.295391,-1.066283,2023-12-11 19:00:00+00:00,2023-12-11 20:00:00+00:00,2023-12-12 01:30:00+00:00,2023-12-12 02:00:00+00:00,False
SEZHUK-231208-271753,CAUK001047,Tractor Unit,Curtain-Side 13.6M Trailer,GL16 8JB,S80 3EG,51.785961,-2.619676,53.295391,-1.066283,2023-12-11 19:00:00+00:00,2023-12-11 20:00:00+00:00,2023-12-12 01:30:00+00:00,2023-12-12 02:00:00+00:00,False
SEZHUK-231208-271754,CAUK001047,Tractor Unit,Curtain-Side 13.6M Trailer,GL16 8JB,S80 3EG,51.785961,-2.619676,53.295391,-1.066283,2023-12-11 19:30:00+00:00,2023-12-11 20:30:00+00:00,2023-12-12 02:00:00+00:00,2023-12-12 02:30:00+00:00,True
SEZHUK-231208-271755,CAUK001047,Tractor Unit,Curtain-Side 13.6M Trailer,GL16 8JB,S80 3EG,51.785961,-2.619676,53.295391,-1.066283,2023-12-11 19:30:00+00:00,2023-12-11 20:30:00+00:00,2023-12-12 02:00:00+00:00,2023-12-12 02:30:00+00:00,True
SEZHUK-231208-271756,CAUK001047,Tractor Unit,Curtain-Side 13.6M Trailer,GL16 8JB,S80 3EG,51.785961,-2.619676,53.295391,-1.066283,2023-12-11 20:00:00+00:00,2023-12-11 21:00:00+00:00,2023-12-12 02:30:00+00:00,2023-12-12 03:00:00+00:00,True
SEZHUK-231208-271757,CAUK001047,Tractor Unit,Curtain-Side 13.6M Trailer,GL16 8JB,S80 3EG,51.785961,-2.619676,53.295391,-1.066283,2023-12-11 20:00:00+00:00,2023-12-11 21:00:00+00:00,2023-12-12 02:30:00+00:00,2023-12-12 03:00:00+00:00,False
SEZHUK-231209-271816,CAUK000689,Tractor Unit,Curtain-Side 13.6M Trailer,PE29 2XR,NP26 3TS,52.315672,-0.157664,51.571921,-2.862409,2023-12-11 08:00:00+00:00,2023-12-11 08:55:00+00:00,2023-12-11 18:00:00+00:00,2023-12-11 18:30:00+00:00,True
SEZHUK-231209-271844,CAUK000766,Tractor Unit,Box 44ft,BD5 8LZ,ME13 7TW,53.767302,-1.74656,51.328048,0.877608,2023-12-10 00:21:00+00:00,2023-12-10 02:01:00+00:00,2023-12-10 07:55:00+00:00,2023-12-10 10:51:00+00:00,False
SEZHUK-231209-271848,CAUK000766,Tractor Unit,Box 44ft,BD5 8LZ,RG19 4BQ,53.767302,-1.74656,51.398851,-1.231993,2023-12-10 22:19:00+00:00,2023-12-11 01:00:00+00:00,2023-12-11 06:37:00+00:00,2023-12-11 09:33:00+00:00,False
SEZHUK-231209-271849,CAUK000766,Tractor Unit,Box 44ft,BD5 8LZ,HP2 7PZ,53.767302,-1.74656,51.769433,-0.444266,2023-12-10 01:20:00+00:00,2023-12-10 03:00:00+00:00,2023-12-10 07:51:00+00:00,2023-12-10 10:46:00+00:00,True
SEZHUK-231209-271852,CAUK000435,Tractor Unit,Box 44ft,BD5 8LZ,EN3 7QP,53.767302,-1.74656,51.6607,-0.022247,2023-12-10 01:20:00+00:00,2023-12-10 03:00:00+00:00,2023-12-10 07:03:00+00:00,2023-12-10 10:43:00+00:00,True
SEZHUK-231209-271860,CAUK000863,Tractor Unit,Box 44ft,BD5 8LZ,HP2 7PZ,53.767302,-1.74656,51.769433,-0.444266,2023-12-10 04:20:00+00:00,2023-12-10 06:00:00+00:00,2023-12-10 10:51:00+00:00,2023-12-10 13:46:00+00:00,False
SEZHUK-231210-271901,CAUK000282,Tractor Unit,Tractor Only 6x2,DN3 3FQ,DN3 3FQ,53.534344,-1.035929,53.534344,-1.035929,2023-12-12 06:00:00+00:00,2023-12-12 07:00:00+00:00,2023-12-12 17:00:00+00:00,2023-12-12 18:00:00+00:00,True
SEZHUK-231210-271902,CAUK000282,Tractor Unit,Tractor Only 6x2,DN3 3FQ,DN3 3FQ,53.534344,-1.035929,53.534344,-1.035929,2023-12-12 06:00:00+00:00,2023-12-12 07:00:00+00:00,2023-12-12 17:00:00+00:00,2023-12-12 18:00:00+00:00,True
SEZHUK-231210-271903,CAUK000282,Tractor Unit,Tractor Only 6x2,DN3 3FQ,DN3 3FQ,53.534344,-1.035929,53.534344,-1.035929,2023-12-13 06:00:00+00:00,2023-12-13 07:00:00+00:00,2023-12-13 17:00:00+00:00,2023-12-13 18:00:00+00:00,True
SEZHUK-231210-271906,CAUK000282,Tractor Unit,Tractor Only 6x2,DN3 3FQ,DN3 3FQ,53.534344,-1.035929,53.534344,-1.035929,2023-12-15 06:00:00+00:00,2023-12-15 07:00:00+00:00,2023-12-15 17:00:00+00:00,2023-12-15 18:00:00+00:00,True
SEZHUK-231210-271907,CAUK000282,Tractor Unit,Tractor Only 6x2,DN3 3FQ,DN3 3FQ,53.534344,-1.035929,53.534344,-1.035929,2023-12-13 06:00:00+00:00,2023-12-13 07:00:00+00:00,2023-12-13 17:00:00+00:00,2023-12-13 18:00:00+00:00,False
SEZHUK-231210-271908,CAUK000282,Tractor Unit,Tractor Only 6x2,DN3 3FQ,DN3 3FQ,53.534344,-1.035929,53.534344,-1.035929,2023-12-13 06:00:00+00:00,2023-12-13 07:00:00+00:00,2023-12-13 17:00:00+00:00,2023-12-13 18:00:00+00:00,True
SEZHUK-231210-271909,CAUK000282,Tractor Unit,Tractor Only 6x2,DN3 3FQ,DN3 3FQ,53.534344,-1.035929,53.534344,-1.035929,2023-12-14 06:00:00+00:00,2023-12-14 07:00:00+00:00,2023-12-14 17:00:00+00:00,2023-12-14 18:00:00+00:00,True
SEZHUK-231210-271910,CAUK000282,Tractor Unit,Tractor Only 6x2,DN3 3FQ,DN3 3FQ,53.534344,-1.035929,53.534344,-1.035929,2023-12-14 06:00:00+00:00,2023-12-14 07:00:00+00:00,2023-12-14 17:00:00+00:00,2023-12-14 18:00:00+00:00,True
SEZHUK-231210-271911,CAUK000282,Tractor Unit,Tractor Only 6x2,DN3 3FQ,DN3 3FQ,53.534344,-1.035929,53.534344,-1.035929,2023-12-12 06:00:00+00:00,2023-12-12 07:00:00+00:00,2023-12-12 17:00:00+00:00,2023-12-12 18:00:00+00:00,True
SEZHUK-231210-271946,CAUK000435,Tractor Unit,Box 44ft,BD5 8LZ,EN3 7QP,53.767302,-1.74656,51.6607,-0.022247,2023-12-11 01:20:00+00:00,2023-12-11 03:00:00+00:00,2023-12-11 07:03:00+00:00,2023-12-11 10:43:00+00:00,True
SEZHUK-231210-271947,CAUK000766,Tractor Unit,Box 44ft,BD5 8LZ,HP2 7PZ,53.767302,-1.74656,51.769433,-0.444266,2023-12-11 01:20:00+00:00,2023-12-11 03:00:00+00:00,2023-12-11 07:51:00+00:00,2023-12-11 10:46:00+00:00,True
SEZHUK-231210-271955,CAUK000814,Tractor Unit,Box 44ft,BD5 8LZ,RG19 4BQ,53.767302,-1.74656,51.398851,-1.231993,2023-12-11 13:20:00+00:00,2023-12-11 15:00:00+00:00,2023-12-12 06:00:00+00:00,2023-12-12 09:41:00+00:00,True
SEZHUK-231210-271957,CAUK001068,Tractor Unit,Box 44ft,BD5 8LZ,RG19 4BQ,53.767302,-1.74656,51.398851,-1.231993,2023-12-11 03:20:00+00:00,2023-12-11 05:00:00+00:00,2023-12-11 10:37:00+00:00,2023-12-11 13:33:00+00:00,False
SEZHUK-231210-271959,CAUK000390,Tractor Unit,Box 44ft,BD5 8LZ,ME13 7TW,53.767302,-1.74656,51.328048,0.877608,2023-12-12 15:20:00+00:00,2023-12-12 17:00:00+00:00,2023-12-13 06:00:00+00:00,2023-12-13 08:56:00+00:00,True
SEZHUK-231210-271967,CAUK001068,Tractor Unit,Box 44ft,BD5 8LZ,HP2 7PZ,53.767302,-1.74656,51.769433,-0.444266,2023-12-12 03:20:00+00:00,2023-12-12 05:00:00+00:00,2023-12-12 09:51:00+00:00,2023-12-12 12:46:00+00:00,True
SEZHUK-231210-271974,CAUK000766,Tractor Unit,Box 44ft,BD5 8LZ,RG19 4BQ,53.767302,-1.74656,51.398851,-1.231993,2023-12-12 22:19:00+00:00,2023-12-13 01:00:00+00:00,2023-12-13 06:37:00+00:00,2023-12-13 09:33:00+00:00,False
SEZHUK-231210-271975,CAUK000435,Tractor Unit,Box 44ft,BD5 8LZ,EN3 7QP,53.767302,-1.74656,51.6607,-0.022247,2023-12-12 01:20:00+00:00,2023-12-12 03:00:00+00:00,2023-12-12 07:03:00+00:00,2023-12-12 10:43:00+00:00,True
SEZHUK-231210-271978,CAUK001068,Tractor Unit,Box 44ft,BD5 8LZ,BS35 3UT,53.767302,-1.74656,51.602415,-2.522567,2023-12-13 03:20:00+00:00,2023-12-13 05:00:00+00:00,2023-12-13 10:15:00+00:00,2023-12-13 14:22:00+00:00,False
SEZHUK-231210-271981,CAUK000435,Tractor Unit,Box 44ft,BD5 8LZ,EN3 7QP,53.767302,-1.74656,51.6607,-0.022247,2023-12-13 01:20:00+00:00,2023-12-13 03:00:00+00:00,2023-12-13 07:03:00+00:00,2023-12-13 10:43:00+00:00,True
SEZHUK-231210-271985,CAUK001068,Tractor Unit,Box 44ft,BD5 8LZ,BS35 3UT,53.767302,-1.74656,51.602415,-2.522567,2023-12-13 03:20:00+00:00,2023-12-13 05:00:00+00:00,2023-12-13 10:15:00+00:00,2023-12-13 14:22:00+00:00,True
SEZHUK-231210-271986,CAUK001068,Tractor Unit,Box 44ft,BD5 8LZ,HP2 7PZ,53.767302,-1.74656,51.769433,-0.444266,2023-12-13 03:20:00+00:00,2023-12-13 05:00:00+00:00,2023-12-13 09:51:00+00:00,2023-12-13 12:46:00+00:00,True
SEZHUK-231210-271987,CAUK000660,Tractor Unit,Box 44ft,BD5 8LZ,RG19 4BQ,53.767302,-1.74656,51.398851,-1.231993,2023-12-13 16:20:00+00:00,2023-12-13 18:00:00+00:00,2023-12-14 06:00:00+00:00,2023-12-14 08:56:00+00:00,False
SEZHUK-231210-271995,CAUK001068,Tractor Unit,Box 44ft,BD5 8LZ,BS35 3UT,53.767302,-1.74656,51.602415,-2.522567,2023-12-14 03:20:00+00:00,2023-12-14 05:00:00+00:00,2023-12-14 10:15:00+00:00,2023-12-14 14:22:00+00:00,True
SEZHUK-231210-271996,CAUK001068,Tractor Unit,Box 44ft,BD5 8LZ,BS35 3UT,53.767302,-1.74656,51.602415,-2.522567,2023-12-12 03:20:00+00:00,2023-12-12 05:00:00+00:00,2023-12-12 10:15:00+00:00,2023-12-12 14:22:00+00:00,True
SEZHUK-231210-271997,CAUK001068,Tractor Unit,Box 44ft,BD5 8LZ,BS35 3UT,53.767302,-1.74656,51.602415,-2.522567,2023-12-14 03:20:00+00:00,2023-12-14 05:00:00+00:00,2023-12-14 10:15:00+00:00,2023-12-14 14:22:00+00:00,True
SEZHUK-231210-271998,CAUK001068,Tractor Unit,Box 44ft,BD5 8LZ,HP2 7PZ,53.767302,-1.74656,51.769433,-0.444266,2023-12-14 03:20:00+00:00,2023-12-14 05:00:00+00:00,2023-12-14 09:51:00+00:00,2023-12-14 12:46:00+00:00,True
SEZHUK-231210-271999,CAUK000618,Tractor Unit,Box 44ft,BD5 8LZ,RG19 4BQ,53.767302,-1.74656,51.398851,-1.231993,2023-12-14 03:20:00+00:00,2023-12-14 05:00:00+00:00,2023-12-14 10:37:00+00:00,2023-12-14 13:33:00+00:00,True
SEZHUK-231210-272000,CAUK001068,Tractor Unit,Box 44ft,BD5 8LZ,RG19 4BQ,53.767302,-1.74656,51.398851,-1.231993,2023-12-14 03:20:00+00:00,2023-12-14 05:00:00+00:00,2023-12-14 10:37:00+00:00,2023-12-14 13:33:00+00:00,True
SEZHUK-231210-272006,CAUK000863,Tractor Unit,Box 44ft,BD5 8LZ,HP2 7PZ,53.767302,-1.74656,51.769433,-0.444266,2023-12-14 04:20:00+00:00,2023-12-14 06:00:00+00:00,2023-12-14 10:51:00+00:00,2023-12-14 13:46:00+00:00,False
SEZHUK-231210-272009,CAUK000390,Tractor Unit,Box 44ft,BD5 8LZ,ME13 7TW,53.767302,-1.74656,51.328048,0.877608,2023-12-13 15:20:00+00:00,2023-12-13 17:00:00+00:00,2023-12-14 06:00:00+00:00,2023-12-14 08:56:00+00:00,True
SEZHUK-231210-272014,CAUK001068,Tractor Unit,Box 44ft,BD5 8LZ,BS35 3UT,53.767302,-1.74656,51.602415,-2.522567,2023-12-12 03:20:00+00:00,2023-12-12 05:00:00+00:00,2023-12-12 10:15:00+00:00,2023-12-12 14:22:00+00:00,False
SEZHUK-231210-272018,CAUK000435,Tractor Unit,Box 44ft,BD5 8LZ,EN3 7QP,53.767302,-1.74656,51.6607,-0.022247,2023-12-14 01:20:00+00:00,2023-12-14 03:00:00+00:00,2023-12-14 07:03:00+00:00,2023-12-14 10:43:00+00:00,True
SEZHUK-231210-272020,CAUK000618,Tractor Unit,Box 44ft,BD5 8LZ,RG19 4BQ,53.767302,-1.74656,51.398851,-1.231993,2023-12-15 03:20:00+00:00,2023-12-15 05:00:00+00:00,2023-12-15 10:37:00+00:00,2023-12-15 13:33:00+00:00,True
SEZHUK-231210-272022,CAUK001068,Tractor Unit,Box 44ft,BD5 8LZ,BS35 3UT,53.767302,-1.74656,51.602415,-2.522567,2023-12-15 03:20:00+00:00,2023-12-15 05:00:00+00:00,2023-12-15 10:15:00+00:00,2023-12-15 14:22:00+00:00,True
SEZHUK-231210-272031,CAUK001068,Tractor Unit,Box 44ft,BD5 8LZ,BS35 3UT,53.767302,-1.74656,51.602415,-2.522567,2023-12-15 03:20:00+00:00,2023-12-15 05:00:00+00:00,2023-12-15 10:15:00+00:00,2023-12-15 14:22:00+00:00,True
SEZHUK-231210-272035,CAUK000766,Tractor Unit,Box 44ft,BD5 8LZ,RG19 4BQ,53.767302,-1.74656,51.398851,-1.231993,2023-12-15 22:19:00+00:00,2023-12-16 01:00:00+00:00,2023-12-16 06:37:00+00:00,2023-12-16 09:33:00+00:00,False
SEZHUK-231210-272039,CAUK001068,Tractor Unit,Box 44ft,BD5 8LZ,HP2 7PZ,53.767302,-1.74656,51.769433,-0.444266,2023-12-15 03:20:00+00:00,2023-12-15 05:00:00+00:00,2023-12-15 09:51:00+00:00,2023-12-15 12:46:00+00:00,True
SEZHUK-231210-272040,CAUK000766,Tractor Unit,Box 44ft,BD5 8LZ,HP2 7PZ,53.767302,-1.74656,51.769433,-0.444266,2023-12-16 01:20:00+00:00,2023-12-16 03:00:00+00:00,2023-12-16 07:51:00+00:00,2023-12-16 10:46:00+00:00,True
SEZHUK-231210-272041,CAUK000435,Tractor Unit,Box 44ft,BD5 8LZ,EN3 7QP,53.767302,-1.74656,51.6607,-0.022247,2023-12-16 01:20:00+00:00,2023-12-16 03:00:00+00:00,2023-12-16 07:03:00+00:00,2023-12-16 10:43:00+00:00,True
SEZHUK-231210-272042,CAUK001068,Tractor Unit,Box 44ft,BD5 8LZ,BS35 3UT,53.767302,-1.74656,51.602415,-2.522567,2023-12-15 03:20:00+00:00,2023-12-15 05:00:00+00:00,2023-12-15 10:15:00+00:00,2023-12-15 14:22:00+00:00,True
SEZHUK-231210-272043,CAUK000766,Tractor Unit,Box 44ft,BD5 8LZ,HP2 7PZ,53.767302,-1.74656,51.769433,-0.444266,2023-12-16 01:20:00+00:00,2023-12-16 03:00:00+00:00,2023-12-16 07:51:00+00:00,2023-12-16 10:46:00+00:00,True
SEZHUK-231210-272044,CAUK000814,Tractor Unit,Box 44ft,BD5 8LZ,RG19 4BQ,53.767302,-1.74656,51.398851,-1.231993,2023-12-14 14:20:00+00:00,2023-12-14 16:00:00+00:00,2023-12-15 06:00:00+00:00,2023-12-15 08:56:00+00:00,True
SEZHUK-231210-272047,CAUK001068,Tractor Unit,Box 44ft,BD5 8LZ,BS35 3UT,53.767302,-1.74656,51.602415,-2.522567,2023-12-16 03:20:00+00:00,2023-12-16 05:00:00+00:00,2023-12-16 10:15:00+00:00,2023-12-16 14:22:00+00:00,True
SEZHUK-231210-272055,CAUK001068,Tractor Unit,Box 44ft,BD5 8LZ,BS35 3UT,53.767302,-1.74656,51.602415,-2.522567,2023-12-16 03:20:00+00:00,2023-12-16 05:00:00+00:00,2023-12-16 10:15:00+00:00,2023-12-16 14:22:00+00:00,True
SEZHUK-231210-272058,CAUK001068,Tractor Unit,Box 44ft,BD5 8LZ,RG19 4BQ,53.767302,-1.74656,51.398851,-1.231993,2023-12-16 03:20:00+00:00,2023-12-16 05:00:00+00:00,2023-12-16 10:37:00+00:00,2023-12-16 13:33:00+00:00,True
SEZHUK-231210-272059,CAUK000435,Tractor Unit,Box 44ft,BD5 8LZ,EN3 7QP,53.767302,-1.74656,51.6607,-0.022247,2023-12-15 01:20:00+00:00,2023-12-15 03:00:00+00:00,2023-12-15 07:03:00+00:00,2023-12-15 10:43:00+00:00,True
SEZHUK-231210-272062,CAUK000863,Tractor Unit,Box 44ft,BD5 8LZ,HP2 7PZ,53.767302,-1.74656,51.769433,-0.444266,2023-12-16 04:20:00+00:00,2023-12-16 06:00:00+00:00,2023-12-16 10:51:00+00:00,2023-12-16 13:46:00+00:00,False
SEZHUK-231211-272113,CAUK000029,Tractor Unit,Curtain-Side 13.6M Trailer,DN8 5TE,BD2 1AL,53.566639,-0.919839,53.815013,-1.762933,2023-12-12 06:00:00+00:00,2023-12-12 18:00:00+00:00,2023-12-13 08:00:00+00:00,2023-12-13 15:59:00+00:00,True
SEZHUK-231211-272114,CAUK000689,Tractor Unit,Curtain-Side 13.6M Trailer,DN8 5TE,TQ12 6GN,53.566639,-0.919839,50.55996,-3.669927,2023-12-12 06:00:00+00:00,2023-12-12 18:00:00+00:00,2023-12-13 07:02:00+00:00,2023-12-13 07:30:00+00:00,True
SEZHUK-231211-272127,CAUK000096,Tractor Unit,Curtain-Side 13.6M Trailer,HP22 5BL,NG31 7UH,51.779657,-0.772897,52.888113,-0.634948,2023-12-13 09:00:00+00:00,2023-12-13 09:30:00+00:00,2023-12-13 15:30:00+00:00,2023-12-13 16:00:00+00:00,False
SEZHUK-231211-272129,CAUK000096,Tractor Unit,Curtain-Side 13.6M Trailer,RG24 8PD,IG11 0DS,51.279249,-1.072926,51.515717,0.100453,2023-12-12 10:00:00+00:00,2023-12-12 10:30:00+00:00,2023-12-12 13:30:00+00:00,2023-12-12 14:00:00+00:00,False
SEZHUK-231211-272142,CAUK000096,Tractor Unit,Curtain-Side 13.6M Trailer,ME6 5PX,IG11 0DS,51.32487,0.446613,51.515717,0.100453,2023-12-12 09:00:00+00:00,2023-12-12 09:30:00+00:00,2023-12-12 13:30:00+00:00,2023-12-12 14:00:00+00:00,False
SEZHUK-231211-272143,CAUK000689,Tractor Unit,Curtain-Side 13.6M Trailer,WA7 4HP,EX2 7ST,53.324964,-2.758291,50.727676,-3.464256,2023-12-12 07:30:00+00:00,2023-12-12 14:00:00+00:00,2023-12-13 14:02:00+00:00,2023-12-13 14:30:00+00:00,True
SEZHUK-231211-272222,CAUK001028,Tractor Unit,Curtain-Side 13.6M Trailer,DE14 2WT,DA2 6QR,52.800481,-1.663328,51.457231,0.258356,2023-12-12 14:00:00+00:00,2023-12-12 23:00:00+00:00,2023-12-13 05:30:00+00:00,2023-12-13 06:00:00+00:00,True
SEZHUK-231211-272232,CAUK000310,Tractor Unit,Tractor Only,PE12 6EW,CV8 3ED,52.78285,-0.124795,52.371658,-1.452326,2023-12-18 07:30:00+00:00,2023-12-18 08:30:00+00:00,2023-12-18 10:30:00+00:00,2023-12-18 11:30:00+00:00,True
SEZHUK-231211-272233,CAUK000310,Tractor Unit,Tractor Only,PE12 6EW,CV8 3ED,52.78285,-0.124795,52.371658,-1.452326,2023-12-19 07:30:00+00:00,2023-12-19 08:30:00+00:00,2023-12-19 10:30:00+00:00,2023-12-19 11:30:00+00:00,True
SEZHUK-231211-272234,CAUK000310,Tractor Unit,Tractor Only,PE12 6EW,CV8 3ED,52.78285,-0.124795,52.371658,-1.452326,2023-12-20 07:30:00+00:00,2023-12-20 08:30:00+00:00,2023-12-20 10:30:00+00:00,2023-12-20 11:30:00+00:00,True
SEZHUK-231211-272237,CAUK000310,Tractor Unit,Tractor Only,PE12 6EW,CV8 3ED,52.78285,-0.124795,52.371658,-1.452326,2023-12-18 09:30:00+00:00,2023-12-18 10:30:00+00:00,2023-12-18 12:30:00+00:00,2023-12-18 13:30:00+00:00,True
SEZHUK-231211-272240,CAUK000310,Tractor Unit,Tractor Only,PE12 6EW,CV8 3ED,52.78285,-0.124795,52.371658,-1.452326,2023-12-21 09:30:00+00:00,2023-12-21 10:30:00+00:00,2023-12-21 12:30:00+00:00,2023-12-21 13:30:00+00:00,True
SEZHUK-231211-272243,CAUK000310,Tractor Unit,Tractor Only,PE12 6EW,CV8 3ED,52.78285,-0.124795,52.371658,-1.452326,2023-12-19 10:30:00+00:00,2023-12-19 11:30:00+00:00,2023-12-19 13:30:00+00:00,2023-12-19 14:30:00+00:00,True
SEZHUK-231211-272247,CAUK000310,Tractor Unit,Tractor Only,PE12 6EW,CV8 3ED,52.78285,-0.124795,52.371658,-1.452326,2023-12-18 13:30:00+00:00,2023-12-18 14:30:00+00:00,2023-12-18 16:30:00+00:00,2023-12-18 17:30:00+00:00,True
SEZHUK-231211-272248,CAUK000310,Tractor Unit,Tractor Only,PE12 6EW,CV8 3ED,52.78285,-0.124795,52.371658,-1.452326,2023-12-19 13:30:00+00:00,2023-12-19 14:30:00+00:00,2023-12-19 16:30:00+00:00,2023-12-19 17:30:00+00:00,True
SEZHUK-231211-272249,CAUK000310,Tractor Unit,Tractor Only,PE12 6EW,CV8 3ED,52.78285,-0.124795,52.371658,-1.452326,2023-12-20 13:30:00+00:00,2023-12-20 14:30:00+00:00,2023-12-20 16:30:00+00:00,2023-12-20 17:30:00+00:00,True
SEZHUK-231211-272252,CAUK000310,Tractor Unit,Tractor Only,PE12 6EW,CV8 3ED,52.78285,-0.124795,52.371658,-1.452326,2023-12-18 15:30:00+00:00,2023-12-18 16:30:00+00:00,2023-12-18 18:30:00+00:00,2023-12-18 19:30:00+00:00,True
SEZHUK-231211-272253,CAUK000310,Tractor Unit,Tractor Only,PE12 6EW,CV8 3ED,52.78285,-0.124795,52.371658,-1.452326,2023-12-19 15:30:00+00:00,2023-12-19 16:30:00+00:00,2023-12-19 18:30:00+00:00,2023-12-19 19:30:00+00:00,True
SEZHUK-231211-272256,CAUK000310,Tractor Unit,Tractor Only,PE12 6EW,CV8 3ED,52.78285,-0.124795,52.371658,-1.452326,2023-12-22 15:30:00+00:00,2023-12-22 16:30:00+00:00,2023-12-22 18:30:00+00:00,2023-12-22 19:30:00+00:00,True
SEZHUK-231211-272264,CAUK000310,Tractor Unit,Tractor Only,PE12 6EW,CV8 3ED,52.78285,-0.124795,52.371658,-1.452326,2023-12-20 18:30:00+00:00,2023-12-20 19:30:00+00:00,2023-12-20 21:30:00+00:00,2023-12-20 22:30:00+00:00,True
SEZHUK-231211-272269,CAUK000310,Tractor Unit,Tractor Only,PE11 3BB,CV8 3ED,52.808288,-0.137778,52.371658,-1.452326,2023-12-20 16:30:00+00:00,2023-12-20 17:30:00+00:00,2023-12-20 19:30:00+00:00,2023-12-20 20:30:00+00:00,True
SEZHUK-231211-272272,CAUK000310,Tractor Unit,Tractor Only,PE11 3BB,CV8 3ED,52.808288,-0.137778,52.371658,-1.452326,2023-12-20 17:30:00+00:00,2023-12-20 18:30:00+00:00,2023-12-20 20:30:00+00:00,2023-12-20 21:30:00+00:00,True
SEZHUK-231211-272279,CAUK000863,Tractor Unit,Curtain-Side 13.6M Trailer,L11 0JA,CM2 5AS,53.462845,-2.896967,51.74837,0.518553,2023-12-12 12:00:00+00:00,2023-12-12 12:01:00+00:00,2023-12-13 05:57:00+00:00,2023-12-13 06:27:00+00:00,True
SEZHUK-231211-272282,CAUK000781,Tractor Unit,Curtain-Side 13.6M Trailer,L11 0JA,MK17 8DB,53.462845,-2.896967,52.03393,-0.67711,2023-12-13 09:00:00+00:00,2023-12-13 09:01:00+00:00,2023-12-13 15:55:00+00:00,2023-12-13 16:25:00+00:00,True
SEZHUK-231211-272284,CAUK000222,Tractor Unit,Curtain-Side 13.6M Trailer,L11 0JA,MK4 4BX,53.462845,-2.896967,51.992683,-0.784387,2023-12-12 23:00:00+00:00,2023-12-13 14:01:00+00:00,2023-12-13 21:55:00+00:00,2023-12-13 22:25:00+00:00,True
SEZHUK-231211-272288,CAUK000876,Tractor Unit,Curtain-Side 13.6M Trailer,LS24 9SD,BT26 6JJ,53.886427,-1.271051,54.474078,-6.104285,2023-12-12 10:00:00+00:00,2023-12-14 07:00:00+00:00,2023-12-14 07:30:00+00:00,2023-12-14 08:00:00+00:00,False
SEZHUK-231211-272291,CAUK000250,Tractor Unit,Curtain-Side 13.6M Trailer,S80 3FY,BT36 7LQ,53.293393,-1.074008,54.664518,-5.932184,2023-12-12 06:00:00+00:00,2023-12-12 06:59:00+00:00,2023-12-14 07:25:00+00:00,2023-12-14 07:55:00+00:00,False
SEZHUK-231211-272292,CAUK000250,Tractor Unit,Curtain-Side 13.6M Trailer,S80 3FY,CLONMEL,53.293393,-1.074008,52.363881,-7.69003,2023-12-12 06:00:00+00:00,2023-12-12 06:59:00+00:00,2023-12-14 11:25:00+00:00,2023-12-14 11:55:00+00:00,True
SEZHUK-231211-272303,CAUK000876,Tractor Unit,Curtain-Side 13.6M Trailer,DE14 2WT,BT29 4SR,52.800481,-1.663328,54.624787,-6.142153,2023-12-12 11:00:00+00:00,2023-12-14 07:00:00+00:00,2023-12-14 07:30:00+00:00,2023-12-14 08:00:00+00:00,False
SEZHUK-231211-272308,CAUK000199,18T Rigid,Curtain Side,LS10 1SL,HA3 8NT,53.771668,-1.514934,51.591445,-0.32641,2023-12-12 05:00:00+00:00,2023-12-12 05:30:00+00:00,2023-12-12 11:30:00+00:00,2023-12-12 12:00:00+00:00,False
SEZHUK-231211-272309,CAUK000115,Tractor Unit,Curtain-Side 13.6M Trailer,LS10 1SL,SG18 8QB,53.771668,-1.514934,52.075248,-0.240088,2023-12-12 15:00:00+00:00,2023-12-12 15:30:00+00:00,2023-12-12 18:30:00+00:00,2023-12-12 19:00:00+00:00,False
SEZHUK-231211-272310,CAUK000250,Tractor Unit,Curtain-Side 13.6M Trailer,S80 3FY,DONABATE,53.293393,-1.074008,53.483755,-6.13869,2023-12-12 06:00:00+00:00,2023-12-12 06:59:00+00:00,2023-12-14 10:55:00+00:00,2023-12-14 11:25:00+00:00,True
SEZHUK-231211-272316,CAUK001047,Tractor Unit,Curtain-Side 13.6M Trailer,GL16 8JB,S80 3EG,51.785961,-2.619676,53.295391,-1.066283,2023-12-12 11:00:00+00:00,2023-12-12 11:30:00+00:00,2023-12-12 17:30:00+00:00,2023-12-12 18:00:00+00:00,False
SEZHUK-231211-272318,CAUK000029,Tractor Unit,Curtain-Side 13.6M Trailer,GL16 8JB,S80 3EG,51.785961,-2.619676,53.295391,-1.066283,2023-12-12 15:00:00+00:00,2023-12-12 16:00:00+00:00,2023-12-12 22:30:00+00:00,2023-12-12 23:00:00+00:00,True
SEZHUK-231211-272319,CAUK001047,Tractor Unit,Curtain-Side 13.6M Trailer,GL16 8JB,S80 3EG,51.785961,-2.619676,53.295391,-1.066283,2023-12-12 04:30:00+00:00,2023-12-12 05:30:00+00:00,2023-12-12 11:00:00+00:00,2023-12-12 11:30:00+00:00,False
SEZHUK-231211-272320,CAUK001047,Tractor Unit,Curtain-Side 13.6M Trailer,GL16 8JB,S80 3EG,51.785961,-2.619676,53.295391,-1.066283,2023-12-12 03:30:00+00:00,2023-12-12 04:30:00+00:00,2023-12-12 10:00:00+00:00,2023-12-12 10:30:00+00:00,True
SEZHUK-231211-272321,CAUK001047,Tractor Unit,Curtain-Side 13.6M Trailer,GL16 8JB,S80 3EG,51.785961,-2.619676,53.295391,-1.066283,2023-12-12 06:00:00+00:00,2023-12-12 07:00:00+00:00,2023-12-12 12:30:00+00:00,2023-12-12 13:00:00+00:00,False
SEZHUK-231211-272322,CAUK001047,Tractor Unit,Curtain-Side 13.6M Trailer,GL16 8JB,S80 3EG,51.785961,-2.619676,53.295391,-1.066283,2023-12-12 04:00:00+00:00,2023-12-12 05:00:00+00:00,2023-12-12 10:30:00+00:00,2023-12-12 11:00:00+00:00,False
SEZHUK-231211-272325,CAUK001047,Tractor Unit,Curtain-Side 13.6M Trailer,GL16 8JB,S80 3EG,51.785961,-2.619676,53.295391,-1.066283,2023-12-12 21:30:00+00:00,2023-12-12 22:30:00+00:00,2023-12-13 04:00:00+00:00,2023-12-13 04:30:00+00:00,False
SEZHUK-231211-272326,CAUK001047,Tractor Unit,Curtain-Side 13.6M Trailer,GL16 8JB,S80 3EG,51.785961,-2.619676,53.295391,-1.066283,2023-12-12 06:30:00+00:00,2023-12-12 07:30:00+00:00,2023-12-12 13:00:00+00:00,2023-12-12 13:30:00+00:00,False
SEZHUK-231211-272327,CAUK001047,Tractor Unit,Curtain-Side 13.6M Trailer,GL16 8JB,S80 3EG,51.785961,-2.619676,53.295391,-1.066283,2023-12-12 16:00:00+00:00,2023-12-12 17:00:00+00:00,2023-12-12 22:30:00+00:00,2023-12-12 23:00:00+00:00,False
SEZHUK-231211-272328,CAUK001047,Tractor Unit,Curtain-Side 13.6M Trailer,GL16 8JB,S80 3EG,51.785961,-2.619676,53.295391,-1.066283,2023-12-12 18:00:00+00:00,2023-12-12 19:00:00+00:00,2023-12-13 00:30:00+00:00,2023-12-13 01:00:00+00:00,False
SEZHUK-231211-272329,CAUK001047,Tractor Unit,Curtain-Side 13.6M Trailer,GL16 8JB,S80 3EG,51.785961,-2.619676,53.295391,-1.066283,2023-12-12 18:30:00+00:00,2023-12-12 19:30:00+00:00,2023-12-13 01:00:00+00:00,2023-12-13 01:30:00+00:00,False
SEZHUK-231211-272331,CAUK001047,Tractor Unit,Curtain-Side 13.6M Trailer,GL16 8JB,S80 3EG,51.785961,-2.619676,53.295391,-1.066283,2023-12-12 09:00:00+00:00,2023-12-12 10:00:00+00:00,2023-12-12 15:30:00+00:00,2023-12-12 16:00:00+00:00,False
SEZHUK-231211-272333,CAUK001047,Tractor Unit,Curtain-Side 13.6M Trailer,GL16 8JB,S80 3EG,51.785961,-2.619676,53.295391,-1.066283,2023-12-12 05:00:00+00:00,2023-12-12 06:00:00+00:00,2023-12-12 11:30:00+00:00,2023-12-12 12:00:00+00:00,True
SEZHUK-231211-272335,CAUK001047,Tractor Unit,Curtain-Side 13.6M Trailer,GL16 8JB,S80 3EG,51.785961,-2.619676,53.295391,-1.066283,2023-12-12 19:30:00+00:00,2023-12-12 20:30:00+00:00,2023-12-13 02:00:00+00:00,2023-12-13 02:30:00+00:00,False
SEZHUK-231211-272336,CAUK001047,Tractor Unit,Curtain-Side 13.6M Trailer,GL16 8JB,S80 3EG,51.785961,-2.619676,53.295391,-1.066283,2023-12-12 20:30:00+00:00,2023-12-12 21:30:00+00:00,2023-12-13 03:00:00+00:00,2023-12-13 03:30:00+00:00,False
SEZHUK-231211-272338,CAUK001047,Tractor Unit,Curtain-Side 13.6M Trailer,GL16 8JB,S80 3EG,51.785961,-2.619676,53.295391,-1.066283,2023-12-12 19:00:00+00:00,2023-12-12 20:00:00+00:00,2023-12-13 01:30:00+00:00,2023-12-13 02:00:00+00:00,False
SEZHUK-231211-272339,CAUK001047,Tractor Unit,Curtain-Side 13.6M Trailer,GL16 8JB,S80 3EG,51.785961,-2.619676,53.295391,-1.066283,2023-12-12 23:00:00+00:00,2023-12-12 23:45:00+00:00,2023-12-13 05:30:00+00:00,2023-12-13 06:00:00+00:00,False
SEZHUK-231211-272341,CAUK001047,Tractor Unit,Curtain-Side 13.6M Trailer,GL16 8JB,S80 3EG,51.785961,-2.619676,53.295391,-1.066283,2023-12-12 23:30:00+00:00,2023-12-13 00:30:00+00:00,2023-12-13 06:00:00+00:00,2023-12-13 06:30:00+00:00,False
SEZHUK-231211-272342,CAUK001047,Tractor Unit,Curtain-Side 13.6M Trailer,GL16 8JB,S80 3EG,51.785961,-2.619676,53.295391,-1.066283,2023-12-12 12:00:00+00:00,2023-12-12 13:00:00+00:00,2023-12-12 18:30:00+00:00,2023-12-12 19:00:00+00:00,False
SEZHUK-231211-272348,CAUK000116,Tractor Unit,Curtain-Side 13.6M Trailer,S80 3FY,SP4 7GQ,53.293393,-1.074008,51.17534,-1.753679,2023-12-13 10:00:00+00:00,2023-12-13 10:59:00+00:00,2023-12-13 19:55:00+00:00,2023-12-13 20:25:00+00:00,True
SEZHUK-231212-272429,CAUK000689,Tractor Unit,Curtain-Side 13.6M Trailer,DN3 3FG,TQ12 6GN,53.537133,-1.037405,50.55996,-3.669927,2023-12-14 06:00:00+00:00,2023-12-14 18:00:00+00:00,2023-12-15 06:02:00+00:00,2023-12-15 06:30:00+00:00,True
SEZHUK-231212-272430,CAUK000029,Tractor Unit,Curtain-Side 13.6M Trailer,DN3 3FG,WS12 1NR,53.537133,-1.037405,52.703735,-1.983264,2023-12-14 06:00:00+00:00,2023-12-14 18:00:00+00:00,2023-12-15 07:32:00+00:00,2023-12-15 08:00:00+00:00,True
SEZHUK-231212-272431,CAUK000029,Tractor Unit,Curtain-Side 13.6M Trailer,DN3 3FG,WS12 1NR,53.537133,-1.037405,52.703735,-1.983264,2023-12-14 06:00:00+00:00,2023-12-14 18:00:00+00:00,2023-12-15 08:32:00+00:00,2023-12-15 09:00:00+00:00,False
SEZHUK-231212-272432,CAUK000770,Tractor Unit,Curtain-Side 13.6M Trailer,DN3 3FG,WS12 1NR,53.537133,-1.037405,52.703735,-1.983264,2023-12-15 06:00:00+00:00,2023-12-15 18:00:00+00:00,2023-12-15 09:32:00+00:00,2023-12-15 18:00:00+00:00,True
SEZHUK-231212-272439,CAUK000116,Tractor Unit,Curtain-Side 13.6M Trailer,DN8 5TE,PO17 5HB,53.566639,-0.919839,50.900588,-1.197728,2023-12-13 06:00:00+00:00,2023-12-13 18:00:00+00:00,2023-12-14 15:31:00+00:00,2023-12-14 15:59:00+00:00,True
SEZHUK-231212-272442,CAUK000192,Tractor Unit,Curtain-Side 13.6M Trailer,DN8 5TE,DY9 9XA,53.566639,-0.919839,52.393491,-2.073065,2023-12-13 06:00:00+00:00,2023-12-13 18:00:00+00:00,2023-12-14 07:32:00+00:00,2023-12-14 08:00:00+00:00,True
SEZHUK-231212-272443,CAUK000770,Tractor Unit,Curtain-Side 13.6M Trailer,DN3 3FG,HP22 5EZ,53.537133,-1.037405,51.818102,-0.739456,2023-12-14 06:00:00+00:00,2023-12-14 18:00:00+00:00,2023-12-14 08:00:00+00:00,2023-12-14 18:00:00+00:00,True
SEZHUK-231212-272445,CAUK000689,Tractor Unit,Curtain-Side 13.6M Trailer,DN8 5TE,BS32 4BP,53.566639,-0.919839,51.550399,-2.578971,2023-12-13 06:00:00+00:00,2023-12-13 18:00:00+00:00,2023-12-14 15:31:00+00:00,2023-12-14 15:59:00+00:00,True
SEZHUK-231212-272448,CAUK000155,Tractor Unit,Box,DA8 1DL,EH54 8QX,51.493182,0.167098,55.901847,-3.583873,2023-12-14 11:00:00+00:00,2023-12-14 11:30:00+00:00,2023-12-15 08:00:00+00:00,2023-12-15 08:30:00+00:00,True
SEZHUK-231212-272470,CAUK001028,Tractor Unit,Curtain-Side 13.6M Trailer,DE14 2WT,RM19 1NA,52.800481,-1.663328,51.483784,0.253063,2023-12-13 15:00:00+00:00,2023-12-13 15:30:00+00:00,2023-12-14 08:30:00+00:00,2023-12-14 09:00:00+00:00,True
SEZHUK-231212-272473,CAUK000116,Tractor Unit,Curtain-Side 13.6M Trailer,DE12 8AA,NP16 6UD,52.690284,-1.548894,51.614678,-2.674519,2023-12-13 14:30:00+00:00,2023-12-13 15:30:00+00:00,2023-12-14 14:30:00+00:00,2023-12-14 15:00:00+00:00,True
SEZHUK-231212-272474,CAUK000116,Tractor Unit,Curtain-Side 13.6M Trailer,DE12 8AA,NP16 6UD,52.690284,-1.548894,51.614678,-2.674519,2023-12-13 12:31:00+00:00,2023-12-13 13:31:00+00:00,2023-12-14 08:30:00+00:00,2023-12-14 09:00:00+00:00,True
SEZHUK-231212-272476,CAUK000116,Tractor Unit,Curtain-Side 13.6M Trailer,DE12 8AA,NP16 6UD,52.690284,-1.548894,51.614678,-2.674519,2023-12-13 13:31:00+00:00,2023-12-13 14:31:00+00:00,2023-12-14 11:30:00+00:00,2023-12-14 12:00:00+00:00,True
SEZHUK-231212-272477,CAUK000096,Tractor Unit,Curtain-Side 13.6M Trailer,RG24 8PD,IG11 0DS,51.279249,-1.072926,51.515717,0.100453,2023-12-14 10:00:00+00:00,2023-12-14 10:30:00+00:00,2023-12-14 13:30:00+00:00,2023-12-14 14:00:00+00:00,True
SEZHUK-231212-272478,CAUK000222,Tractor Unit,Curtain-Side 13.6M Trailer,BS35 4GG,DY9 7DP,51.55257,-2.65344,52.457769,-2.122196,2023-12-13 09:00:00+00:00,2023-12-13 09:30:00+00:00,2023-12-13 15:30:00+00:00,2023-12-13 16:00:00+00:00,True
SEZHUK-231212-272492,CAUK000222,Tractor Unit,Curtain-Side 13.6M Trailer,L11 0JA,CV9 2SQ,53.462845,-2.896967,52.583936,-1.557171,2023-12-13 17:00:00+00:00,2023-12-13 18:00:00+00:00,2023-12-14 09:55:00+00:00,2023-12-14 10:25:00+00:00,True
SEZHUK-231212-272493,CAUK000159,Tractor Unit,Curtain-Side 13.6M Trailer,DE14 2WT,DH3 2PF,52.800481,-1.663328,54.893912,-1.577683,2023-12-13 14:00:00+00:00,2023-12-13 23:00:00+00:00,2023-12-14 12:30:00+00:00,2023-12-14 13:00:00+00:00,True
SEZHUK-231212-272497,CAUK000863,Tractor Unit,Curtain-Side 13.6M Trailer,L11 0JA,ME11 5AR,53.462845,-2.896967,51.411125,0.752907,2023-12-13 16:00:00+00:00,2023-12-13 16:01:00+00:00,2023-12-14 11:55:00+00:00,2023-12-14 12:25:00+00:00,True
SEZHUK-231212-272534,CAUK000034,Tractor Unit,Curtain Side,MK42 0PE,M11 4BD,52.11951,-0.429752,53.483017,-2.193588,2023-12-12 14:00:00+00:00,2023-12-12 15:00:00+00:00,2023-12-12 19:00:00+00:00,2023-12-12 20:00:00+00:00,False
SEZHUK-231212-272578,CAUK000250,Tractor Unit,Curtain-Side 13.6M Trailer,S80 3FY,DONABATE,53.293393,-1.074008,53.483755,-6.13869,2023-12-13 04:00:00+00:00,2023-12-13 04:59:00+00:00,2023-12-15 13:55:00+00:00,2023-12-15 14:25:00+00:00,True
SEZHUK-231212-272581,CAUK000250,Tractor Unit,Curtain-Side 13.6M Trailer,S80 3FY,NAAS,53.293393,-1.074008,53.207122,-6.742479,2023-12-14 06:00:00+00:00,2023-12-14 06:59:00+00:00,2023-12-18 07:25:00+00:00,2023-12-18 07:55:00+00:00,True
SEZHUK-231212-272584,CAUK001047,Tractor Unit,Curtain-Side 13.6M Trailer,GL16 8JB,S80 3EG,51.785961,-2.619676,53.295391,-1.066283,2023-12-13 04:00:00+00:00,2023-12-13 05:00:00+00:00,2023-12-13 10:30:00+00:00,2023-12-13 11:00:00+00:00,False
SEZHUK-231212-272585,CAUK001047,Tractor Unit,Curtain-Side 13.6M Trailer,GL16 8JB,S80 3EG,51.785961,-2.619676,53.295391,-1.066283,2023-12-13 04:30:00+00:00,2023-12-13 05:30:00+00:00,2023-12-13 11:00:00+00:00,2023-12-13 11:30:00+00:00,False
SEZHUK-231212-272586,CAUK001047,Tractor Unit,Curtain-Side 13.6M Trailer,GL16 8JB,S80 3EG,51.785961,-2.619676,53.295391,-1.066283,2023-12-13 06:00:00+00:00,2023-12-13 07:00:00+00:00,2023-12-13 12:30:00+00:00,2023-12-13 13:00:00+00:00,False
SEZHUK-231212-272587,CAUK001047,Tractor Unit,Curtain-Side 13.6M Trailer,GL16 8JB,S80 3EG,51.785961,-2.619676,53.295391,-1.066283,2023-12-13 05:00:00+00:00,2023-12-13 06:00:00+00:00,2023-12-13 11:30:00+00:00,2023-12-13 12:00:00+00:00,False
SEZHUK-231212-272588,CAUK001047,Tractor Unit,Curtain-Side 13.6M Trailer,GL16 8JB,S80 3EG,51.785961,-2.619676,53.295391,-1.066283,2023-12-13 05:30:00+00:00,2023-12-13 06:30:00+00:00,2023-12-13 12:00:00+00:00,2023-12-13 12:30:00+00:00,False
SEZHUK-231212-272593,CAUK001047,Tractor Unit,Curtain-Side 13.6M Trailer,GL16 8JB,S80 3EG,51.785961,-2.619676,53.295391,-1.066283,2023-12-13 06:30:00+00:00,2023-12-13 07:30:00+00:00,2023-12-13 15:00:00+00:00,2023-12-13 15:30:00+00:00,False
SEZHUK-231212-272599,CAUK000029,Tractor Unit,Curtain-Side 13.6M Trailer,GL16 8JB,S80 3EG,51.785961,-2.619676,53.295391,-1.066283,2023-12-13 14:30:00+00:00,2023-12-13 15:30:00+00:00,2023-12-13 21:00:00+00:00,2023-12-13 21:30:00+00:00,False
SEZHUK-231212-272601,CAUK000116,Tractor Unit,Curtain-Side 13.6M Trailer,GL16 8JB,S80 3EG,51.785961,-2.619676,53.295391,-1.066283,2023-12-13 15:30:00+00:00,2023-12-13 16:30:00+00:00,2023-12-13 22:00:00+00:00,2023-12-13 22:30:00+00:00,False
SEZHUK-231212-272602,CAUK001047,Tractor Unit,Curtain-Side 13.6M Trailer,GL16 8JB,S80 3EG,51.785961,-2.619676,53.295391,-1.066283,2023-12-13 18:00:00+00:00,2023-12-13 19:00:00+00:00,2023-12-14 00:00:00+00:00,2023-12-14 00:30:00+00:00,False
SEZHUK-231212-272603,CAUK001047,Tractor Unit,Curtain-Side 13.6M Trailer,GL16 8JB,S80 3EG,51.785961,-2.619676,53.295391,-1.066283,2023-12-13 19:30:00+00:00,2023-12-13 20:30:00+00:00,2023-12-14 01:30:00+00:00,2023-12-14 02:30:00+00:00,False
SEZHUK-231212-272604,CAUK001047,Tractor Unit,Curtain-Side 13.6M Trailer,GL16 8JB,S80 3EG,51.785961,-2.619676,53.295391,-1.066283,2023-12-13 19:00:00+00:00,2023-12-13 20:00:00+00:00,2023-12-14 02:00:00+00:00,2023-12-14 03:00:00+00:00,False
SEZHUK-231212-272605,CAUK001047,Tractor Unit,Curtain-Side 13.6M Trailer,GL16 8JB,S80 3EG,51.785961,-2.619676,53.295391,-1.066283,2023-12-13 21:00:00+00:00,2023-12-13 22:00:00+00:00,2023-12-14 03:30:00+00:00,2023-12-14 04:00:00+00:00,False
SEZHUK-231212-272606,CAUK001047,Tractor Unit,Curtain-Side 13.6M Trailer,GL16 8JB,S80 3EG,51.785961,-2.619676,53.295391,-1.066283,2023-12-13 07:00:00+00:00,2023-12-13 08:00:00+00:00,2023-12-13 13:30:00+00:00,2023-12-13 14:00:00+00:00,False
SEZHUK-231212-272607,CAUK001047,Tractor Unit,Curtain-Side 13.6M Trailer,GL16 8JB,S80 3EG,51.785961,-2.619676,53.295391,-1.066283,2023-12-13 20:00:00+00:00,2023-12-13 21:00:00+00:00,2023-12-14 02:30:00+00:00,2023-12-14 03:00:00+00:00,False
SEZHUK-231212-272608,CAUK000222,Tractor Unit,Curtain-Side 13.6M Trailer,GL16 8JB,S80 3EG,51.785961,-2.619676,53.295391,-1.066283,2023-12-13 22:00:00+00:00,2023-12-13 23:00:00+00:00,2023-12-14 04:30:00+00:00,2023-12-14 05:00:00+00:00,False
SEZHUK-231212-272609,CAUK000023,Tractor Unit,Curtain-Side 13.6M Trailer,GL16 8JB,S80 3EG,51.785961,-2.619676,53.295391,-1.066283,2023-12-13 12:00:00+00:00,2023-12-13 13:00:00+00:00,2023-12-13 18:30:00+00:00,2023-12-13 19:00:00+00:00,True
SEZHUK-231212-272610,CAUK001047,Tractor Unit,Curtain-Side 13.6M Trailer,GL16 8JB,S80 3EG,51.785961,-2.619676,53.295391,-1.066283,2023-12-13 18:30:00+00:00,2023-12-13 19:30:00+00:00,2023-12-13 18:30:00+00:00,2023-12-13 19:30:00+00:00,False
SEZHUK-231212-272613,CAUK001047,Tractor Unit,Curtain-Side 13.6M Trailer,GL16 8JB,S80 3EG,51.785961,-2.619676,53.295391,-1.066283,2023-12-13 20:30:00+00:00,2023-12-13 21:30:00+00:00,2023-12-14 03:30:00+00:00,2023-12-14 04:30:00+00:00,False
SEZHUK-231212-272618,CAUK000116,Tractor Unit,Curtain-Side 13.6M Trailer,ML4 3NW,MK17 8FF,55.821702,-4.036872,52.040191,-0.673743,2023-12-14 12:00:00+00:00,2023-12-14 12:30:00+00:00,2023-12-15 08:30:00+00:00,2023-12-15 09:00:00+00:00,True
SEZHUK-231212-272619,CAUK000282,Tractor Unit,Box,DN3 3FQ,S9 2YL,53.534344,-1.035929,53.409475,-1.407681,2023-12-14 18:00:00+00:00,2023-12-14 23:59:00+00:00,2023-12-15 11:00:00+00:00,2023-12-15 12:00:00+00:00,True
SEZHUK-231212-272621,CAUK000282,Tractor Unit,Box,DN3 3FQ,L9 5AN,53.534344,-1.035929,53.481233,-2.949664,2023-12-19 18:00:00+00:00,2023-12-19 23:59:00+00:00,2023-12-20 08:00:00+00:00,2023-12-20 09:00:00+00:00,True
SEZHUK-231212-272631,CAUK000484,Tractor Unit,Curtain-Side 13.6M Trailer,S9 1TZ,CW10 9JQ,53.397681,-1.401805,53.215501,-2.505481,2023-12-12 06:00:00+00:00,2023-12-15 07:00:00+00:00,2023-12-12 06:00:00+00:00,2023-12-15 17:00:00+00:00,False
SEZHUK-231212-272634,CAUK000155,Tractor Unit,Curtain-Side 13.6M Trailer,L11 0JA,ME9 8SR,53.462845,-2.896967,51.36932,0.749586,2023-12-13 10:00:00+00:00,2023-12-13 10:01:00+00:00,2023-12-14 07:15:00+00:00,2023-12-14 07:45:00+00:00,True
SEZHUK-231212-272649,CAUK000192,Tractor Unit,Curtain-Side 13.6M Trailer,PR5 0XD,S9 1XT,53.761551,-2.616875,53.401187,-1.405811,2023-12-13 09:00:00+00:00,2023-12-13 10:00:00+00:00,2023-12-14 11:00:00+00:00,2023-12-14 11:00:00+00:00,True
SEZHUK-231212-272657,CAUK000115,Tractor Unit,Curtain-Side 13.6M Trailer,LS11 5LX,PE29 2XN,53.767204,-1.547784,52.314942,-0.159496,2023-12-13 14:00:00+00:00,2023-12-13 14:30:00+00:00,2023-12-13 18:30:00+00:00,2023-12-13 19:00:00+00:00,False
SEZHUK-231212-272702,CAUK001068,Tractor Unit,Temperature-Controlled,S42 5BX,B78 1SE,53.19364,-1.361769,52.59608,-1.627254,2023-12-29 23:59:00+00:00,2023-12-30 00:30:00+00:00,2023-12-30 02:00:00+00:00,2023-12-30 02:30:00+00:00,True
SEZHUK-231212-272706,CAUK001068,Tractor Unit,Temperature-Controlled,S42 5BX,BS11 8HT,53.19364,-1.361769,51.509228,-2.684362,2023-12-21 22:00:00+00:00,2023-12-21 22:30:00+00:00,2023-12-22 02:30:00+00:00,2023-12-22 03:00:00+00:00,False
SEZHUK-231212-272710,CAUK001068,Tractor Unit,Temperature-Controlled,S42 5BX,LU4 9TT,53.19364,-1.361769,51.921959,-0.487233,2023-12-19 01:00:00+00:00,2023-12-19 01:30:00+00:00,2023-12-19 04:30:00+00:00,2023-12-19 05:00:00+00:00,True
SEZHUK-231212-272711,CAUK001068,Tractor Unit,Temperature-Controlled,S42 5BX,LU4 9TT,53.19364,-1.361769,51.921959,-0.487233,2023-12-21 22:00:00+00:00,2023-12-21 22:30:00+00:00,2023-12-22 01:30:00+00:00,2023-12-22 02:00:00+00:00,False
SEZHUK-231212-272714,CAUK001068,Tractor Unit,Temperature-Controlled,S42 5BX,B78 1SE,53.19364,-1.361769,52.59608,-1.627254,2023-12-19 23:59:00+00:00,2023-12-20 00:30:00+00:00,2023-12-20 02:00:00+00:00,2023-12-20 02:30:00+00:00,True
SEZHUK-231212-272716,CAUK001068,Tractor Unit,Temperature-Controlled,S42 5BX,BS11 8HT,53.19364,-1.361769,51.509228,-2.684362,2023-12-20 07:00:00+00:00,2023-12-20 07:30:00+00:00,2023-12-20 11:00:00+00:00,2023-12-20 11:30:00+00:00,True
SEZHUK-231212-272720,CAUK001068,Tractor Unit,Temperature-Controlled,S42 5BX,LU4 9TT,53.19364,-1.361769,51.921959,-0.487233,2023-12-20 01:00:00+00:00,2023-12-20 01:30:00+00:00,2023-12-20 04:30:00+00:00,2023-12-20 05:00:00+00:00,False
SEZHUK-231212-272724,CAUK001068,Tractor Unit,Temperature-Controlled,S43 3FG,BS35 3UT,53.258602,-1.320728,51.602493,-2.52138,2023-12-21 07:00:00+00:00,2023-12-21 07:30:00+00:00,2023-12-21 11:00:00+00:00,2023-12-21 11:30:00+00:00,False
SEZHUK-231212-272727,CAUK001068,Tractor Unit,Temperature-Controlled,S42 5BX,LU4 9TT,53.19364,-1.361769,51.921959,-0.487233,2023-12-19 22:00:00+00:00,2023-12-19 22:30:00+00:00,2023-12-20 01:30:00+00:00,2023-12-20 02:00:00+00:00,True
SEZHUK-231212-272729,CAUK001068,Tractor Unit,Temperature-Controlled,S42 5BX,LU4 9TT,53.19364,-1.361769,51.921959,-0.487233,2023-12-28 01:00:00+00:00,2023-12-28 01:30:00+00:00,2023-12-28 04:30:00+00:00,2023-12-28 05:00:00+00:00,False
SEZHUK-231212-272731,CAUK001068,Tractor Unit,Temperature-Controlled,S42 5BX,BS11 8HT,53.19364,-1.361769,51.509228,-2.684362,2023-12-19 07:00:00+00:00,2023-12-19 07:30:00+00:00,2023-12-19 11:00:00+00:00,2023-12-19 11:30:00+00:00,False
SEZHUK-231212-272734,CAUK001068,Tractor Unit,Temperature-Controlled,S42 5BX,B78 1SE,53.19364,-1.361769,52.59608,-1.627254,2023-12-20 23:59:00+00:00,2023-12-21 00:30:00+00:00,2023-12-21 02:00:00+00:00,2023-12-21 02:30:00+00:00,True
SEZHUK-231212-272736,CAUK001068,Tractor Unit,Temperature-Controlled,S42 5BX,LU4 9TT,53.19364,-1.361769,51.921959,-0.487233,2023-12-21 01:00:00+00:00,2023-12-21 01:30:00+00:00,2023-12-21 04:30:00+00:00,2023-12-21 05:00:00+00:00,False
SEZHUK-231212-272737,CAUK001068,Tractor Unit,Temperature-Controlled,S43 3FG,HP2 7PZ,53.260737,-1.326192,51.769105,-0.432735,2023-12-22 01:00:00+00:00,2023-12-22 01:30:00+00:00,2023-12-22 04:30:00+00:00,2023-12-22 05:00:00+00:00,False
SEZHUK-231212-272740,CAUK001068,Tractor Unit,Temperature-Controlled,S42 5BX,B78 1SE,53.19364,-1.361769,52.59608,-1.627254,2023-12-18 23:59:00+00:00,2023-12-19 00:30:00+00:00,2023-12-19 02:00:00+00:00,2023-12-19 02:30:00+00:00,False
SEZHUK-231212-272743,CAUK001068,Tractor Unit,Temperature-Controlled,S42 5BX,BS11 8HT,53.19364,-1.361769,51.509228,-2.684362,2023-12-20 20:00:00+00:00,2023-12-20 20:30:00+00:00,2023-12-21 00:30:00+00:00,2023-12-21 01:00:00+00:00,False
SEZHUK-231212-272748,CAUK000192,Tractor Unit,Curtain-Side 13.6M Trailer,DN3 3FG,PH1 3TW,53.537133,-1.037405,56.417464,-3.4777,2023-12-13 06:00:00+00:00,2023-12-13 18:00:00+00:00,2023-12-14 08:00:00+00:00,2023-12-14 11:59:00+00:00,True
SEZHUK-231212-272768,CAUK000029,Tractor Unit,Curtain-Side 13.6M Trailer,DN11 9HE,NN6 7TZ,53.437296,-1.068189,52.35193,-1.144734,2023-12-14 05:00:00+00:00,2023-12-14 05:59:00+00:00,2023-12-14 10:55:00+00:00,2023-12-14 11:25:00+00:00,True
SEZHUK-231212-272776,CAUK000159,Tractor Unit,Curtain-Side 13.6M Trailer,L11 0JA,DL3 0UW,53.462845,-2.896967,54.548502,-1.574098,2023-12-13 10:00:00+00:00,2023-12-13 10:01:00+00:00,2023-12-14 09:55:00+00:00,2023-12-14 10:25:00+00:00,True
SEZHUK-231212-272807,CAUK000222,Tractor Unit,Curtain-Side 13.6M Trailer,SK13 2NU,ST4 4FA,53.483205,-1.924197,52.983393,-2.181287,2023-12-13 10:00:00+00:00,2023-12-13 10:30:00+00:00,2023-12-13 16:30:00+00:00,2023-12-13 17:00:00+00:00,True
SEZHUK-231212-272809,CAUK000034,Tractor Unit,Curtain-Side 13.6M Trailer,OL15 8QF,LE19 1WY,53.634051,-2.1142,52.601991,-1.190434,2023-12-13 10:00:00+00:00,2023-12-13 10:30:00+00:00,2023-12-13 16:30:00+00:00,2023-12-13 17:00:00+00:00,True
SEZHUK-231212-272813,CAUK000297,Tractor Unit,Curtain-Side 13.6M Trailer,WN4 8DE,ST4 4FA,53.501398,-2.64202,52.983393,-2.181287,2023-12-13 10:00:00+00:00,2023-12-13 10:30:00+00:00,2023-12-13 16:30:00+00:00,2023-12-13 17:00:00+00:00,True
SEZHUK-231212-272815,CAUK000297,Tractor Unit,Curtain-Side 13.6M Trailer,SK14 4UQ,ST4 4FA,53.463078,-2.055857,52.983393,-2.181287,2023-12-13 10:00:00+00:00,2023-12-13 10:30:00+00:00,2023-12-13 16:30:00+00:00,2023-12-13 17:00:00+00:00,True
SEZHUK-231212-272818,CAUK000222,Tractor Unit,Curtain-Side 13.6M Trailer,SK14 4UQ,ST4 4FA,53.463078,-2.055857,52.983393,-2.181287,2023-12-13 10:00:00+00:00,2023-12-13 10:30:00+00:00,2023-12-13 16:30:00+00:00,2023-12-13 17:00:00+00:00,True
SEZHUK-231213-272844,CAUK000689,Tractor Unit,Curtain-Side 13.6M Trailer,DN3 3FG,TQ12 6GN,53.537133,-1.037405,50.55996,-3.669927,2023-12-15 06:00:00+00:00,2023-12-15 18:00:00+00:00,2023-12-18 06:02:00+00:00,2023-12-18 06:30:00+00:00,True
SEZHUK-231213-272846,CAUK000689,Tractor Unit,Curtain-Side 13.6M Trailer,DN3 3FG,BS10 7JB,53.537133,-1.037405,51.51091,-2.619005,2023-12-15 06:00:00+00:00,2023-12-15 18:00:00+00:00,2023-12-18 07:00:00+00:00,2023-12-18 11:59:00+00:00,True
SEZHUK-231213-272854,CAUK000029,Tractor Unit,Curtain-Side 13.6M Trailer,DN3 3FG,WS12 1NR,53.537133,-1.037405,52.703735,-1.983264,2023-12-18 06:00:00+00:00,2023-12-18 18:00:00+00:00,2023-12-19 07:32:00+00:00,2023-12-19 08:00:00+00:00,True
SEZHUK-231213-272855,CAUK000029,Tractor Unit,Curtain-Side 13.6M Trailer,DN3 3FG,WS12 1NR,53.537133,-1.037405,52.703735,-1.983264,2023-12-18 06:00:00+00:00,2023-12-18 18:00:00+00:00,2023-12-19 08:32:00+00:00,2023-12-19 09:00:00+00:00,False
SEZHUK-231213-272858,CAUK000029,Tractor Unit,Curtain-Side 13.6M Trailer,DN3 3FG,WS12 1NR,53.537133,-1.037405,52.703735,-1.983264,2023-12-18 06:00:00+00:00,2023-12-18 18:00:00+00:00,2023-12-19 09:32:00+00:00,2023-12-19 10:00:00+00:00,True
SEZHUK-231213-272907,CAUK000222,Tractor Unit,Curtain-Side 13.6M Trailer,L11 0JA,DE72 2HP,53.462845,-2.896967,52.867015,-1.314862,2023-12-14 22:00:00+00:00,2023-12-14 22:01:00+00:00,2023-12-15 04:55:00+00:00,2023-12-15 05:25:00+00:00,False
SEZHUK-231213-272911,CAUK000096,Tractor Unit,Curtain-Side 13.6M Trailer,SS17 9DY,RM18 8QR,51.510091,0.459598,51.473279,0.409136,2023-12-14 09:00:00+00:00,2023-12-14 09:30:00+00:00,2023-12-14 13:30:00+00:00,2023-12-14 14:00:00+00:00,False
SEZHUK-231213-272919,CAUK000689,Tractor Unit,Curtain-Side 13.6M Trailer,DE14 2WT,CF3 2GJ,52.800481,-1.663328,51.50328,-3.109119,2023-12-14 14:00:00+00:00,2023-12-15 08:30:00+00:00,2023-12-15 09:00:00+00:00,2023-12-15 09:30:00+00:00,True
SEZHUK-231213-272922,CAUK000310,Tractor Unit,Curtain-Side 13.6M Trailer,NN4 9BA,OX11 7HJ,52.213462,-0.951036,51.619119,-1.256837,2023-12-15 07:00:00+00:00,2023-12-15 07:30:00+00:00,2023-12-15 10:30:00+00:00,2023-12-15 11:00:00+00:00,False
SEZHUK-231213-272931,CAUK001047,Tractor Unit,Curtain-Side 13.6M Trailer,GL16 8JB,S80 3EG,51.785961,-2.619676,53.295391,-1.066283,2023-12-14 00:00:00+00:00,2023-12-14 01:00:00+00:00,2023-12-14 06:30:00+00:00,2023-12-14 07:00:00+00:00,False
SEZHUK-231213-272933,CAUK000689,Tractor Unit,Curtain-Side 13.6M Trailer,GL16 8JB,S80 3EG,51.785961,-2.619676,53.295391,-1.066283,2023-12-14 09:00:00+00:00,2023-12-14 10:00:00+00:00,2023-12-14 15:30:00+00:00,2023-12-14 16:00:00+00:00,False
SEZHUK-231213-272938,CAUK001047,Tractor Unit,Curtain-Side 13.6M Trailer,GL16 8JB,S80 3EG,51.785961,-2.619676,53.295391,-1.066283,2023-12-14 04:00:00+00:00,2023-12-14 05:00:00+00:00,2023-12-14 10:30:00+00:00,2023-12-14 11:00:00+00:00,False
SEZHUK-231213-272942,CAUK000689,Tractor Unit,Curtain-Side 13.6M Trailer,GL16 8JB,S80 3EG,51.785961,-2.619676,53.295391,-1.066283,2023-12-14 07:30:00+00:00,2023-12-14 08:30:00+00:00,2023-12-14 14:00:00+00:00,2023-12-14 14:30:00+00:00,False
SEZHUK-231213-272944,CAUK001047,Tractor Unit,Curtain-Side 13.6M Trailer,GL16 8JB,S80 3EG,51.785961,-2.619676,53.295391,-1.066283,2023-12-14 03:00:00+00:00,2023-12-14 04:00:00+00:00,2023-12-14 09:30:00+00:00,2023-12-14 10:00:00+00:00,False
SEZHUK-231213-272945,CAUK001047,Tractor Unit,Curtain-Side 13.6M Trailer,GL16 8JB,S80 3EG,51.785961,-2.619676,53.295391,-1.066283,2023-12-14 02:00:00+00:00,2023-12-14 03:00:00+00:00,2023-12-14 08:30:00+00:00,2023-12-14 09:00:00+00:00,False
SEZHUK-231213-272946,CAUK001047,Tractor Unit,Curtain-Side 13.6M Trailer,GL16 8JB,S80 3EG,51.785961,-2.619676,53.295391,-1.066283,2023-12-14 01:00:00+00:00,2023-12-14 02:00:00+00:00,2023-12-14 07:30:00+00:00,2023-12-14 08:00:00+00:00,False
SEZHUK-231213-272953,CAUK000222,Tractor Unit,Curtain-Side 13.6M Trailer,GL16 8JB,S80 3EG,51.785961,-2.619676,53.295391,-1.066283,2023-12-14 13:00:00+00:00,2023-12-14 14:00:00+00:00,2023-12-14 19:30:00+00:00,2023-12-14 20:00:00+00:00,False
SEZHUK-231213-272955,CAUK000899,Tractor Unit,Curtain-Side 13.6M Trailer,GL16 8JB,S80 3EG,51.785961,-2.619676,53.295391,-1.066283,2023-12-14 14:00:00+00:00,2023-12-14 15:00:00+00:00,2023-12-14 20:30:00+00:00,2023-12-14 21:00:00+00:00,False
SEZHUK-231213-272959,CAUK000023,Tractor Unit,Curtain-Side 13.6M Trailer,GL16 8JB,S80 3EG,51.785961,-2.619676,53.295391,-1.066283,2023-12-14 13:00:00+00:00,2023-12-14 14:00:00+00:00,2023-12-14 19:30:00+00:00,2023-12-14 20:00:00+00:00,False
SEZHUK-231213-272967,CAUK001047,Tractor Unit,Curtain-Side 13.6M Trailer,GL16 8JB,S80 3EG,51.785961,-2.619676,53.295391,-1.066283,2023-12-14 18:00:00+00:00,2023-12-14 19:00:00+00:00,2023-12-15 00:30:00+00:00,2023-12-15 01:00:00+00:00,False
SEZHUK-231213-272970,CAUK001047,Tractor Unit,Curtain-Side 13.6M Trailer,GL16 8JB,S80 3EG,51.785961,-2.619676,53.295391,-1.066283,2023-12-14 19:00:00+00:00,2023-12-14 20:00:00+00:00,2023-12-15 01:30:00+00:00,2023-12-15 02:00:00+00:00,False
SEZHUK-231213-272971,CAUK001047,Tractor Unit,Curtain-Side 13.6M Trailer,GL16 8JB,S80 3EG,51.785961,-2.619676,53.295391,-1.066283,2023-12-14 18:00:00+00:00,2023-12-14 19:00:00+00:00,2023-12-15 00:30:00+00:00,2023-12-15 01:00:00+00:00,False
SEZHUK-231213-272973,CAUK001047,Tractor Unit,Curtain-Side 13.6M Trailer,GL16 8JB,S80 3EG,51.785961,-2.619676,53.295391,-1.066283,2023-12-14 20:00:00+00:00,2023-12-14 21:00:00+00:00,2023-12-15 02:30:00+00:00,2023-12-15 03:00:00+00:00,False
SEZHUK-231213-272974,CAUK001047,Tractor Unit,Curtain-Side 13.6M Trailer,GL16 8JB,S80 3EG,51.785961,-2.619676,53.295391,-1.066283,2023-12-14 21:00:00+00:00,2023-12-14 22:00:00+00:00,2023-12-15 03:30:00+00:00,2023-12-15 04:00:00+00:00,False
SEZHUK-231213-272977,CAUK001047,Tractor Unit,Curtain-Side 13.6M Trailer,GL16 8JB,S80 3EG,51.785961,-2.619676,53.295391,-1.066283,2023-12-14 22:00:00+00:00,2023-12-14 23:00:00+00:00,2023-12-15 04:30:00+00:00,2023-12-15 05:00:00+00:00,False
SEZHUK-231213-272990,CAUK000876,Tractor Unit,Curtain-Side 13.6M Trailer,LS24 9SD,BT26 6JJ,53.886427,-1.271051,54.474078,-6.104285,2023-12-14 13:00:00+00:00,2023-12-14 13:30:00+00:00,2023-12-18 07:30:00+00:00,2023-12-18 08:00:00+00:00,True
SEZHUK-231213-272996,CAUK000155,Tractor Unit,Box,DA8 1DL,EH54 8QX,51.493182,0.167098,55.901847,-3.583873,2023-12-18 11:00:00+00:00,2023-12-18 11:30:00+00:00,2023-12-19 05:00:00+00:00,2023-12-19 05:30:00+00:00,False
SEZHUK-231213-272997,CAUK000282,Tractor Unit,Curtain-Side 13.6M Trailer,DN3 3FQ,NE11 9XU,53.534344,-1.035929,54.960022,-1.675142,2023-12-15 18:00:00+00:00,2023-12-15 23:59:00+00:00,2023-12-16 06:00:00+00:00,2023-12-16 07:00:00+00:00,True
SEZHUK-231213-273012,CAUK000282,Tractor Unit,Curtain-Side 13.6M Trailer,DN3 3FQ,IP5 3RX,53.534344,-1.035929,52.064211,1.278204,2023-12-18 18:00:00+00:00,2023-12-18 23:59:00+00:00,2023-12-19 08:00:00+00:00,2023-12-19 09:00:00+00:00,True
SEZHUK-231213-273019,CAUK000116,Tractor Unit,Curtain-Side 13.6M Trailer,DN3 3FG,TQ10 9GQ,53.537133,-1.037405,50.401447,-3.860031,2023-12-14 06:00:00+00:00,2023-12-14 19:00:00+00:00,2023-12-15 08:02:00+00:00,2023-12-15 08:30:00+00:00,False
SEZHUK-231213-273020,CAUK000116,Tractor Unit,Curtain-Side 13.6M Trailer,DN3 3FG,TQ10 9GQ,53.537133,-1.037405,50.401447,-3.860031,2023-12-14 06:00:00+00:00,2023-12-14 19:00:00+00:00,2023-12-15 09:02:00+00:00,2023-12-15 09:30:00+00:00,False
SEZHUK-231213-273021,CAUK000124,Tractor Unit,Curtain-Side 13.6M Trailer,LE19 1WY,CR0 4YJ,52.601991,-1.190434,51.378667,-0.126466,2023-12-14 05:00:00+00:00,2023-12-14 05:30:00+00:00,2023-12-14 21:30:00+00:00,2023-12-14 22:00:00+00:00,True
SEZHUK-231213-273038,CAUK000222,Tractor Unit,Curtain-Side 13.6M Trailer,L11 0JA,MK17 8DB,53.462845,-2.896967,52.03393,-0.67711,2023-12-15 10:00:00+00:00,2023-12-15 10:01:00+00:00,2023-12-15 17:55:00+00:00,2023-12-15 18:25:00+00:00,False
SEZHUK-231213-273059,CAUK001009,3.5T Van,LWB Van,DE74 2TR,RG2 0RP,52.829374,-1.332134,51.432237,-0.984601,2023-12-28 04:00:00+00:00,2023-12-28 05:00:00+00:00,2023-12-28 07:45:00+00:00,2023-12-28 08:45:00+00:00,True
SEZHUK-231213-273066,CAUK001009,3.5T Van,LWB Van,NP10 9DQ,DE74 2TR,51.582459,-3.043825,52.829374,-1.332134,2023-12-28 17:50:00+00:00,2023-12-28 18:50:00+00:00,2023-12-28 21:30:00+00:00,2023-12-28 22:30:00+00:00,True
SEZHUK-231213-273067,CAUK001009,3.5T Van,LWB Van,L24 8RF,DE74 2TR,53.349124,-2.876108,52.829374,-1.332134,2023-12-29 18:25:00+00:00,2023-12-29 19:25:00+00:00,2023-12-29 21:15:00+00:00,2023-12-29 22:15:00+00:00,True
SEZHUK-231213-273068,CAUK001009,3.5T Van,LWB Van,CA3 0EH,DE74 2TR,54.922111,-2.957338,52.829374,-1.332134,2023-12-28 16:45:00+00:00,2023-12-28 17:45:00+00:00,2023-12-28 21:10:00+00:00,2023-12-28 22:10:00+00:00,True
SEZHUK-231213-273069,CAUK001009,3.5T Van,LWB Van,DE74 2TR,NW10 7NZ,52.829374,-1.332134,51.537524,-0.27074,2023-12-28 04:45:00+00:00,2023-12-28 05:45:00+00:00,2023-12-28 08:15:00+00:00,2023-12-28 09:15:00+00:00,True
SEZHUK-231213-273079,CAUK001009,3.5T Van,LWB Van,CA3 0EH,DE74 2TR,54.922111,-2.957338,52.829374,-1.332134,2023-12-27 16:45:00+00:00,2023-12-27 17:45:00+00:00,2023-12-27 21:10:00+00:00,2023-12-27 22:10:00+00:00,True
SEZHUK-231213-273080,CAUK001009,3.5T Van,LWB Van,DE74 2TR,NW10 7NZ,52.829374,-1.332134,51.537524,-0.27074,2023-12-27 04:45:00+00:00,2023-12-27 05:45:00+00:00,2023-12-27 08:15:00+00:00,2023-12-27 09:15:00+00:00,True
SEZHUK-231213-273084,CAUK001009,3.5T Van,LWB Van,DE74 2TR,NW10 7NZ,52.829374,-1.332134,51.537524,-0.27074,2023-12-29 04:45:00+00:00,2023-12-29 05:45:00+00:00,2023-12-29 08:15:00+00:00,2023-12-29 09:15:00+00:00,True
SEZHUK-231213-273086,CAUK001009,3.5T Van,LWB Van,CA3 0EH,DE74 2TR,54.922111,-2.957338,52.829374,-1.332134,2023-12-29 16:45:00+00:00,2023-12-29 17:45:00+00:00,2023-12-29 21:10:00+00:00,2023-12-29 22:10:00+00:00,True
SEZHUK-231213-273105,CAUK000116,Tractor Unit,Curtain-Side 13.6M Trailer,S80 3FY,SP4 7GQ,53.293393,-1.074008,51.17534,-1.753679,2023-12-14 13:30:00+00:00,2023-12-14 14:29:00+00:00,2023-12-15 06:55:00+00:00,2023-12-15 07:25:00+00:00,False
SEZHUK-231213-273151,CAUK000192,Tractor Unit,Curtain-Side 13.6M Trailer,L11 0JA,YO42 1NS,53.462845,-2.896967,53.926673,-0.815074,2023-12-14 12:00:00+00:00,2023-12-14 12:01:00+00:00,2023-12-15 08:55:00+00:00,2023-12-15 09:25:00+00:00,True
SEZHUK-231213-273154,CAUK000012,Tractor Unit,Curtain-Side 13.6M Trailer,L11 0JA,DL3 0UW,53.462845,-2.896967,54.548502,-1.574098,2023-12-15 05:00:00+00:00,2023-12-15 05:01:00+00:00,2023-12-15 12:55:00+00:00,2023-12-15 13:25:00+00:00,True
SEZHUK-231213-273175,CAUK000854,Tractor Unit,Curtain-Side 13.6M Trailer,L11 0JA,AB42 1UE,53.462845,-2.896967,57.5094,-1.782527,2023-12-14 06:00:00+00:00,2023-12-14 07:00:00+00:00,2023-12-15 12:25:00+00:00,2023-12-15 12:55:00+00:00,True
SEZHUK-231213-273184,CAUK000224,Tractor Unit,Curtain-Side 13.6M Trailer,S80 3FY,SG18 9BJ,53.293393,-1.074008,52.099889,-0.281226,2023-12-15 06:00:00+00:00,2023-12-15 06:59:00+00:00,2023-12-15 12:55:00+00:00,2023-12-15 13:25:00+00:00,True
SEZHUK-231213-273217,CAUK000034,Tractor Unit,Curtain-Side 13.6M Trailer,WN4 8DE,LE19 1WY,53.501398,-2.64202,52.601991,-1.190434,2023-12-14 10:00:00+00:00,2023-12-14 10:30:00+00:00,2023-12-14 16:30:00+00:00,2023-12-14 17:00:00+00:00,False
SEZHUK-231213-273222,CAUK000034,Tractor Unit,Curtain-Side 13.6M Trailer,BB5 5YJ,ST4 4FA,53.789353,-2.342379,52.983393,-2.181287,2023-12-14 10:00:00+00:00,2023-12-14 10:30:00+00:00,2023-12-14 16:30:00+00:00,2023-12-14 17:00:00+00:00,True
SEZHUK-231213-273243,CAUK000222,Tractor Unit,Curtain-Side 13.6M Trailer,GL16 8JB,S80 3EG,51.785961,-2.619676,53.295391,-1.066283,2023-12-14 10:00:00+00:00,2023-12-14 11:00:00+00:00,2023-12-14 16:30:00+00:00,2023-12-14 17:00:00+00:00,False
SEZHUK-231214-273295,CAUK000096,Tractor Unit,Curtain-Side 13.6M Trailer,HP22 5BL,NG31 7UH,51.779657,-0.772897,52.88854,-0.635757,2023-12-15 09:00:00+00:00,2023-12-15 09:30:00+00:00,2023-12-15 13:30:00+00:00,2023-12-15 14:00:00+00:00,True
SEZHUK-231214-273299,CAUK000863,Tractor Unit,Curtain-Side 13.6M Trailer,HP22 5BL,NG31 7UH,51.779657,-0.772897,52.888113,-0.634948,2023-12-15 09:00:00+00:00,2023-12-15 09:30:00+00:00,2023-12-15 15:30:00+00:00,2023-12-15 16:00:00+00:00,True
SEZHUK-231214-273300,CAUK000034,Tractor Unit,Curtain-Side 13.6M Trailer,RG24 8PD,IG11 0DS,51.279249,-1.072926,51.515717,0.100453,2023-12-19 10:00:00+00:00,2023-12-19 10:30:00+00:00,2023-12-19 13:30:00+00:00,2023-12-19 14:00:00+00:00,False
SEZHUK-231214-273317,CAUK000689,Tractor Unit,Curtain-Side 13.6M Trailer,DE14 2WT,SA6 8PJ,52.800481,-1.663328,51.665609,-3.912027,2023-12-15 13:00:00+00:00,2023-12-18 07:00:00+00:00,2023-12-18 07:30:00+00:00,2023-12-18 08:00:00+00:00,True
SEZHUK-231214-273488,CAUK000863,Tractor Unit,Curtain-Side 13.6M Trailer,DE14 2WT,MK41 7BJ,52.800481,-1.663328,52.151481,-0.47677,2023-12-15 14:00:00+00:00,2023-12-15 22:00:00+00:00,2023-12-18 08:00:00+00:00,2023-12-18 08:30:00+00:00,True
SEZHUK-231214-273517,CAUK000446,Tractor Unit,Curtain-Side 13.6M Trailer,DE12 8AA,EN3 7NJ,52.690284,-1.548894,51.659423,-0.029856,2023-12-15 08:00:00+00:00,2023-12-15 09:00:00+00:00,2023-12-18 12:00:00+00:00,2023-12-18 12:30:00+00:00,True
SEZHUK-231214-273523,CAUK000435,Tractor Unit,Curtain-Side 13.6M Trailer,AL10 9BD,TN2 3UE,51.771154,-0.241927,51.15665,0.294479,2023-12-17 09:00:00+00:00,2023-12-17 10:00:00+00:00,2023-12-17 11:00:00+00:00,2023-12-17 12:00:00+00:00,True
SEZHUK-231214-273558,CAUK000250,Tractor Unit,Curtain-Side 13.6M Trailer,S80 3FY,DONABATE,53.293393,-1.074008,53.483755,-6.13869,2023-12-15 06:00:00+00:00,2023-12-15 06:59:00+00:00,2023-12-19 10:55:00+00:00,2023-12-19 11:25:00+00:00,False
SEZHUK-231214-273574,CAUK000222,Tractor Unit,Curtain-Side 13.6M Trailer,L11 0JA,CV9 2SQ,53.462845,-2.896967,52.583936,-1.557171,2023-12-16 11:00:00+00:00,2023-12-16 11:01:00+00:00,2023-12-16 17:55:00+00:00,2023-12-16 18:25:00+00:00,False
SEZHUK-231214-273578,CAUK000250,Tractor Unit,Curtain-Side 13.6M Trailer,S80 3FY,BT41 4NN,53.293393,-1.074008,54.732479,-6.238003,2023-12-15 06:00:00+00:00,2023-12-15 06:59:00+00:00,2023-12-19 18:55:00+00:00,2023-12-19 19:25:00+00:00,True
SEZHUK-231214-273585,CAUK000781,Tractor Unit,Curtain-Side 13.6M Trailer,L11 0JA,CV9 2SQ,53.462845,-2.896967,52.583936,-1.557171,2023-12-18 13:00:00+00:00,2023-12-18 13:01:00+00:00,2023-12-18 17:55:00+00:00,2023-12-18 18:25:00+00:00,True
SEZHUK-231214-273586,CAUK000222,Tractor Unit,Curtain-Side 13.6M Trailer,L11 0JA,MK17 8DB,53.462845,-2.896967,52.03393,-0.67711,2023-12-18 11:00:00+00:00,2023-12-18 11:01:00+00:00,2023-12-18 16:55:00+00:00,2023-12-18 17:25:00+00:00,True
SEZHUK-231214-273611,CAUK000435,Tractor Unit,Curtain-Side 13.6M Trailer,AL10 9BD,NW2 1LS,51.771154,-0.241927,51.571636,-0.224621,2023-12-17 09:00:00+00:00,2023-12-17 10:00:00+00:00,2023-12-17 11:00:00+00:00,2023-12-17 12:00:00+00:00,False
SEZHUK-231214-273614,CAUK000124,Tractor Unit,Curtain-Side 13.6M Trailer,SG1 2DL,LE67 1UA,51.900329,-0.217132,52.701119,-1.339519,2023-12-19 09:00:00+00:00,2023-12-19 13:00:00+00:00,2023-12-20 09:00:00+00:00,2023-12-20 09:00:00+00:00,True
SEZHUK-231214-273639,CAUK000250,Tractor Unit,Curtain-Side 13.6M Trailer,S80 3FY,MITCHELSTOWN,53.293393,-1.074008,52.276579,-8.258109,2023-12-19 06:00:00+00:00,2023-12-19 06:59:00+00:00,2023-12-21 05:55:00+00:00,2023-12-21 06:25:00+00:00,True
SEZHUK-231214-273661,CAUK000250,Tractor Unit,Curtain-Side 13.6M Trailer,S80 3FY,NAAS,53.293393,-1.074008,53.207122,-6.742479,2023-12-19 04:00:00+00:00,2023-12-19 04:59:00+00:00,2023-12-21 07:25:00+00:00,2023-12-21 07:55:00+00:00,True
SEZHUK-231214-273706,CAUK000912,3.5T Van,Box,BD5 8LZ,LE3 8DX,53.766832,-1.740516,52.641456,-1.216005,2023-12-21 00:30:00+00:00,2023-12-21 01:00:00+00:00,2023-12-22 02:30:00+00:00,2023-12-22 03:00:00+00:00,True
SEZHUK-231214-273716,CAUK000912,3.5T Van,Box,BD5 8LZ,LE3 8DX,53.766832,-1.740516,52.641456,-1.216005,2023-12-22 00:30:00+00:00,2023-12-22 01:00:00+00:00,2023-12-23 02:30:00+00:00,2023-12-23 03:00:00+00:00,True
SEZHUK-231214-273721,CAUK000912,3.5T Van,Box,BD5 8LZ,LE3 8DX,53.766832,-1.740516,52.641456,-1.216005,2023-12-19 00:30:00+00:00,2023-12-19 01:00:00+00:00,2023-12-20 02:30:00+00:00,2023-12-20 03:00:00+00:00,False
SEZHUK-231214-273792,CAUK000431,Tractor Unit,Tractor Only,ST4 4FA,LE19 1WY,52.983393,-2.181287,52.601991,-1.190434,2023-12-16 13:00:00+00:00,2023-12-16 14:00:00+00:00,2023-12-16 21:30:00+00:00,2023-12-16 22:00:00+00:00,True
SEZHUK-231214-273813,CAUK000018,Tractor Unit,Curtain-Side 13.6M Trailer,NN9 5DB,MK17 8DB,52.322608,-0.622401,52.03393,-0.67711,2023-12-15 12:45:00+00:00,2023-12-15 13:00:00+00:00,2023-12-15 15:45:00+00:00,2023-12-15 16:00:00+00:00,True
SEZHUK-231214-273872,CAUK000912,3.5T Van,Box,S35 2PW,LE3 8DX,53.476537,-1.471065,52.641456,-1.216005,2023-12-23 00:30:00+00:00,2023-12-23 01:00:00+00:00,2023-12-23 03:00:00+00:00,2023-12-23 03:30:00+00:00,True
SEZHUK-231214-273874,CAUK000912,3.5T Van,Box,S35 2PW,LE3 8DX,53.476537,-1.471065,52.641456,-1.216005,2023-12-22 00:30:00+00:00,2023-12-22 01:00:00+00:00,2023-12-22 03:00:00+00:00,2023-12-22 03:30:00+00:00,True
SEZHUK-231214-273875,CAUK000912,3.5T Van,Box,S35 2PW,LS27 0FU,53.476537,-1.471065,53.734398,-1.604189,2023-12-23 03:15:00+00:00,2023-12-23 03:45:00+00:00,2023-12-23 05:00:00+00:00,2023-12-23 05:30:00+00:00,True
SEZHUK-231214-273884,CAUK000912,3.5T Van,Box,S35 2PW,LS27 0FU,53.476537,-1.471065,53.734398,-1.604189,2023-12-18 03:15:00+00:00,2023-12-18 03:45:00+00:00,2023-12-18 05:00:00+00:00,2023-12-18 05:30:00+00:00,True
SEZHUK-231214-273890,CAUK000912,3.5T Van,Box,S35 2PW,LE3 8DX,53.476537,-1.471065,52.641456,-1.216005,2023-12-19 00:30:00+00:00,2023-12-19 01:00:00+00:00,2023-12-19 03:00:00+00:00,2023-12-19 03:30:00+00:00,True
SEZHUK-231214-273902,CAUK000912,3.5T Van,Box,S35 2PW,LS27 0FU,53.476537,-1.471065,53.734398,-1.604189,2023-12-19 03:15:00+00:00,2023-12-19 03:45:00+00:00,2023-12-19 05:00:00+00:00,2023-12-19 05:30:00+00:00,True
SEZHUK-231214-273903,CAUK000912,3.5T Van,Box,S35 2PW,LS27 0FU,53.476537,-1.471065,53.734398,-1.604189,2023-12-20 03:15:00+00:00,2023-12-20 03:45:00+00:00,2023-12-20 05:00:00+00:00,2023-12-20 05:30:00+00:00,True
SEZHUK-231214-273907,CAUK000912,3.5T Van,Box,S35 2PW,LE3 8DX,53.476537,-1.471065,52.641456,-1.216005,2023-12-21 00:30:00+00:00,2023-12-21 01:00:00+00:00,2023-12-21 03:00:00+00:00,2023-12-21 03:30:00+00:00,True
SEZHUK-231214-273916,CAUK000912,3.5T Van,Box,S35 2PW,LE3 8DX,53.476537,-1.471065,52.641456,-1.216005,2023-12-20 00:30:00+00:00,2023-12-20 01:00:00+00:00,2023-12-20 03:00:00+00:00,2023-12-20 03:30:00+00:00,True
SEZHUK-231214-273919,CAUK000912,3.5T Van,Box,S35 2PW,LE3 8DX,53.476537,-1.471065,52.641456,-1.216005,2023-12-18 00:30:00+00:00,2023-12-18 01:00:00+00:00,2023-12-18 03:00:00+00:00,2023-12-18 03:30:00+00:00,True
SEZHUK-231214-273928,CAUK000912,3.5T Van,Box,S35 2PW,LS27 0FU,53.476537,-1.471065,53.734398,-1.604189,2023-12-21 03:15:00+00:00,2023-12-21 03:45:00+00:00,2023-12-21 05:00:00+00:00,2023-12-21 05:30:00+00:00,True
SEZHUK-231214-273940,CAUK000912,3.5T Van,Box,S35 2PW,LS27 0FU,53.476537,-1.471065,53.734398,-1.604189,2023-12-22 03:15:00+00:00,2023-12-22 03:45:00+00:00,2023-12-22 05:00:00+00:00,2023-12-22 05:30:00+00:00,True
SEZHUK-231214-273987,CAUK001047,Tractor Unit,Curtain-Side 13.6M Trailer,GL16 8JB,S80 3EG,51.785961,-2.619676,53.295391,-1.066283,2023-12-15 16:02:00+00:00,2023-12-15 17:02:00+00:00,2023-12-15 22:30:00+00:00,2023-12-15 23:00:00+00:00,False
SEZHUK-231214-273989,CAUK000899,Tractor Unit,Curtain-Side 13.6M Trailer,GL16 8JB,S80 3EG,51.785961,-2.619676,53.295391,-1.066283,2023-12-15 05:02:00+00:00,2023-12-15 06:02:00+00:00,2023-12-15 11:30:00+00:00,2023-12-15 12:00:00+00:00,False
SEZHUK-231214-273990,CAUK001047,Tractor Unit,Curtain-Side 13.6M Trailer,GL16 8JB,S80 3EG,51.785961,-2.619676,53.295391,-1.066283,2023-12-15 19:02:00+00:00,2023-12-15 20:02:00+00:00,2023-12-16 01:30:00+00:00,2023-12-16 02:00:00+00:00,False
SEZHUK-231214-273991,CAUK000192,Tractor Unit,Curtain-Side 13.6M Trailer,GL16 8JB,S80 3EG,51.785961,-2.619676,53.295391,-1.066283,2023-12-15 13:32:00+00:00,2023-12-15 14:32:00+00:00,2023-12-15 20:00:00+00:00,2023-12-15 20:30:00+00:00,False
SEZHUK-231214-273999,CAUK001047,Tractor Unit,Curtain-Side 13.6M Trailer,GL16 8JB,S80 3EG,51.785961,-2.619676,53.295391,-1.066283,2023-12-15 22:02:00+00:00,2023-12-15 23:02:00+00:00,2023-12-16 04:30:00+00:00,2023-12-16 05:00:00+00:00,False
SEZHUK-231214-274002,CAUK001047,Tractor Unit,Curtain-Side 13.6M Trailer,GL16 8JB,S80 3EG,51.785961,-2.619676,53.295391,-1.066283,2023-12-15 08:32:00+00:00,2023-12-15 09:32:00+00:00,2023-12-15 15:00:00+00:00,2023-12-15 15:30:00+00:00,False
SEZHUK-231214-274005,CAUK001047,Tractor Unit,Curtain-Side 13.6M Trailer,GL16 8JB,S80 3EG,51.785961,-2.619676,53.295391,-1.066283,2023-12-15 18:32:00+00:00,2023-12-15 19:32:00+00:00,2023-12-16 01:00:00+00:00,2023-12-16 01:30:00+00:00,False
SEZHUK-231214-274009,CAUK001047,Tractor Unit,Curtain-Side 13.6M Trailer,GL16 8JB,S80 3EG,51.785961,-2.619676,53.295391,-1.066283,2023-12-15 15:02:00+00:00,2023-12-15 16:02:00+00:00,2023-12-15 21:30:00+00:00,2023-12-15 22:00:00+00:00,True
SEZHUK-231214-274014,CAUK000224,Tractor Unit,Curtain-Side 13.6M Trailer,S80 3FY,RM19 1ND,53.293393,-1.074008,51.480755,0.261461,2023-12-16 07:00:00+00:00,2023-12-16 07:59:00+00:00,2023-12-16 15:00:00+00:00,2023-12-16 15:00:00+00:00,True
SEZHUK-231214-274022,CAUK000876,Tractor Unit,Curtain-Side 13.6M Trailer,DE14 1PT,BT26 6JJ,52.811918,-1.630808,54.474078,-6.104285,2023-12-18 00:00:00+00:00,2023-12-18 23:59:00+00:00,2023-12-20 07:30:00+00:00,2023-12-20 08:00:00+00:00,False
SEZHUK-231214-274034,CAUK000863,Tractor Unit,Curtain-Side 13.6M Trailer,NN9 5DB,WS13 8SS,52.322608,-0.622401,52.714727,-1.783906,2023-12-18 10:30:00+00:00,2023-12-18 10:45:00+00:00,2023-12-18 13:45:00+00:00,2023-12-18 14:00:00+00:00,True
SEZHUK-231214-274052,CAUK000116,Tractor Unit,Curtain-Side 13.6M Trailer,NN8 2DH,SO23 7UD,52.291579,-0.672653,51.071738,-1.294898,2023-12-18 10:25:00+00:00,2023-12-18 10:55:00+00:00,2023-12-18 13:30:00+00:00,2023-12-18 14:00:00+00:00,False
SEZHUK-231214-274063,CAUK000222,Tractor Unit,Curtain-Side 13.6M Trailer,WN4 8DE,LE19 1WY,53.501398,-2.64202,52.601991,-1.190434,2023-12-15 10:00:00+00:00,2023-12-15 10:30:00+00:00,2023-12-15 16:30:00+00:00,2023-12-15 17:00:00+00:00,True
SEZHUK-231214-274067,CAUK000096,Tractor Unit,Curtain-Side 13.6M Trailer,OL15 8QF,LE19 1WY,53.634051,-2.1142,52.601961,-1.190085,2023-12-15 10:00:00+00:00,2023-12-15 10:30:00+00:00,2023-12-15 16:30:00+00:00,2023-12-15 17:00:00+00:00,True
SEZHUK-231215-274090,CAUK000029,Tractor Unit,Curtain-Side 13.6M Trailer,DN8 5TE,B66 2EP,53.566639,-0.919839,52.5051,-1.958912,2023-12-18 06:00:00+00:00,2023-12-18 18:00:00+00:00,2023-12-19 08:32:00+00:00,2023-12-19 09:00:00+00:00,False
SEZHUK-231215-274091,CAUK000029,Tractor Unit,Curtain-Side 13.6M Trailer,DN8 5TE,B70 7RP,53.566639,-0.919839,52.5138,-1.996891,2023-12-18 06:00:00+00:00,2023-12-18 18:00:00+00:00,2023-12-19 08:32:00+00:00,2023-12-19 09:00:00+00:00,True
SEZHUK-231215-274092,CAUK000116,Tractor Unit,Curtain-Side 13.6M Trailer,DN8 5TE,SN4 8EQ,53.566639,-0.919839,51.569032,-1.890228,2023-12-18 06:00:00+00:00,2023-12-18 18:00:00+00:00,2023-12-19 08:00:00+00:00,2023-12-19 15:59:00+00:00,True
SEZHUK-231215-274095,CAUK000029,Tractor Unit,Curtain-Side 13.6M Trailer,DN8 5TE,B49 6EP,53.566639,-0.919839,52.225527,-1.864252,2023-12-18 06:00:00+00:00,2023-12-18 18:00:00+00:00,2023-12-19 08:00:00+00:00,2023-12-19 15:59:00+00:00,True
SEZHUK-231215-274098,CAUK000012,Tractor Unit,Curtain-Side 13.6M Trailer,WA7 4HP,ME8 6BY,53.324964,-2.758291,51.369118,0.568841,2023-12-18 07:30:00+00:00,2023-12-18 14:00:00+00:00,2023-12-19 09:32:00+00:00,2023-12-19 10:00:00+00:00,True
SEZHUK-231215-274115,CAUK000029,Tractor Unit,Curtain-Side 13.6M Trailer,DN3 3FG,WS12 1NR,53.537133,-1.037405,52.703735,-1.983264,2023-12-19 06:00:00+00:00,2023-12-19 19:00:00+00:00,2023-12-20 07:32:00+00:00,2023-12-20 08:00:00+00:00,False
SEZHUK-231215-274116,CAUK000096,Tractor Unit,Curtain-Side 13.6M Trailer,HP22 5BL,B8 1AE,51.779657,-0.772897,52.482568,-1.868331,2023-12-18 09:00:00+00:00,2023-12-18 09:30:00+00:00,2023-12-18 13:30:00+00:00,2023-12-18 14:00:00+00:00,True
SEZHUK-231215-274117,CAUK000029,Tractor Unit,Curtain-Side 13.6M Trailer,DN3 3FG,WS12 1NR,53.537133,-1.037405,52.703735,-1.983264,2023-12-19 06:00:00+00:00,2023-12-19 19:00:00+00:00,2023-12-20 08:32:00+00:00,2023-12-20 09:00:00+00:00,False
SEZHUK-231215-274118,CAUK000029,Tractor Unit,Curtain-Side 13.6M Trailer,DN3 3FG,WS12 1NR,53.537133,-1.037405,52.703735,-1.983264,2023-12-19 06:00:00+00:00,2023-12-19 19:00:00+00:00,2023-12-20 09:32:00+00:00,2023-12-20 10:00:00+00:00,True
SEZHUK-231215-274126,CAUK000222,Tractor Unit,Curtain-Side 13.6M Trailer,DE14 2WT,LE4 5PN,52.800481,-1.663328,52.662221,-1.124293,2023-12-21 05:00:00+00:00,2023-12-21 06:00:00+00:00,2023-12-21 08:00:00+00:00,2023-12-21 12:00:00+00:00,True
SEZHUK-231215-274201,CAUK000155,Tractor Unit,Box,RM9 6RS,EH54 8QX,51.530739,0.138456,55.901847,-3.583873,2023-12-21 11:00:00+00:00,2023-12-21 11:30:00+00:00,2023-12-22 08:00:00+00:00,2023-12-22 08:30:00+00:00,True
SEZHUK-231215-274242,CAUK000159,Tractor Unit,Curtain-Side 13.6M Trailer,L33 3AN,DL3 0XZ,53.470807,-2.849187,54.539718,-1.558559,2023-12-18 07:00:00+00:00,2023-12-18 14:00:00+00:00,2023-12-19 08:00:00+00:00,2023-12-19 15:59:00+00:00,True
SEZHUK-231215-274326,CAUK000116,Tractor Unit,Curtain-Side 13.6M Trailer,S80 3FY,SP4 7GQ,53.293393,-1.074008,51.17534,-1.753679,2023-12-19 10:00:00+00:00,2023-12-19 10:59:00+00:00,2023-12-19 19:55:00+00:00,2023-12-19 20:25:00+00:00,False
SEZHUK-231215-274339,CAUK000876,Tractor Unit,Curtain-Side 13.6M Trailer,DE14 1PT,BT26 6JJ,52.811918,-1.630808,54.474078,-6.104285,2023-12-18 10:00:00+00:00,2023-12-20 07:00:00+00:00,2023-12-20 07:30:00+00:00,2023-12-20 08:00:00+00:00,True
SEZHUK-231215-274344,CAUK000876,Tractor Unit,Curtain-Side 13.6M Trailer,DE14 1PT,BT26 6JJ,52.811918,-1.630808,54.474078,-6.104285,2023-12-18 11:00:00+00:00,2023-12-20 07:00:00+00:00,2023-12-20 07:30:00+00:00,2023-12-20 08:00:00+00:00,False
SEZHUK-231215-274347,CAUK000115,Tractor Unit,Curtain-Side 13.6M Trailer,LS10 1SL,CH62 4TG,53.771668,-1.514934,53.346913,-2.988986,2023-12-18 08:00:00+00:00,2023-12-18 08:30:00+00:00,2023-12-18 11:30:00+00:00,2023-12-18 12:00:00+00:00,True
SEZHUK-231215-274349,CAUK000222,Tractor Unit,Curtain-Side 13.6M Trailer,L11 0JA,DE72 2HP,53.462845,-2.896967,52.867015,-1.314862,2023-12-18 18:00:00+00:00,2023-12-18 18:01:00+00:00,2023-12-19 04:55:00+00:00,2023-12-19 05:25:00+00:00,True
SEZHUK-231215-274362,CAUK000116,Tractor Unit,Curtain-Side 13.6M Trailer,BA6 9SP,RG2 0PN,51.171282,-2.782285,51.419654,-0.973301,2023-12-18 07:30:00+00:00,2023-12-18 15:00:00+00:00,2023-12-19 06:02:00+00:00,2023-12-19 06:30:00+00:00,True
SEZHUK-231215-274368,CAUK000199,18T Rigid,Curtain Side,LS10 1SL,M17 1NH,53.771668,-1.514934,53.47475,-2.319686,2023-12-18 12:00:00+00:00,2023-12-18 12:30:00+00:00,2023-12-18 15:30:00+00:00,2023-12-18 16:00:00+00:00,False
SEZHUK-231215-274369,CAUK000034,Tractor Unit,Curtain-Side 13.6M Trailer,BA6 9SP,RG2 0PN,51.171282,-2.782285,51.419654,-0.973301,2023-12-19 07:30:00+00:00,2023-12-19 15:00:00+00:00,2023-12-20 07:32:00+00:00,2023-12-20 08:00:00+00:00,False
SEZHUK-231215-274370,CAUK000116,Tractor Unit,Curtain-Side 13.6M Trailer,BA6 9SP,NP26 3DF,51.171282,-2.782285,51.55991,-2.882457,2023-12-19 07:30:00+00:00,2023-12-19 15:00:00+00:00,2023-12-20 08:32:00+00:00,2023-12-20 09:00:00+00:00,True
SEZHUK-231215-274374,CAUK000954,Tractor Unit,Curtain-Side 13.6M Trailer,BA6 9SP,EH54 8TB,51.171282,-2.782285,55.902675,-3.586822,2023-12-19 07:30:00+00:00,2023-12-19 15:00:00+00:00,2023-12-20 04:32:00+00:00,2023-12-20 05:00:00+00:00,True
SEZHUK-231215-274404,CAUK000116,Tractor Unit,Curtain-Side 13.6M Trailer,BA6 9SP,WS13 6DZ,51.171282,-2.782285,52.683875,-1.821195,2023-12-21 08:00:00+00:00,2023-12-21 10:00:00+00:00,2023-12-22 07:32:00+00:00,2023-12-22 08:00:00+00:00,True
SEZHUK-231215-274415,CAUK000034,Tractor Unit,Curtain-Side 13.6M Trailer,BA6 9SP,EH54 8TB,51.171282,-2.782285,55.902675,-3.586822,2023-12-21 08:00:00+00:00,2023-12-21 10:00:00+00:00,2023-12-21 20:00:00+00:00,2023-12-21 20:30:00+00:00,False
SEZHUK-231215-274417,CAUK000124,Tractor Unit,Curtain-Side 13.6M Trailer,NN4 7BW,LE67 1UA,52.215353,-0.86783,52.700602,-1.340811,2023-12-19 09:00:00+00:00,2023-12-19 13:00:00+00:00,2023-12-20 12:00:00+00:00,2023-12-20 12:00:00+00:00,False
SEZHUK-231215-274433,CAUK000689,Tractor Unit,Curtain-Side 13.6M Trailer,NN17 4AZ,NP16 6UD,52.507605,-0.693317,51.61607,-2.676922,2023-12-18 13:30:00+00:00,2023-12-18 13:45:00+00:00,2023-12-19 07:45:00+00:00,2023-12-19 08:00:00+00:00,True
SEZHUK-231215-274434,CAUK000155,Tractor Unit,Box,BD12 7ER,RG19 4BQ,53.753295,-1.722689,51.398689,-1.232386,2023-12-18 19:00:00+00:00,2023-12-18 19:30:00+00:00,2023-12-19 02:00:00+00:00,2023-12-19 02:30:00+00:00,True
SEZHUK-231215-274435,CAUK000155,Tractor Unit,Box,BD12 7ER,RG19 4BQ,53.753295,-1.722689,51.398689,-1.232386,2023-12-19 19:00:00+00:00,2023-12-19 19:30:00+00:00,2023-12-20 02:00:00+00:00,2023-12-20 02:30:00+00:00,True
SEZHUK-231215-274436,CAUK000155,Tractor Unit,Box,BD12 7ER,RG19 4BQ,53.753295,-1.722689,51.398689,-1.232386,2023-12-20 19:00:00+00:00,2023-12-20 19:30:00+00:00,2023-12-21 02:00:00+00:00,2023-12-21 02:30:00+00:00,True
SEZHUK-231215-274437,CAUK000155,Tractor Unit,Box,BD12 7ER,RG19 4BQ,53.753295,-1.722689,51.398689,-1.232386,2023-12-21 19:00:00+00:00,2023-12-21 19:30:00+00:00,2023-12-22 02:00:00+00:00,2023-12-22 02:30:00+00:00,True
SEZHUK-231215-274447,CAUK000490,Tractor Unit,Box,BD12 7ER,CW1 6FB,53.753295,-1.722689,53.087056,-2.416485,2023-12-18 16:00:00+00:00,2023-12-18 16:30:00+00:00,2023-12-18 19:00:00+00:00,2023-12-18 19:30:00+00:00,False
SEZHUK-231215-274450,CAUK000490,Tractor Unit,Box,BD12 7ER,CW1 6FB,53.753295,-1.722689,53.087056,-2.416485,2023-12-21 16:00:00+00:00,2023-12-21 16:30:00+00:00,2023-12-22 19:00:00+00:00,2023-12-22 19:30:00+00:00,True
SEZHUK-231215-274451,CAUK000490,Tractor Unit,Box,BD12 7ER,CW1 6FB,53.753295,-1.722689,53.087056,-2.416485,2023-12-22 16:00:00+00:00,2023-12-22 16:30:00+00:00,2023-12-22 19:00:00+00:00,2023-12-22 19:30:00+00:00,True
SEZHUK-231215-274457,CAUK000222,Tractor Unit,Curtain-Side 13.6M Trailer,BS35 4GG,LE67 1UA,51.55257,-2.65344,52.700602,-1.340811,2023-12-21 09:00:00+00:00,2023-12-21 13:00:00+00:00,2023-12-22 08:00:00+00:00,2023-12-22 09:00:00+00:00,True
SEZHUK-231215-274463,CAUK000115,Tractor Unit,Curtain-Side 13.6M Trailer,LS10 1SL,CH62 4TG,53.771668,-1.514934,53.346913,-2.988986,2023-12-16 11:00:00+00:00,2023-12-16 11:30:00+00:00,2023-12-17 21:00:00+00:00,2023-12-17 22:00:00+00:00,True
SEZHUK-231215-274476,CAUK000446,Tractor Unit,Curtain-Side 13.6M Trailer,DE14 2WT,N18 3BB,52.800481,-1.663328,51.614473,-0.042472,2023-12-18 14:00:00+00:00,2023-12-18 23:59:00+00:00,2023-12-19 10:30:00+00:00,2023-12-19 11:00:00+00:00,True
SEZHUK-231215-274516,CAUK000770,Tractor Unit,Curtain-Side 13.6M Trailer,S80 3FY,DA8 1DE,53.293393,-1.074008,51.493182,0.167098,2023-12-18 18:30:00+00:00,2023-12-18 19:29:00+00:00,2023-12-19 11:55:00+00:00,2023-12-19 12:25:00+00:00,True
SEZHUK-231215-274538,CAUK000435,Tractor Unit,Box 44ft,BD5 8LZ,EN3 7QP,53.764125,-1.740145,51.659325,-0.021793,2023-12-16 22:19:00+00:00,2023-12-17 01:00:00+00:00,2023-12-17 06:00:00+00:00,2023-12-17 08:00:00+00:00,False
SEZHUK-231215-274541,CAUK000766,Tractor Unit,Box 44ft,BD5 8LZ,HP2 7PZ,53.764125,-1.740145,51.771841,-0.439918,2023-12-16 22:19:00+00:00,2023-12-17 01:00:00+00:00,2023-12-17 05:51:00+00:00,2023-12-17 07:51:00+00:00,False
SEZHUK-231215-274551,CAUK000155,Tractor Unit,Curtain-Side 13.6M Trailer,L11 0JA,DA17 6JY,53.462845,-2.896967,51.502211,0.154551,2023-12-18 15:00:00+00:00,2023-12-18 15:01:00+00:00,2023-12-19 16:55:00+00:00,2023-12-19 17:25:00+00:00,True
SEZHUK-231215-274554,CAUK000863,Tractor Unit,Curtain-Side 13.6M Trailer,GL3 4AJ,S80 3EG,51.843233,-2.170887,53.295391,-1.066283,2023-12-18 11:00:00+00:00,2023-12-18 12:00:00+00:00,2023-12-18 16:30:00+00:00,2023-12-18 17:00:00+00:00,True
SEZHUK-231215-274558,CAUK000863,Tractor Unit,Curtain-Side 13.6M Trailer,GL3 4AJ,S80 3EG,51.843233,-2.170887,53.295391,-1.066283,2023-12-18 16:00:00+00:00,2023-12-18 17:00:00+00:00,2023-12-18 21:30:00+00:00,2023-12-18 22:00:00+00:00,True
SEZHUK-231215-274559,CAUK000222,Tractor Unit,Curtain-Side 13.6M Trailer,GL3 4AJ,S80 3EG,51.843233,-2.170887,53.295391,-1.066283,2023-12-16 11:00:00+00:00,2023-12-16 12:00:00+00:00,2023-12-16 16:30:00+00:00,2023-12-16 17:00:00+00:00,True
SEZHUK-231215-274562,CAUK001047,Tractor Unit,Curtain-Side 13.6M Trailer,GL16 8JB,S80 3EG,51.785961,-2.619676,53.295391,-1.066283,2023-12-16 17:00:00+00:00,2023-12-16 18:00:00+00:00,2023-12-17 02:00:00+00:00,2023-12-17 03:00:00+00:00,False
SEZHUK-231215-274563,CAUK000222,Tractor Unit,Curtain-Side 13.6M Trailer,WN4 8DE,ST4 4FA,53.501398,-2.64202,52.983393,-2.181287,2023-12-16 10:00:00+00:00,2023-12-16 10:30:00+00:00,2023-12-16 10:00:00+00:00,2023-12-16 10:30:00+00:00,False
SEZHUK-231215-274564,CAUK001047,Tractor Unit,Curtain-Side 13.6M Trailer,GL16 8JB,S80 3EG,51.785961,-2.619676,53.295391,-1.066283,2023-12-17 05:00:00+00:00,2023-12-17 06:00:00+00:00,2023-12-17 11:30:00+00:00,2023-12-17 12:00:00+00:00,True
SEZHUK-231215-274565,CAUK001047,Tractor Unit,Curtain-Side 13.6M Trailer,GL16 8JB,S80 3EG,51.785961,-2.619676,53.295391,-1.066283,2023-12-16 05:00:00+00:00,2023-12-16 06:00:00+00:00,2023-12-16 16:13:00+00:00,2023-12-16 16:43:00+00:00,False
SEZHUK-231215-274568,CAUK001047,Tractor Unit,Curtain-Side 13.6M Trailer,GL16 8JB,S80 3EG,51.785961,-2.619676,53.295391,-1.066283,2023-12-16 03:00:00+00:00,2023-12-16 04:00:00+00:00,2023-12-16 14:13:00+00:00,2023-12-16 14:43:00+00:00,False
SEZHUK-231215-274570,CAUK001047,Tractor Unit,Curtain-Side 13.6M Trailer,GL16 8JB,S80 3EG,51.785961,-2.619676,53.295391,-1.066283,2023-12-17 18:00:00+00:00,2023-12-17 19:00:00+00:00,2023-12-17 18:00:00+00:00,2023-12-17 19:00:00+00:00,False
SEZHUK-231215-274573,CAUK001047,Tractor Unit,Curtain-Side 13.6M Trailer,GL16 8JB,S80 3EG,51.785961,-2.619676,53.295391,-1.066283,2023-12-17 06:30:00+00:00,2023-12-17 07:30:00+00:00,2023-12-17 13:00:00+00:00,2023-12-17 13:30:00+00:00,False
SEZHUK-231215-274574,CAUK001047,Tractor Unit,Curtain-Side 13.6M Trailer,GL16 8JB,S80 3EG,51.785961,-2.619676,53.295391,-1.066283,2023-12-17 19:00:00+00:00,2023-12-17 20:00:00+00:00,2023-12-18 01:30:00+00:00,2023-12-18 02:00:00+00:00,False
SEZHUK-231215-274580,CAUK001047,Tractor Unit,Curtain-Side 13.6M Trailer,GL16 8JB,S80 3EG,51.785961,-2.619676,53.295391,-1.066283,2023-12-18 04:32:00+00:00,2023-12-18 05:32:00+00:00,2023-12-18 11:00:00+00:00,2023-12-18 11:30:00+00:00,False
SEZHUK-231215-274584,CAUK001047,Tractor Unit,Curtain-Side 13.6M Trailer,GL16 8JB,S80 3EG,51.785961,-2.619676,53.295391,-1.066283,2023-12-18 02:32:00+00:00,2023-12-18 03:32:00+00:00,2023-12-18 09:00:00+00:00,2023-12-18 09:30:00+00:00,True
SEZHUK-231215-274585,CAUK001047,Tractor Unit,Curtain-Side 13.6M Trailer,GL16 8JB,S80 3EG,51.785961,-2.619676,53.295391,-1.066283,2023-12-18 04:02:00+00:00,2023-12-18 05:02:00+00:00,2023-12-18 10:30:00+00:00,2023-12-18 11:00:00+00:00,False
SEZHUK-231215-274586,CAUK001047,Tractor Unit,Curtain-Side 13.6M Trailer,GL16 8JB,S80 3EG,51.785961,-2.619676,53.295391,-1.066283,2023-12-18 09:02:00+00:00,2023-12-18 10:02:00+00:00,2023-12-18 15:30:00+00:00,2023-12-18 16:00:00+00:00,False
SEZHUK-231215-274587,CAUK001047,Tractor Unit,Curtain-Side 13.6M Trailer,GL16 8JB,S80 3EG,51.785961,-2.619676,53.295391,-1.066283,2023-12-18 06:32:00+00:00,2023-12-18 07:32:00+00:00,2023-12-18 13:00:00+00:00,2023-12-18 13:30:00+00:00,False
SEZHUK-231215-274592,CAUK000029,Tractor Unit,Curtain-Side 13.6M Trailer,GL16 8JB,S80 3EG,51.785961,-2.619676,53.295391,-1.066283,2023-12-18 12:32:00+00:00,2023-12-18 13:32:00+00:00,2023-12-18 19:00:00+00:00,2023-12-18 19:30:00+00:00,True
SEZHUK-231215-274594,CAUK001047,Tractor Unit,Curtain-Side 13.6M Trailer,GL16 8JB,S80 3EG,51.785961,-2.619676,53.295391,-1.066283,2023-12-18 22:32:00+00:00,2023-12-18 23:32:00+00:00,2023-12-19 05:00:00+00:00,2023-12-19 05:30:00+00:00,False
SEZHUK-231215-274595,CAUK001047,Tractor Unit,Curtain-Side 13.6M Trailer,GL16 8JB,S80 3EG,51.785961,-2.619676,53.295391,-1.066283,2023-12-18 19:32:00+00:00,2023-12-18 20:32:00+00:00,2023-12-19 02:00:00+00:00,2023-12-19 02:30:00+00:00,False
SEZHUK-231215-274596,CAUK001047,Tractor Unit,Curtain-Side 13.6M Trailer,GL16 8JB,S80 3EG,51.785961,-2.619676,53.295391,-1.066283,2023-12-18 21:32:00+00:00,2023-12-18 22:32:00+00:00,2023-12-19 04:00:00+00:00,2023-12-19 04:30:00+00:00,False
SEZHUK-231215-274597,CAUK001047,Tractor Unit,Curtain-Side 13.6M Trailer,GL16 8JB,S80 3EG,51.785961,-2.619676,53.295391,-1.066283,2023-12-18 19:02:00+00:00,2023-12-18 20:02:00+00:00,2023-12-19 01:30:00+00:00,2023-12-19 02:00:00+00:00,False
SEZHUK-231215-274598,CAUK001047,Tractor Unit,Curtain-Side 13.6M Trailer,GL16 8JB,S80 3EG,51.785961,-2.619676,53.295391,-1.066283,2023-12-16 03:30:00+00:00,2023-12-16 04:30:00+00:00,2023-12-16 14:43:00+00:00,2023-12-16 15:13:00+00:00,True
SEZHUK-231215-274599,CAUK000192,Tractor Unit,Curtain-Side 13.6M Trailer,GL16 8JB,S80 3EG,51.785961,-2.619676,53.295391,-1.066283,2023-12-18 13:32:00+00:00,2023-12-18 14:32:00+00:00,2023-12-19 07:00:00+00:00,2023-12-19 08:00:00+00:00,True
SEZHUK-231215-274600,CAUK001047,Tractor Unit,Curtain-Side 13.6M Trailer,GL16 8JB,S80 3EG,51.785961,-2.619676,53.295391,-1.066283,2023-12-16 04:00:00+00:00,2023-12-16 05:00:00+00:00,2023-12-16 15:13:00+00:00,2023-12-16 15:43:00+00:00,False
SEZHUK-231215-274601,CAUK001047,Tractor Unit,Curtain-Side 13.6M Trailer,GL16 8JB,S80 3EG,51.785961,-2.619676,53.295391,-1.066283,2023-12-16 09:00:00+00:00,2023-12-16 10:00:00+00:00,2023-12-16 20:13:00+00:00,2023-12-16 20:43:00+00:00,False
SEZHUK-231215-274604,CAUK001047,Tractor Unit,Curtain-Side 13.6M Trailer,GL16 8JB,S80 3EG,51.785961,-2.619676,53.295391,-1.066283,2023-12-16 02:30:00+00:00,2023-12-16 03:30:00+00:00,2023-12-16 13:43:00+00:00,2023-12-16 14:13:00+00:00,False
SEZHUK-231215-274608,CAUK001047,Tractor Unit,Curtain-Side 13.6M Trailer,GL16 8JB,S80 3EG,51.785961,-2.619676,53.295391,-1.066283,2023-12-16 08:00:00+00:00,2023-12-16 09:00:00+00:00,2023-12-16 19:13:00+00:00,2023-12-16 19:43:00+00:00,False
SEZHUK-231215-274609,CAUK001047,Tractor Unit,Curtain-Side 13.6M Trailer,GL16 8JB,S80 3EG,51.785961,-2.619676,53.295391,-1.066283,2023-12-16 16:30:00+00:00,2023-12-16 17:30:00+00:00,2023-12-17 01:30:00+00:00,2023-12-17 02:30:00+00:00,True
SEZHUK-231215-274610,CAUK001047,Tractor Unit,Curtain-Side 13.6M Trailer,GL16 8JB,S80 3EG,51.785961,-2.619676,53.295391,-1.066283,2023-12-17 07:00:00+00:00,2023-12-17 08:00:00+00:00,2023-12-17 13:30:00+00:00,2023-12-17 14:00:00+00:00,False
SEZHUK-231215-274611,CAUK001047,Tractor Unit,Curtain-Side 13.6M Trailer,GL16 8JB,S80 3EG,51.785961,-2.619676,53.295391,-1.066283,2023-12-17 06:00:00+00:00,2023-12-17 07:00:00+00:00,2023-12-17 12:30:00+00:00,2023-12-17 13:00:00+00:00,False
SEZHUK-231215-274612,CAUK001047,Tractor Unit,Curtain-Side 13.6M Trailer,GL16 8JB,S80 3EG,51.785961,-2.619676,53.295391,-1.066283,2023-12-17 17:00:00+00:00,2023-12-17 18:00:00+00:00,2023-12-17 21:30:00+00:00,2023-12-17 22:00:00+00:00,False
SEZHUK-231215-274614,CAUK001047,Tractor Unit,Curtain-Side 13.6M Trailer,GL16 8JB,S80 3EG,51.785961,-2.619676,53.295391,-1.066283,2023-12-17 16:00:00+00:00,2023-12-17 17:00:00+00:00,2023-12-17 22:00:00+00:00,2023-12-17 22:30:00+00:00,False
SEZHUK-231215-274617,CAUK001047,Tractor Unit,Curtain-Side 13.6M Trailer,GL16 8JB,S80 3EG,51.785961,-2.619676,53.295391,-1.066283,2023-12-17 18:30:00+00:00,2023-12-17 19:30:00+00:00,2023-12-18 01:00:00+00:00,2023-12-18 01:30:00+00:00,False
SEZHUK-231215-274618,CAUK000214,Tractor Unit,Curtain-Side 13.6M Trailer,GL16 8JB,S80 3EG,51.785961,-2.619676,53.295391,-1.066283,2023-12-17 19:00:00+00:00,2023-12-17 20:00:00+00:00,2023-12-18 01:30:00+00:00,2023-12-18 02:00:00+00:00,False
SEZHUK-231215-274622,CAUK000899,Tractor Unit,Curtain-Side 13.6M Trailer,GL16 8JB,S80 3EG,51.785961,-2.619676,53.295391,-1.066283,2023-12-17 14:00:00+00:00,2023-12-17 15:00:00+00:00,2023-12-17 20:30:00+00:00,2023-12-17 21:00:00+00:00,False
SEZHUK-231215-274624,CAUK001047,Tractor Unit,Curtain-Side 13.6M Trailer,GL16 8JB,S80 3EG,51.785961,-2.619676,53.295391,-1.066283,2023-12-16 18:00:00+00:00,2023-12-16 19:00:00+00:00,2023-12-17 03:30:00+00:00,2023-12-17 04:30:00+00:00,False
SEZHUK-231215-274625,CAUK001047,Tractor Unit,Curtain-Side 13.6M Trailer,GL16 8JB,S80 3EG,51.785961,-2.619676,53.295391,-1.066283,2023-12-16 19:30:00+00:00,2023-12-16 20:30:00+00:00,2023-12-17 06:00:00+00:00,2023-12-17 07:00:00+00:00,False
SEZHUK-231215-274628,CAUK000222,Tractor Unit,Curtain-Side 13.6M Trailer,WN4 8DE,ST4 4FA,53.501398,-2.64202,52.983393,-2.181287,2023-12-16 10:00:00+00:00,2023-12-16 10:30:00+00:00,2023-12-16 10:00:00+00:00,2023-12-16 10:30:00+00:00,True
SEZHUK-231215-274629,CAUK001047,Tractor Unit,Curtain-Side 13.6M Trailer,GL16 8JB,S80 3EG,51.785961,-2.619676,53.295391,-1.066283,2023-12-18 05:02:00+00:00,2023-12-18 06:02:00+00:00,2023-12-18 11:30:00+00:00,2023-12-18 12:00:00+00:00,False
SEZHUK-231215-274632,CAUK000214,Tractor Unit,Curtain-Side 13.6M Trailer,GL16 8JB,S80 3EG,51.785961,-2.619676,53.295391,-1.066283,2023-12-17 20:00:00+00:00,2023-12-17 21:00:00+00:00,2023-12-17 20:00:00+00:00,2023-12-17 21:00:00+00:00,False
SEZHUK-231215-274639,CAUK000222,Tractor Unit,Curtain-Side 13.6M Trailer,WN4 8DE,ST4 4FA,53.501398,-2.64202,52.983393,-2.181287,2023-12-16 10:00:00+00:00,2023-12-16 10:30:00+00:00,2023-12-16 10:00:00+00:00,2023-12-16 10:30:00+00:00,False
SEZHUK-231215-274642,CAUK000023,Tractor Unit,Curtain-Side 13.6M Trailer,GL16 8JB,S80 3EG,51.785961,-2.619676,53.295391,-1.066283,2023-12-18 14:02:00+00:00,2023-12-18 15:02:00+00:00,2023-12-18 20:30:00+00:00,2023-12-18 21:00:00+00:00,True
SEZHUK-231215-274647,CAUK001047,Tractor Unit,Curtain-Side 13.6M Trailer,GL16 8JB,S80 3EG,51.785961,-2.619676,53.295391,-1.066283,2023-12-18 22:02:00+00:00,2023-12-18 23:02:00+00:00,2023-12-19 04:30:00+00:00,2023-12-19 05:00:00+00:00,False
SEZHUK-231215-274654,CAUK001047,Tractor Unit,Curtain-Side 13.6M Trailer,GL16 8JB,S80 3EG,51.785961,-2.619676,53.295391,-1.066283,2023-12-18 20:32:00+00:00,2023-12-18 21:32:00+00:00,2023-12-19 03:00:00+00:00,2023-12-19 03:30:00+00:00,False
SEZHUK-231215-274657,CAUK001047,Tractor Unit,Curtain-Side 13.6M Trailer,GL16 8JB,S80 3EG,51.785961,-2.619676,53.295391,-1.066283,2023-12-18 07:02:00+00:00,2023-12-18 08:02:00+00:00,2023-12-18 13:30:00+00:00,2023-12-18 14:00:00+00:00,True
SEZHUK-231215-274660,CAUK001047,Tractor Unit,Curtain-Side 13.6M Trailer,GL16 8JB,S80 3EG,51.785961,-2.619676,53.295391,-1.066283,2023-12-18 08:32:00+00:00,2023-12-18 09:32:00+00:00,2023-12-18 15:00:00+00:00,2023-12-18 15:30:00+00:00,False
SEZHUK-231215-274661,CAUK001047,Tractor Unit,Curtain-Side 13.6M Trailer,GL16 8JB,S80 3EG,51.785961,-2.619676,53.295391,-1.066283,2023-12-17 05:30:00+00:00,2023-12-17 06:30:00+00:00,2023-12-17 12:00:00+00:00,2023-12-17 12:30:00+00:00,False
SEZHUK-231215-274664,CAUK001047,Tractor Unit,Curtain-Side 13.6M Trailer,GL16 8JB,S80 3EG,51.785961,-2.619676,53.295391,-1.066283,2023-12-18 02:02:00+00:00,2023-12-18 03:02:00+00:00,2023-12-18 08:30:00+00:00,2023-12-18 09:00:00+00:00,False
SEZHUK-231215-274666,CAUK001047,Tractor Unit,Curtain-Side 13.6M Trailer,GL16 8JB,S80 3EG,51.785961,-2.619676,53.295391,-1.066283,2023-12-16 19:00:00+00:00,2023-12-16 20:00:00+00:00,2023-12-17 06:00:00+00:00,2023-12-17 07:00:00+00:00,False
SEZHUK-231216-274697,CAUK000282,Tractor Unit,Tractor Only 6x2,DN3 3FQ,DN3 3FQ,53.534344,-1.035929,53.534344,-1.035929,2023-12-18 06:00:00+00:00,2023-12-18 06:30:00+00:00,2023-12-18 18:00:00+00:00,2023-12-18 18:30:00+00:00,True
SEZHUK-231216-274698,CAUK000282,Tractor Unit,Tractor Only 6x2,DN3 3FQ,DN3 3FQ,53.534344,-1.035929,53.534344,-1.035929,2023-12-18 11:00:00+00:00,2023-12-18 11:30:00+00:00,2023-12-18 23:00:00+00:00,2023-12-18 23:30:00+00:00,True
SEZHUK-231216-274737,CAUK000863,Tractor Unit,Box 44ft,BD5 8LZ,HP2 7PZ,53.764125,-1.740145,51.771841,-0.439918,2023-12-17 01:20:00+00:00,2023-12-17 03:00:00+00:00,2023-12-17 07:51:00+00:00,2023-12-17 09:51:00+00:00,False
SEZHUK-231216-274742,CAUK000660,Tractor Unit,Box 44ft,BD5 8LZ,RG19 4BQ,53.764125,-1.740145,51.398851,-1.231993,2023-12-17 16:20:00+00:00,2023-12-17 18:00:00+00:00,2023-12-18 06:00:00+00:00,2023-12-18 08:00:00+00:00,True
SEZHUK-231216-274748,CAUK000689,Tractor Unit,Box 44ft,BD5 8LZ,BS35 3UT,53.764125,-1.740145,51.602415,-2.522567,2023-12-18 00:01:00+00:00,2023-12-18 01:41:00+00:00,2023-12-18 06:56:00+00:00,2023-12-18 10:07:00+00:00,False
SEZHUK-231216-274752,CAUK000766,Tractor Unit,Box 44ft,BD5 8LZ,ME13 7TW,53.764125,-1.740145,51.328048,0.877608,2023-12-18 00:01:00+00:00,2023-12-18 01:41:00+00:00,2023-12-18 07:35:00+00:00,2023-12-18 09:35:00+00:00,False
SEZHUK-231216-274761,CAUK000096,Tractor Unit,Curtain-Side 13.6M Trailer,LE19 1WY,LE19 1WY,52.601576,-1.18816,52.601576,-1.18816,2023-12-20 03:30:00+00:00,2023-12-20 03:30:00+00:00,2023-12-20 21:30:00+00:00,2023-12-20 22:00:00+00:00,True
SEZHUK-231216-274763,CAUK000096,Tractor Unit,Curtain-Side 13.6M Trailer,LE19 1WY,LE19 1WY,52.601576,-1.18816,52.601576,-1.18816,2023-12-20 03:15:00+00:00,2023-12-20 03:15:00+00:00,2023-12-20 21:30:00+00:00,2023-12-20 22:00:00+00:00,True
SEZHUK-231216-274769,CAUK000155,Tractor Unit,Curtain-Side 13.6M Trailer,LE19 1WY,LE19 1WY,52.601576,-1.18816,52.601576,-1.18816,2023-12-20 03:00:00+00:00,2023-12-20 03:00:00+00:00,2023-12-20 21:30:00+00:00,2023-12-20 22:00:00+00:00,True
SEZHUK-231216-274781,CAUK000096,Tractor Unit,Curtain-Side 13.6M Trailer,LE19 1WY,LE19 1WY,52.601576,-1.18816,52.601576,-1.18816,2023-12-19 03:15:00+00:00,2023-12-19 03:15:00+00:00,2023-12-19 21:30:00+00:00,2023-12-19 22:00:00+00:00,True
SEZHUK-231216-274785,CAUK000096,Tractor Unit,Curtain-Side 13.6M Trailer,ST4 4FA,ST4 4FA,52.983393,-2.181287,52.983393,-2.181287,2023-12-22 06:00:00+00:00,2023-12-22 06:30:00+00:00,2023-12-22 22:30:00+00:00,2023-12-22 23:00:00+00:00,True
SEZHUK-231216-274788,CAUK000155,Tractor Unit,Curtain-Side 13.6M Trailer,LE19 1WY,LE19 1WY,52.601576,-1.18816,52.601576,-1.18816,2023-12-19 03:45:00+00:00,2023-12-19 03:45:00+00:00,2023-12-19 21:30:00+00:00,2023-12-19 22:00:00+00:00,True
SEZHUK-231216-274798,CAUK000096,Tractor Unit,Curtain-Side 13.6M Trailer,ST4 4FA,ST4 4FA,52.983393,-2.181287,52.983393,-2.181287,2023-12-21 03:30:00+00:00,2023-12-21 03:30:00+00:00,2023-12-21 03:30:00+00:00,2023-12-21 04:00:00+00:00,False
SEZHUK-231216-274799,CAUK000431,Tractor Unit,Curtain-Side 13.6M Trailer,ST4 4FA,ST4 4FA,52.983393,-2.181287,52.983393,-2.181287,2023-12-20 06:00:00+00:00,2023-12-20 06:00:00+00:00,2023-12-20 22:30:00+00:00,2023-12-20 23:00:00+00:00,True
SEZHUK-231216-274802,CAUK000096,Tractor Unit,Curtain-Side 13.6M Trailer,ST4 4FA,ST4 4FA,52.983393,-2.181287,52.983393,-2.181287,2023-12-20 05:15:00+00:00,2023-12-20 05:15:00+00:00,2023-12-20 22:30:00+00:00,2023-12-20 23:00:00+00:00,True
SEZHUK-231216-274806,CAUK000096,Tractor Unit,Curtain-Side 13.6M Trailer,ST4 4FA,ST4 4FA,52.983393,-2.181287,52.983393,-2.181287,2023-12-20 04:00:00+00:00,2023-12-20 04:00:00+00:00,2023-12-20 22:30:00+00:00,2023-12-20 23:00:00+00:00,True
SEZHUK-231216-274808,CAUK000096,Tractor Unit,Curtain-Side 13.6M Trailer,ST4 4FA,ST4 4FA,52.983393,-2.181287,52.983393,-2.181287,2023-12-19 06:00:00+00:00,2023-12-19 06:30:00+00:00,2023-12-19 22:30:00+00:00,2023-12-19 23:00:00+00:00,True
SEZHUK-231216-274813,CAUK000222,Tractor Unit,Curtain-Side 13.6M Trailer,ST4 4FA,ST4 4FA,52.983393,-2.181287,52.983393,-2.181287,2023-12-19 06:00:00+00:00,2023-12-19 06:00:00+00:00,2023-12-19 22:30:00+00:00,2023-12-19 23:00:00+00:00,False
SEZHUK-231216-274819,CAUK000034,Tractor Unit,Curtain-Side 13.6M Trailer,OL16 4NZ,ST4 4FA,53.602351,-2.126989,52.983393,-2.181287,2023-12-18 10:00:00+00:00,2023-12-18 10:30:00+00:00,2023-12-18 16:30:00+00:00,2023-12-18 17:00:00+00:00,True
SEZHUK-231216-274828,CAUK000034,Tractor Unit,Curtain-Side 13.6M Trailer,BB5 5YJ,ST4 4FA,53.789353,-2.342379,52.983393,-2.181287,2023-12-18 10:00:00+00:00,2023-12-18 10:30:00+00:00,2023-12-18 16:30:00+00:00,2023-12-18 17:00:00+00:00,False
SEZHUK-231216-274831,CAUK000034,Tractor Unit,Curtain-Side 13.6M Trailer,OL15 8QF,ST4 4FA,53.634051,-2.1142,52.983393,-2.181287,2023-12-18 10:00:00+00:00,2023-12-18 10:30:00+00:00,2023-12-18 16:30:00+00:00,2023-12-18 17:00:00+00:00,True
SEZHUK-231217-274882,CAUK000282,Tractor Unit,Tractor Only 6x2,DN3 3FF,DN3 3FF,53.537695,-1.031761,53.537695,-1.031761,2023-12-18 06:00:00+00:00,2023-12-18 07:00:00+00:00,2023-12-18 17:00:00+00:00,2023-12-18 18:00:00+00:00,True
SEZHUK-231217-274884,CAUK000282,Tractor Unit,Tractor Only 6x2,DN3 3FQ,DN3 3FQ,53.534344,-1.035929,53.534344,-1.035929,2023-12-19 06:00:00+00:00,2023-12-19 07:00:00+00:00,2023-12-19 17:00:00+00:00,2023-12-19 18:00:00+00:00,True
SEZHUK-231217-274885,CAUK000282,Tractor Unit,Tractor Only 6x2,DN3 3FQ,DN3 3FQ,53.534344,-1.035929,53.534344,-1.035929,2023-12-20 06:00:00+00:00,2023-12-20 07:00:00+00:00,2023-12-20 17:00:00+00:00,2023-12-20 18:00:00+00:00,True
SEZHUK-231217-274886,CAUK000282,Tractor Unit,Tractor Only 6x2,DN3 3FQ,DN3 3FQ,53.534344,-1.035929,53.534344,-1.035929,2023-12-21 06:00:00+00:00,2023-12-21 07:00:00+00:00,2023-12-21 17:00:00+00:00,2023-12-21 18:00:00+00:00,True
SEZHUK-231217-274889,CAUK000282,Tractor Unit,Tractor Only 6x2,DN3 3FQ,DN3 3FQ,53.534344,-1.035929,53.534344,-1.035929,2023-12-20 06:00:00+00:00,2023-12-20 07:00:00+00:00,2023-12-20 17:00:00+00:00,2023-12-20 18:00:00+00:00,True
SEZHUK-231217-274890,CAUK000282,Tractor Unit,Tractor Only 6x2,DN3 3FQ,DN3 3FQ,53.534344,-1.035929,53.534344,-1.035929,2023-12-21 06:00:00+00:00,2023-12-21 07:00:00+00:00,2023-12-21 17:00:00+00:00,2023-12-21 18:00:00+00:00,True
SEZHUK-231217-274893,CAUK000282,Tractor Unit,Tractor Only 6x2,DN3 3FQ,DN3 3FQ,53.534344,-1.035929,53.534344,-1.035929,2023-12-22 06:00:00+00:00,2023-12-22 07:00:00+00:00,2023-12-22 17:00:00+00:00,2023-12-22 18:00:00+00:00,True
SEZHUK-231217-274937,CAUK000766,Tractor Unit,Box 44ft,BD5 8LZ,RG19 4BQ,53.764125,-1.740145,51.398851,-1.231993,2023-12-18 21:20:00+00:00,2023-12-18 23:00:00+00:00,2023-12-19 06:00:00+00:00,2023-12-19 08:56:00+00:00,False
SEZHUK-231217-274942,CAUK001068,Tractor Unit,Box 44ft,BD5 8LZ,BS35 3UT,53.764125,-1.740145,51.602415,-2.522567,2023-12-19 01:20:00+00:00,2023-12-19 03:00:00+00:00,2023-12-19 08:15:00+00:00,2023-12-19 12:22:00+00:00,True
SEZHUK-231217-274945,CAUK000435,Tractor Unit,Box 44ft,BD5 8LZ,EN3 7QP,53.764125,-1.740145,51.659325,-0.021793,2023-12-18 22:19:00+00:00,2023-12-19 01:00:00+00:00,2023-12-19 06:00:00+00:00,2023-12-19 08:55:00+00:00,True
SEZHUK-231217-274947,CAUK001068,Tractor Unit,Box 44ft,BD5 8LZ,BS35 3UT,53.764125,-1.740145,51.602415,-2.522567,2023-12-19 01:20:00+00:00,2023-12-19 03:00:00+00:00,2023-12-19 08:15:00+00:00,2023-12-19 12:22:00+00:00,True
SEZHUK-231217-274955,CAUK000766,Tractor Unit,Box 44ft,BD5 8LZ,RG19 4BQ,53.764125,-1.740145,51.398851,-1.231993,2023-12-19 21:20:00+00:00,2023-12-19 23:00:00+00:00,2023-12-20 06:00:00+00:00,2023-12-20 08:56:00+00:00,False
SEZHUK-231217-274957,CAUK001068,Tractor Unit,Box 44ft,BD5 8LZ,BS35 3UT,53.764125,-1.740145,51.602415,-2.522567,2023-12-18 01:20:00+00:00,2023-12-18 03:00:00+00:00,2023-12-18 08:15:00+00:00,2023-12-18 12:22:00+00:00,True
SEZHUK-231217-274958,CAUK000618,Tractor Unit,Box 44ft,BD5 8LZ,RG19 4BQ,53.764125,-1.740145,51.398851,-1.231993,2023-12-19 00:20:00+00:00,2023-12-19 02:00:00+00:00,2023-12-19 07:37:00+00:00,2023-12-19 10:33:00+00:00,False
SEZHUK-231217-274961,CAUK000435,Tractor Unit,Box 44ft,BD5 8LZ,EN3 7QP,53.764125,-1.740145,51.659325,-0.021793,2023-12-19 22:19:00+00:00,2023-12-20 01:00:00+00:00,2023-12-20 06:00:00+00:00,2023-12-20 08:55:00+00:00,False
SEZHUK-231217-274963,CAUK000766,Tractor Unit,Box 44ft,BD5 8LZ,ME13 7TW,53.764125,-1.740145,51.328048,0.877608,2023-12-18 22:19:00+00:00,2023-12-19 01:00:00+00:00,2023-12-19 06:54:00+00:00,2023-12-19 09:50:00+00:00,False
SEZHUK-231217-274981,CAUK001068,Tractor Unit,Box 44ft,BD5 8LZ,BS35 3UT,53.764125,-1.740145,51.602415,-2.522567,2023-12-21 01:20:00+00:00,2023-12-21 03:00:00+00:00,2023-12-21 08:15:00+00:00,2023-12-21 12:22:00+00:00,True
SEZHUK-231217-274982,CAUK001068,Tractor Unit,Box 44ft,BD5 8LZ,BS35 3UT,53.764125,-1.740145,51.602415,-2.522567,2023-12-21 01:20:00+00:00,2023-12-21 03:00:00+00:00,2023-12-21 08:15:00+00:00,2023-12-21 12:22:00+00:00,True
SEZHUK-231217-274987,CAUK000660,Tractor Unit,Box 44ft,BD5 8LZ,RG19 4BQ,53.764125,-1.740145,51.398851,-1.231993,2023-12-20 14:20:00+00:00,2023-12-20 16:00:00+00:00,2023-12-21 06:00:00+00:00,2023-12-21 08:56:00+00:00,True
SEZHUK-231217-274989,CAUK000390,Tractor Unit,Box 44ft,BD5 8LZ,ME13 7TW,53.764125,-1.740145,51.328048,0.877608,2023-12-20 13:20:00+00:00,2023-12-20 15:00:00+00:00,2023-12-21 06:00:00+00:00,2023-12-21 09:41:00+00:00,True
SEZHUK-231217-274995,CAUK000863,Tractor Unit,Box 44ft,BD5 8LZ,HP2 7PZ,53.764125,-1.740145,51.771841,-0.439918,2023-12-22 01:20:00+00:00,2023-12-22 03:00:00+00:00,2023-12-22 07:51:00+00:00,2023-12-22 10:46:00+00:00,False
SEZHUK-231217-275000,CAUK000435,Tractor Unit,Box 44ft,BD5 8LZ,EN3 7QP,53.764125,-1.740145,51.659325,-0.021793,2023-12-21 22:19:00+00:00,2023-12-22 01:00:00+00:00,2023-12-22 06:00:00+00:00,2023-12-22 08:55:00+00:00,True
SEZHUK-231217-275004,CAUK000660,Tractor Unit,Box 44ft,BD5 8LZ,RG19 4BQ,53.764125,-1.740145,51.398851,-1.231993,2023-12-19 14:20:00+00:00,2023-12-19 16:00:00+00:00,2023-12-20 06:00:00+00:00,2023-12-20 08:56:00+00:00,False
SEZHUK-231217-275006,CAUK000766,Tractor Unit,Box 44ft,BD5 8LZ,ME13 7TW,53.764125,-1.740145,51.328048,0.877608,2023-12-20 22:19:00+00:00,2023-12-21 01:00:00+00:00,2023-12-21 06:54:00+00:00,2023-12-21 09:50:00+00:00,True
SEZHUK-231217-275007,CAUK000435,Tractor Unit,Box 44ft,BD5 8LZ,EN3 7QP,53.764125,-1.740145,51.659325,-0.021793,2023-12-20 22:19:00+00:00,2023-12-21 01:00:00+00:00,2023-12-21 06:00:00+00:00,2023-12-21 08:55:00+00:00,False
SEZHUK-231217-275012,CAUK001068,Tractor Unit,Box 44ft,BD5 8LZ,BS35 3UT,53.764125,-1.740145,51.602415,-2.522567,2023-12-20 01:20:00+00:00,2023-12-20 03:00:00+00:00,2023-12-20 08:15:00+00:00,2023-12-20 12:22:00+00:00,True
SEZHUK-231217-275014,CAUK000390,Tractor Unit,Box 44ft,BD5 8LZ,ME13 7TW,53.764125,-1.740145,51.328048,0.877608,2023-12-21 13:20:00+00:00,2023-12-21 15:00:00+00:00,2023-12-22 06:00:00+00:00,2023-12-22 09:41:00+00:00,True
SEZHUK-231217-275016,CAUK000618,Tractor Unit,Box 44ft,BD5 8LZ,HP2 7PZ,53.764125,-1.740145,51.771841,-0.439918,2023-12-22 00:20:00+00:00,2023-12-22 02:00:00+00:00,2023-12-22 06:51:00+00:00,2023-12-22 09:46:00+00:00,False
SEZHUK-231217-275020,CAUK000390,Tractor Unit,Box 44ft,BD5 8LZ,HP2 7PZ,53.764125,-1.740145,51.771841,-0.439918,2023-12-21 14:20:00+00:00,2023-12-21 16:00:00+00:00,2023-12-22 05:00:00+00:00,2023-12-22 07:56:00+00:00,True
SEZHUK-231217-275032,CAUK001068,Tractor Unit,Box 44ft,BD5 8LZ,BS35 3UT,53.764125,-1.740145,51.602415,-2.522567,2023-12-20 01:20:00+00:00,2023-12-20 03:00:00+00:00,2023-12-20 08:15:00+00:00,2023-12-20 12:22:00+00:00,True
SEZHUK-231217-275033,CAUK001068,Tractor Unit,Box 44ft,BD5 8LZ,BS35 3UT,53.764125,-1.740145,51.602415,-2.522567,2023-12-22 01:20:00+00:00,2023-12-22 03:00:00+00:00,2023-12-22 08:15:00+00:00,2023-12-22 12:22:00+00:00,True
SEZHUK-231217-275034,CAUK001068,Tractor Unit,Box 44ft,BD5 8LZ,BS35 3UT,53.764125,-1.740145,51.602415,-2.522567,2023-12-22 01:20:00+00:00,2023-12-22 03:00:00+00:00,2023-12-22 08:15:00+00:00,2023-12-22 12:22:00+00:00,False
SEZHUK-231217-275040,CAUK001068,Tractor Unit,Box 44ft,BD5 8LZ,BS35 3UT,53.764125,-1.740145,51.602415,-2.522567,2023-12-23 01:20:00+00:00,2023-12-23 03:00:00+00:00,2023-12-23 08:15:00+00:00,2023-12-23 12:22:00+00:00,True
SEZHUK-231217-275041,CAUK000863,Tractor Unit,Box 44ft,BD5 8LZ,HP2 7PZ,53.764125,-1.740145,51.771841,-0.439918,2023-12-23 01:20:00+00:00,2023-12-23 03:00:00+00:00,2023-12-23 07:51:00+00:00,2023-12-23 10:46:00+00:00,False
SEZHUK-231217-275049,CAUK000390,Tractor Unit,Box 44ft,BD5 8LZ,HP2 7PZ,53.764125,-1.740145,51.771841,-0.439918,2023-12-22 14:20:00+00:00,2023-12-22 16:00:00+00:00,2023-12-23 05:00:00+00:00,2023-12-23 07:56:00+00:00,False
SEZHUK-231217-275050,CAUK000660,Tractor Unit,Box 44ft,BD5 8LZ,RG19 4BQ,53.764125,-1.740145,51.398851,-1.231993,2023-12-22 14:20:00+00:00,2023-12-22 16:00:00+00:00,2023-12-23 06:00:00+00:00,2023-12-23 08:56:00+00:00,True
SEZHUK-231217-275058,CAUK000390,Tractor Unit,Box 44ft,BD5 8LZ,ME13 7TW,53.764125,-1.740145,51.328048,0.877608,2023-12-19 13:20:00+00:00,2023-12-19 15:00:00+00:00,2023-12-20 06:00:00+00:00,2023-12-20 08:00:00+00:00,True
SEZHUK-231217-275059,CAUK000435,Tractor Unit,Box 44ft,BD5 8LZ,EN3 7QP,53.764125,-1.740145,51.659325,-0.021793,2023-12-22 22:19:00+00:00,2023-12-23 01:00:00+00:00,2023-12-23 06:00:00+00:00,2023-12-23 08:55:00+00:00,False
SEZHUK-231218-275107,CAUK000250,Tractor Unit,Curtain-Side 13.6M Trailer,S80 3FY,BT36 7LQ,53.293393,-1.074008,54.664518,-5.932184,2023-12-19 04:00:00+00:00,2023-12-19 04:59:00+00:00,2023-12-21 06:55:00+00:00,2023-12-21 07:25:00+00:00,True
SEZHUK-231218-275113,CAUK000250,Tractor Unit,Curtain-Side 13.6M Trailer,S80 3FY,ASHBOURNE,53.293393,-1.074008,53.52341,-6.410445,2023-12-19 06:00:00+00:00,2023-12-19 06:59:00+00:00,2023-12-21 05:55:00+00:00,2023-12-21 06:25:00+00:00,True
SEZHUK-231218-275114,CAUK000250,Tractor Unit,Curtain-Side 13.6M Trailer,S80 3FY,NEWBRIDGE,53.293393,-1.074008,53.177772,-6.79517,2023-12-19 06:00:00+00:00,2023-12-19 06:59:00+00:00,2023-12-21 10:55:00+00:00,2023-12-21 11:25:00+00:00,True
SEZHUK-231218-275118,CAUK000770,Tractor Unit,Curtain-Side 13.6M Trailer,DN3 3FG,WS12 1NR,53.537133,-1.037405,52.703735,-1.983264,2023-12-20 06:00:00+00:00,2023-12-20 19:00:00+00:00,2023-12-21 08:32:00+00:00,2023-12-21 09:00:00+00:00,False
SEZHUK-231218-275130,CAUK001028,Tractor Unit,Curtain-Side 13.6M Trailer,RG24 8PD,IG11 0DS,51.279249,-1.072926,51.515717,0.100453,2023-12-19 10:00:00+00:00,2023-12-19 10:30:00+00:00,2023-12-19 13:30:00+00:00,2023-12-19 14:00:00+00:00,False
SEZHUK-231218-275142,CAUK000250,Tractor Unit,Curtain-Side 13.6M Trailer,S80 3FY,NAAS,53.293393,-1.074008,53.213685,-6.678691,2023-12-21 06:00:00+00:00,2023-12-21 06:59:00+00:00,2023-12-22 05:25:00+00:00,2023-12-22 05:55:00+00:00,True
SEZHUK-231218-275145,CAUK000250,Tractor Unit,Curtain-Side 13.6M Trailer,S80 3FY,MITCHELSTOWN,53.293393,-1.074008,52.276579,-8.258109,2023-12-20 04:00:00+00:00,2023-12-20 04:59:00+00:00,2023-12-22 05:55:00+00:00,2023-12-22 06:25:00+00:00,False
SEZHUK-231218-275146,CAUK000250,Tractor Unit,Curtain-Side 13.6M Trailer,S80 3FY,NAAS,53.293393,-1.074008,53.211667,-6.665973,2023-12-21 06:00:00+00:00,2023-12-21 06:59:00+00:00,2023-12-22 07:25:00+00:00,2023-12-22 07:55:00+00:00,False
SEZHUK-231218-275147,CAUK000250,Tractor Unit,Curtain-Side 13.6M Trailer,S80 3FY,MITCHELSTOWN,53.293393,-1.074008,52.276579,-8.258109,2023-12-20 06:00:00+00:00,2023-12-20 06:59:00+00:00,2023-12-22 10:25:00+00:00,2023-12-22 10:55:00+00:00,True
SEZHUK-231218-275150,CAUK000250,Tractor Unit,Curtain-Side 13.6M Trailer,NN14 2WB,ASHBOURNE,52.451065,-0.822808,53.52341,-6.410445,2023-12-28 10:00:00+00:00,2023-12-28 10:30:00+00:00,2023-12-29 10:30:00+00:00,2023-12-29 11:00:00+00:00,True
SEZHUK-231218-275151,CAUK000250,Tractor Unit,Curtain-Side 13.6M Trailer,NN14 2WB,ASHBOURNE,52.451065,-0.822808,53.52341,-6.410445,2023-12-28 10:00:00+00:00,2023-12-28 10:30:00+00:00,2023-12-29 11:30:00+00:00,2023-12-29 12:00:00+00:00,True
SEZHUK-231218-275152,CAUK000250,Tractor Unit,Curtain-Side 13.6M Trailer,S80 3FY,NAAS,53.293393,-1.074008,53.213685,-6.678691,2023-12-22 06:00:00+00:00,2023-12-22 06:59:00+00:00,2023-12-27 05:25:00+00:00,2023-12-27 05:55:00+00:00,False
SEZHUK-231218-275159,CAUK000876,Tractor Unit,Curtain-Side 13.6M Trailer,LS24 9SD,BT26 6JJ,53.882244,-1.267537,54.474078,-6.104285,2023-12-19 13:00:00+00:00,2023-12-19 13:30:00+00:00,2023-12-21 07:30:00+00:00,2023-12-21 08:00:00+00:00,True
SEZHUK-231218-275173,CAUK000386,Tractor Unit,Curtain-Side 13.6M Trailer,CV2 2TA,EN2 6BP,52.430911,-1.429058,51.651471,-0.081837,2023-12-19 13:00:00+00:00,2023-12-19 14:00:00+00:00,2023-12-19 14:00:00+00:00,2023-12-19 15:00:00+00:00,False
SEZHUK-231218-275179,CAUK000250,Tractor Unit,Curtain-Side 13.6M Trailer,NN11 8NF,DUBLIN,52.273908,-1.184387,53.484476,-6.167981,2023-12-21 01:00:00+00:00,2023-12-21 01:30:00+00:00,2023-12-21 13:30:00+00:00,2023-12-21 14:00:00+00:00,False
SEZHUK-231218-275180,CAUK000034,Tractor Unit,Curtain-Side 13.6M Trailer,PE29 2XR,NP26 3TS,52.315672,-0.157664,51.571921,-2.862409,2023-12-19 15:00:00+00:00,2023-12-19 15:15:00+00:00,2023-12-19 20:00:00+00:00,2023-12-19 20:15:00+00:00,True
SEZHUK-231218-275196,CAUK000863,Tractor Unit,Curtain-Side 13.6M Trailer,S80 3FY,OX14 4TE,53.293393,-1.074008,51.623911,-1.28,2023-12-19 15:00:00+00:00,2023-12-19 15:59:00+00:00,2023-12-20 05:55:00+00:00,2023-12-20 06:25:00+00:00,True
SEZHUK-231218-275204,CAUK000689,Tractor Unit,Curtain-Side 13.6M Trailer,S80 3FY,SN3 4FN,53.293393,-1.074008,51.595572,-1.740649,2023-12-19 13:00:00+00:00,2023-12-19 13:59:00+00:00,2023-12-20 04:56:00+00:00,2023-12-20 05:26:00+00:00,True
SEZHUK-231218-275220,CAUK000781,Tractor Unit,Curtain-Side 13.6M Trailer,L11 0JA,CV9 2SQ,53.462845,-2.896967,52.583936,-1.557171,2023-12-20 13:00:00+00:00,2023-12-20 13:01:00+00:00,2023-12-20 17:55:00+00:00,2023-12-20 18:25:00+00:00,True
SEZHUK-231218-275225,CAUK000979,Tractor Unit,Curtain-Side 13.6M Trailer,S80 3FY,RM19 1ND,53.293393,-1.074008,51.480755,0.261461,2023-12-19 15:00:00+00:00,2023-12-19 15:59:00+00:00,2023-12-20 08:25:00+00:00,2023-12-20 08:55:00+00:00,False
SEZHUK-231218-275252,CAUK001047,Tractor Unit,Curtain-Side 13.6M Trailer,GL16 8JB,S80 3EG,51.785961,-2.619676,53.295391,-1.066283,2023-12-19 01:32:00+00:00,2023-12-19 02:32:00+00:00,2023-12-19 08:00:00+00:00,2023-12-19 08:30:00+00:00,False
SEZHUK-231218-275254,CAUK000899,Tractor Unit,Curtain-Side 13.6M Trailer,GL16 8JB,S80 3EG,51.785961,-2.619676,53.295391,-1.066283,2023-12-19 07:02:00+00:00,2023-12-19 08:02:00+00:00,2023-12-19 13:30:00+00:00,2023-12-19 14:00:00+00:00,False
SEZHUK-231218-275255,CAUK001047,Tractor Unit,Curtain-Side 13.6M Trailer,GL16 8JB,S80 3EG,51.785961,-2.619676,53.295391,-1.066283,2023-12-19 03:32:00+00:00,2023-12-19 04:32:00+00:00,2023-12-19 10:00:00+00:00,2023-12-19 10:30:00+00:00,False
SEZHUK-231218-275258,CAUK000192,Tractor Unit,Curtain-Side 13.6M Trailer,GL16 8JB,S80 3EG,51.785961,-2.619676,53.295391,-1.066283,2023-12-19 09:32:00+00:00,2023-12-19 10:32:00+00:00,2023-12-19 16:00:00+00:00,2023-12-19 16:30:00+00:00,False
SEZHUK-231218-275260,CAUK001047,Tractor Unit,Curtain-Side 13.6M Trailer,GL16 8JB,S80 3EG,51.785961,-2.619676,53.295391,-1.066283,2023-12-19 00:32:00+00:00,2023-12-19 01:32:00+00:00,2023-12-19 07:00:00+00:00,2023-12-19 07:30:00+00:00,False
SEZHUK-231218-275262,CAUK001047,Tractor Unit,Curtain-Side 13.6M Trailer,GL16 8JB,S80 3EG,51.785961,-2.619676,53.295391,-1.066283,2023-12-19 18:02:00+00:00,2023-12-19 19:02:00+00:00,2023-12-20 00:30:00+00:00,2023-12-20 01:00:00+00:00,True
SEZHUK-231218-275263,CAUK001047,Tractor Unit,Curtain-Side 13.6M Trailer,GL16 8JB,S80 3EG,51.785961,-2.619676,53.295391,-1.066283,2023-12-19 06:32:00+00:00,2023-12-19 07:32:00+00:00,2023-12-19 13:00:00+00:00,2023-12-19 13:30:00+00:00,False
SEZHUK-231218-275265,CAUK000899,Tractor Unit,Curtain-Side 13.6M Trailer,GL16 8JB,S80 3EG,51.785961,-2.619676,53.295391,-1.066283,2023-12-19 06:02:00+00:00,2023-12-19 07:02:00+00:00,2023-12-19 12:30:00+00:00,2023-12-19 13:00:00+00:00,True
SEZHUK-231218-275266,CAUK000863,Tractor Unit,Curtain-Side 13.6M Trailer,GL16 8JB,S80 3EG,51.785961,-2.619676,53.295391,-1.066283,2023-12-19 15:02:00+00:00,2023-12-19 16:02:00+00:00,2023-12-19 21:30:00+00:00,2023-12-19 22:00:00+00:00,False
SEZHUK-231218-275268,CAUK001047,Tractor Unit,Curtain-Side 13.6M Trailer,GL16 8JB,S80 3EG,51.785961,-2.619676,53.295391,-1.066283,2023-12-19 21:32:00+00:00,2023-12-19 22:32:00+00:00,2023-12-20 04:00:00+00:00,2023-12-20 04:30:00+00:00,False
SEZHUK-231218-275270,CAUK001047,Tractor Unit,Curtain-Side 13.6M Trailer,GL16 8JB,S80 3EG,51.785961,-2.619676,53.295391,-1.066283,2023-12-19 20:32:00+00:00,2023-12-19 21:32:00+00:00,2023-12-20 03:00:00+00:00,2023-12-20 03:30:00+00:00,False
SEZHUK-231218-275274,CAUK000034,Tractor Unit,Curtain-Side 13.6M Trailer,PE29 2XR,EH54 8QX,52.315672,-0.157664,55.896335,-3.53565,2023-12-19 18:00:00+00:00,2023-12-19 18:56:00+00:00,2023-12-20 11:00:00+00:00,2023-12-20 12:00:00+00:00,True
SEZHUK-231218-275275,CAUK001047,Tractor Unit,Curtain-Side 13.6M Trailer,GL16 8JB,S80 3EG,51.785961,-2.619676,53.295391,-1.066283,2023-12-19 02:32:00+00:00,2023-12-19 03:32:00+00:00,2023-12-19 09:00:00+00:00,2023-12-19 09:30:00+00:00,False
SEZHUK-231218-275276,CAUK001047,Tractor Unit,Curtain-Side 13.6M Trailer,GL16 8JB,S80 3EG,51.785961,-2.619676,53.295391,-1.066283,2023-12-19 02:02:00+00:00,2023-12-19 03:02:00+00:00,2023-12-19 08:30:00+00:00,2023-12-19 09:00:00+00:00,False
SEZHUK-231218-275280,CAUK001047,Tractor Unit,Curtain-Side 13.6M Trailer,GL16 8JB,S80 3EG,51.785961,-2.619676,53.295391,-1.066283,2023-12-19 00:03:00+00:00,2023-12-19 01:03:00+00:00,2023-12-19 06:30:00+00:00,2023-12-19 07:00:00+00:00,False
SEZHUK-231218-275281,CAUK001047,Tractor Unit,Curtain-Side 13.6M Trailer,GL16 8JB,S80 3EG,51.785961,-2.619676,53.295391,-1.066283,2023-12-19 23:32:00+00:00,2023-12-20 00:32:00+00:00,2023-12-20 06:00:00+00:00,2023-12-20 06:30:00+00:00,False
SEZHUK-231218-275284,CAUK000116,Tractor Unit,Curtain-Side 13.6M Trailer,GL16 8JB,S80 3EG,51.785961,-2.619676,53.295391,-1.066283,2023-12-19 11:32:00+00:00,2023-12-19 12:32:00+00:00,2023-12-19 18:00:00+00:00,2023-12-19 18:30:00+00:00,False
SEZHUK-231218-275285,CAUK001047,Tractor Unit,Curtain-Side 13.6M Trailer,GL16 8JB,S80 3EG,51.785961,-2.619676,53.295391,-1.066283,2023-12-19 18:32:00+00:00,2023-12-19 19:32:00+00:00,2023-12-20 01:00:00+00:00,2023-12-20 01:30:00+00:00,False
SEZHUK-231218-275295,CAUK000034,Tractor Unit,Curtain-Side 13.6M Trailer,GL3 4AJ,S80 3EG,51.843233,-2.170887,53.295391,-1.066283,2023-12-19 09:00:00+00:00,2023-12-19 10:00:00+00:00,2023-12-19 14:30:00+00:00,2023-12-19 15:00:00+00:00,True
SEZHUK-231218-275299,CAUK000222,Tractor Unit,Curtain-Side 13.6M Trailer,GL3 4AJ,S80 3EG,51.843233,-2.170887,53.295391,-1.066283,2023-12-19 21:00:00+00:00,2023-12-19 22:00:00+00:00,2023-12-20 02:30:00+00:00,2023-12-20 03:00:00+00:00,True
SEZHUK-231218-275301,CAUK000116,Tractor Unit,Curtain-Side 13.6M Trailer,GL3 4AJ,S80 3EG,51.843233,-2.170887,53.295391,-1.066283,2023-12-19 16:00:00+00:00,2023-12-19 17:00:00+00:00,2023-12-20 07:15:00+00:00,2023-12-20 08:15:00+00:00,False
SEZHUK-231218-275302,CAUK000863,Tractor Unit,Curtain-Side 13.6M Trailer,GL3 4AJ,S80 3EG,51.843233,-2.170887,53.295391,-1.066283,2023-12-19 11:00:00+00:00,2023-12-19 12:00:00+00:00,2023-12-19 16:30:00+00:00,2023-12-19 17:00:00+00:00,False
SEZHUK-231218-275309,CAUK000029,Tractor Unit,Curtain-Side 13.6M Trailer,DN11 9HE,ST18 9SE,53.437595,-1.070426,52.839527,-2.134799,2023-12-19 14:50:00+00:00,2023-12-19 15:59:00+00:00,2023-12-20 08:25:00+00:00,2023-12-20 08:55:00+00:00,True
SEZHUK-231218-275310,CAUK000034,Tractor Unit,Curtain-Side 13.6M Trailer,S80 3FY,NP16 6UD,53.293393,-1.074008,51.614678,-2.674519,2023-12-20 05:00:00+00:00,2023-12-20 05:59:00+00:00,2023-12-20 11:55:00+00:00,2023-12-20 12:25:00+00:00,True
SEZHUK-231218-275314,CAUK000029,Tractor Unit,Curtain-Side 13.6M Trailer,S80 3FY,LE17 4XR,53.293393,-1.074008,52.463496,-1.250951,2023-12-19 18:00:00+00:00,2023-12-19 18:59:00+00:00,2023-12-20 03:55:00+00:00,2023-12-20 04:25:00+00:00,False
SEZHUK-231219-275379,CAUK000954,Tractor Unit,Curtain-Side 13.6M Trailer,DG16 5HT,SK10 4DY,55.003467,-3.042858,53.302916,-2.139558,2023-12-20 06:00:00+00:00,2023-12-20 15:00:00+00:00,2023-12-21 11:31:00+00:00,2023-12-21 11:59:00+00:00,True
SEZHUK-231219-275380,CAUK000192,Tractor Unit,Curtain-Side 13.6M Trailer,DN8 5TE,M28 2LA,53.566639,-0.919839,53.51581,-2.360244,2023-12-20 06:00:00+00:00,2023-12-20 18:00:00+00:00,2023-12-21 11:31:00+00:00,2023-12-21 11:59:00+00:00,True
SEZHUK-231219-275388,CAUK000192,Tractor Unit,Curtain-Side 13.6M Trailer,DN8 5TE,CH62 5DY,53.566639,-0.919839,53.352904,-2.998106,2023-12-21 06:00:00+00:00,2023-12-21 18:00:00+00:00,2023-12-21 08:00:00+00:00,2023-12-21 18:00:00+00:00,True
SEZHUK-231219-275393,CAUK000689,Tractor Unit,Curtain-Side 13.6M Trailer,DN8 5TE,BS30 6HX,53.566639,-0.919839,51.428058,-2.469088,2023-12-20 06:00:00+00:00,2023-12-20 18:00:00+00:00,2023-12-21 11:31:00+00:00,2023-12-21 11:59:00+00:00,False
SEZHUK-231219-275403,CAUK000689,Tractor Unit,Curtain-Side 13.6M Trailer,DN8 5TE,SA4 8DS,53.566639,-0.919839,51.699441,-4.024506,2023-12-20 06:00:00+00:00,2023-12-20 18:00:00+00:00,2023-12-21 08:00:00+00:00,2023-12-21 15:59:00+00:00,True
SEZHUK-231219-275409,CAUK000689,Tractor Unit,Curtain-Side 13.6M Trailer,DN8 5TE,EX15 3ES,53.566639,-0.919839,50.917293,-3.343534,2023-12-20 06:00:00+00:00,2023-12-20 18:00:00+00:00,2023-12-21 08:00:00+00:00,2023-12-21 15:59:00+00:00,False
SEZHUK-231219-275412,CAUK000896,Tractor Unit,Curtain-Side 13.6M Trailer,DN8 5TE,DT1 3RT,53.566639,-0.919839,50.714431,-2.465746,2023-12-20 06:00:00+00:00,2023-12-20 18:00:00+00:00,2023-12-21 11:31:00+00:00,2023-12-21 11:59:00+00:00,True
SEZHUK-231219-275419,CAUK000116,Tractor Unit,Curtain-Side 13.6M Trailer,DN3 3FG,TQ12 6GN,53.537133,-1.037405,50.55996,-3.669927,2023-12-20 06:00:00+00:00,2023-12-20 19:00:00+00:00,2023-12-21 06:02:00+00:00,2023-12-21 06:30:00+00:00,False
SEZHUK-231219-275425,CAUK000034,Tractor Unit,Curtain-Side 13.6M Trailer,BS35 4GG,WS10 8LN,51.55257,-2.65344,52.57944,-2.031523,2023-12-20 09:00:00+00:00,2023-12-20 09:30:00+00:00,2023-12-20 13:30:00+00:00,2023-12-20 14:00:00+00:00,False
SEZHUK-231219-275427,CAUK000034,Tractor Unit,Curtain-Side 13.6M Trailer,CF37 5TF,DY9 7DP,51.572559,-3.291144,52.458611,-2.12221,2023-12-20 09:00:00+00:00,2023-12-20 09:30:00+00:00,2023-12-20 15:30:00+00:00,2023-12-20 16:00:00+00:00,False
SEZHUK-231219-275433,CAUK000235,Tractor Unit,Curtain-Side 13.6M Trailer,DE14 2WT,SN3 4FN,52.800481,-1.663328,51.595572,-1.740649,2023-12-20 15:34:00+00:00,2023-12-21 10:00:00+00:00,2023-12-21 09:30:00+00:00,2023-12-21 10:00:00+00:00,True
SEZHUK-231219-275454,CAUK000155,Tractor Unit,Box,DA8 1DL,EH54 8QX,51.493182,0.167098,55.901847,-3.583873,2023-12-21 11:00:00+00:00,2023-12-21 11:30:00+00:00,2023-12-22 08:00:00+00:00,2023-12-22 08:30:00+00:00,True
SEZHUK-231219-275458,CAUK000863,Tractor Unit,Curtain-Side 13.6M Trailer,S80 3EG,NN6 7TZ,53.295391,-1.066283,52.35193,-1.144734,2023-12-20 15:00:00+00:00,2023-12-20 15:56:00+00:00,2023-12-21 06:55:00+00:00,2023-12-21 08:17:00+00:00,True
SEZHUK-231219-275459,CAUK000116,Tractor Unit,Curtain-Side 13.6M Trailer,DN8 5TE,DT11 7EG,53.566639,-0.919839,50.867573,-2.15693,2023-12-20 06:00:00+00:00,2023-12-20 17:00:00+00:00,2023-12-21 08:00:00+00:00,2023-12-21 11:59:00+00:00,True
SEZHUK-231219-275472,CAUK000876,Tractor Unit,Curtain-Side 13.6M Trailer,LS24 9SD,BT26 6JJ,53.882244,-1.267537,54.474078,-6.104285,2023-12-20 13:00:00+00:00,2023-12-20 13:30:00+00:00,2023-12-22 07:30:00+00:00,2023-12-22 08:00:00+00:00,False
SEZHUK-231219-275483,CAUK000863,Tractor Unit,Curtain-Side 13.6M Trailer,S80 3EG,N17 0DX,53.295391,-1.066283,51.608244,-0.058421,2023-12-19 14:00:00+00:00,2023-12-19 14:41:00+00:00,2023-12-20 07:55:00+00:00,2023-12-20 08:47:00+00:00,True
SEZHUK-231219-275504,CAUK000912,3.5T Van,Box,BD5 8LZ,LE3 8DX,53.765877,-1.742019,52.641456,-1.216005,2023-12-29 00:30:00+00:00,2023-12-29 01:00:00+00:00,2023-12-30 02:30:00+00:00,2023-12-30 03:00:00+00:00,False
SEZHUK-231219-275507,CAUK000912,3.5T Van,Box,DE74 2HJ,RG19 4BQ,52.849573,-1.348959,51.399439,-1.23272,2023-12-27 18:00:00+00:00,2023-12-27 18:30:00+00:00,2023-12-27 21:00:00+00:00,2023-12-27 21:30:00+00:00,True
SEZHUK-231219-275509,CAUK000912,3.5T Van,Box,DE74 2HJ,RG19 4BQ,52.849573,-1.348959,51.399439,-1.23272,2023-12-30 18:00:00+00:00,2023-12-30 18:30:00+00:00,2023-12-30 21:00:00+00:00,2023-12-30 21:30:00+00:00,False
SEZHUK-231219-275515,CAUK000912,3.5T Van,Box,DE74 2HJ,RG19 4BQ,52.849573,-1.348959,51.399439,-1.23272,2023-12-29 18:00:00+00:00,2023-12-29 18:30:00+00:00,2023-12-29 21:00:00+00:00,2023-12-29 21:30:00+00:00,True
SEZHUK-231219-275517,CAUK000912,3.5T Van,Box,DE74 2HJ,RG19 4BQ,52.849573,-1.348959,51.399439,-1.23272,2023-12-28 18:00:00+00:00,2023-12-28 18:30:00+00:00,2023-12-28 21:00:00+00:00,2023-12-28 21:30:00+00:00,True
SEZHUK-231219-275518,CAUK000912,3.5T Van,Box,S35 2PW,LE3 8DX,53.476537,-1.471065,52.641456,-1.216005,2023-12-30 00:30:00+00:00,2023-12-30 01:00:00+00:00,2023-12-30 03:00:00+00:00,2023-12-30 03:30:00+00:00,True
SEZHUK-231219-275529,CAUK000912,3.5T Van,Box,S35 2PW,LE3 8DX,53.476537,-1.471065,52.641456,-1.216005,2023-12-31 00:30:00+00:00,2023-12-31 01:00:00+00:00,2023-12-31 03:00:00+00:00,2023-12-31 03:30:00+00:00,True
SEZHUK-231219-275542,CAUK000912,3.5T Van,Box,S35 2PW,LS27 0FU,53.476537,-1.471065,53.734398,-1.604189,2023-12-30 03:15:00+00:00,2023-12-30 03:45:00+00:00,2023-12-30 05:00:00+00:00,2023-12-30 05:30:00+00:00,True
SEZHUK-231219-275553,CAUK000912,3.5T Van,Box,S35 2PW,LE3 8DX,53.476537,-1.471065,52.641456,-1.216005,2023-12-29 00:30:00+00:00,2023-12-29 01:00:00+00:00,2023-12-29 03:00:00+00:00,2023-12-29 03:30:00+00:00,True
SEZHUK-231219-275570,CAUK000912,3.5T Van,Box,S35 2PW,LE3 8DX,53.476537,-1.471065,52.641456,-1.216005,2023-12-28 00:30:00+00:00,2023-12-28 01:00:00+00:00,2023-12-28 03:00:00+00:00,2023-12-28 03:30:00+00:00,True
SEZHUK-231219-275573,CAUK000912,3.5T Van,Box,S35 2PW,LS27 0FU,53.476537,-1.471065,53.734398,-1.604189,2023-12-29 03:15:00+00:00,2023-12-29 03:45:00+00:00,2023-12-29 05:00:00+00:00,2023-12-29 05:30:00+00:00,True
SEZHUK-231219-275584,CAUK000912,3.5T Van,Box,S35 2PW,LS27 0FU,53.476537,-1.471065,53.734398,-1.604189,2023-12-28 03:15:00+00:00,2023-12-28 03:45:00+00:00,2023-12-28 05:00:00+00:00,2023-12-28 05:30:00+00:00,True
SEZHUK-231219-275605,CAUK001047,Tractor Unit,Curtain-Side 13.6M Trailer,GL16 8JB,S80 3EG,51.785961,-2.619676,53.295391,-1.066283,2023-12-20 22:02:00+00:00,2023-12-20 23:02:00+00:00,2023-12-21 04:30:00+00:00,2023-12-21 05:00:00+00:00,False
SEZHUK-231219-275606,CAUK001047,Tractor Unit,Curtain-Side 13.6M Trailer,GL16 8JB,S80 3EG,51.785961,-2.619676,53.295391,-1.066283,2023-12-20 07:02:00+00:00,2023-12-20 08:02:00+00:00,2023-12-20 13:30:00+00:00,2023-12-20 14:00:00+00:00,False
SEZHUK-231219-275608,CAUK001047,Tractor Unit,Curtain-Side 13.6M Trailer,GL16 8JB,S80 3EG,51.785961,-2.619676,53.295391,-1.066283,2023-12-20 02:02:00+00:00,2023-12-20 03:02:00+00:00,2023-12-20 08:30:00+00:00,2023-12-20 09:00:00+00:00,False
SEZHUK-231219-275612,CAUK001047,Tractor Unit,Curtain-Side 13.6M Trailer,GL16 8JB,S80 3EG,51.785961,-2.619676,53.295391,-1.066283,2023-12-20 12:32:00+00:00,2023-12-20 13:32:00+00:00,2023-12-20 19:00:00+00:00,2023-12-20 19:30:00+00:00,False
SEZHUK-231219-275613,CAUK001047,Tractor Unit,Curtain-Side 13.6M Trailer,GL16 8JB,S80 3EG,51.785961,-2.619676,53.295391,-1.066283,2023-12-20 09:32:00+00:00,2023-12-20 10:32:00+00:00,2023-12-20 16:00:00+00:00,2023-12-20 16:30:00+00:00,False
SEZHUK-231219-275614,CAUK001047,Tractor Unit,Curtain-Side 13.6M Trailer,GL16 8JB,S80 3EG,51.785961,-2.619676,53.295391,-1.066283,2023-12-20 08:02:00+00:00,2023-12-20 09:02:00+00:00,2023-12-20 14:30:00+00:00,2023-12-20 15:00:00+00:00,False
SEZHUK-231219-275616,CAUK000029,Tractor Unit,Curtain-Side 13.6M Trailer,GL16 8JB,S80 3EG,51.785961,-2.619676,53.295391,-1.066283,2023-12-20 12:02:00+00:00,2023-12-20 13:02:00+00:00,2023-12-20 18:30:00+00:00,2023-12-20 19:00:00+00:00,False
SEZHUK-231219-275620,CAUK001047,Tractor Unit,Curtain-Side 13.6M Trailer,GL16 8JB,S80 3EG,51.785961,-2.619676,53.295391,-1.066283,2023-12-20 06:02:00+00:00,2023-12-20 07:02:00+00:00,2023-12-20 12:30:00+00:00,2023-12-20 13:00:00+00:00,False
SEZHUK-231219-275623,CAUK001047,Tractor Unit,Curtain-Side 13.6M Trailer,GL16 8JB,S80 3EG,51.785961,-2.619676,53.295391,-1.066283,2023-12-20 19:02:00+00:00,2023-12-20 20:02:00+00:00,2023-12-21 01:30:00+00:00,2023-12-21 02:00:00+00:00,False
SEZHUK-231219-275625,CAUK000899,Tractor Unit,Curtain-Side 13.6M Trailer,GL16 8JB,S80 3EG,51.785961,-2.619676,53.295391,-1.066283,2023-12-20 14:02:00+00:00,2023-12-20 15:02:00+00:00,2023-12-20 20:30:00+00:00,2023-12-20 21:00:00+00:00,False
SEZHUK-231219-275627,CAUK000863,Tractor Unit,Curtain-Side 13.6M Trailer,GL16 8JB,S80 3EG,51.785961,-2.619676,53.295391,-1.066283,2023-12-20 18:32:00+00:00,2023-12-20 19:32:00+00:00,2023-12-21 01:00:00+00:00,2023-12-21 01:30:00+00:00,False
SEZHUK-231219-275629,CAUK001047,Tractor Unit,Curtain-Side 13.6M Trailer,GL16 8JB,S80 3EG,51.785961,-2.619676,53.295391,-1.066283,2023-12-20 21:32:00+00:00,2023-12-20 22:32:00+00:00,2023-12-21 04:00:00+00:00,2023-12-21 04:30:00+00:00,False
SEZHUK-231219-275634,CAUK000125,Tractor Unit,Curtain-Side 13.6M Trailer,PE29 2XR,CF3 2GJ,52.315672,-0.157664,51.50328,-3.109119,2023-12-20 12:00:00+00:00,2023-12-20 13:00:00+00:00,2023-12-21 11:55:00+00:00,2023-12-21 12:25:00+00:00,True
SEZHUK-231219-275651,CAUK000155,Tractor Unit,Curtain-Side 13.6M Trailer,L11 0JA,DA17 6JY,53.462845,-2.896967,51.502211,0.154551,2023-12-20 11:00:00+00:00,2023-12-20 11:01:00+00:00,2023-12-21 05:55:00+00:00,2023-12-21 06:25:00+00:00,True
SEZHUK-231219-275671,CAUK000096,Tractor Unit,Curtain-Side 13.6M Trailer,DE14 2WT,EH54 5DL,52.800481,-1.663328,55.915034,-3.510893,2023-12-21 05:00:00+00:00,2023-12-21 06:00:00+00:00,2023-12-21 09:15:00+00:00,2023-12-21 09:45:00+00:00,False
SEZHUK-231219-275684,CAUK000863,Tractor Unit,Curtain-Side 13.6M Trailer,L11 0JA,RM20 3EN,53.462845,-2.896967,51.471759,0.275021,2023-12-20 10:00:00+00:00,2023-12-20 10:01:00+00:00,2023-12-21 09:35:00+00:00,2023-12-21 10:05:00+00:00,True
SEZHUK-231219-275689,CAUK000222,Tractor Unit,Curtain-Side 13.6M Trailer,L11 0JA,WS11 8JH,53.462845,-2.896967,52.67816,-2.003448,2023-12-20 09:00:00+00:00,2023-12-20 09:01:00+00:00,2023-12-21 06:55:00+00:00,2023-12-21 07:25:00+00:00,True
SEZHUK-231219-275698,CAUK000029,Tractor Unit,Curtain-Side 13.6M Trailer,S80 3EG,CV23 0XF,53.295391,-1.066283,52.406649,-1.247798,2023-12-21 12:00:00+00:00,2023-12-21 12:56:00+00:00,2023-12-21 16:30:00+00:00,2023-12-21 17:00:00+00:00,True
SEZHUK-231220-275755,CAUK000770,Tractor Unit,Curtain-Side 13.6M Trailer,S80 3EG,NN16 8PX,53.295391,-1.066283,52.411314,-0.740048,2023-12-21 13:00:00+00:00,2023-12-21 13:56:00+00:00,2023-12-22 04:55:00+00:00,2023-12-22 06:17:00+00:00,False
SEZHUK-231220-275756,CAUK000863,Tractor Unit,Curtain-Side 13.6M Trailer,S80 3EG,SG18 8YY,53.295391,-1.066283,52.07425,-0.229884,2023-12-22 08:00:00+00:00,2023-12-22 08:56:00+00:00,2023-12-22 14:55:00+00:00,2023-12-22 16:17:00+00:00,True
SEZHUK-231220-275757,CAUK000029,Tractor Unit,Curtain-Side 13.6M Trailer,DN11 9HE,CV37 9BY,53.437595,-1.070426,52.196005,-1.718677,2023-12-21 15:00:00+00:00,2023-12-21 15:59:00+00:00,2023-12-22 06:55:00+00:00,2023-12-22 07:25:00+00:00,False
SEZHUK-231220-275766,CAUK000096,Tractor Unit,Curtain-Side 13.6M Trailer,HP22 5BL,NG31 7UH,51.779657,-0.772897,52.888113,-0.634948,2023-12-21 09:00:00+00:00,2023-12-21 09:30:00+00:00,2023-12-21 15:30:00+00:00,2023-12-21 16:00:00+00:00,True
SEZHUK-231220-275794,CAUK000029,Tractor Unit,Curtain-Side 13.6M Trailer,S80 3EG,B6 7BH,53.295391,-1.066283,52.515755,-1.87274,2023-12-21 15:00:00+00:00,2023-12-21 15:56:00+00:00,2023-12-22 08:25:00+00:00,2023-12-22 09:47:00+00:00,True
SEZHUK-231220-275809,CAUK000029,Tractor Unit,Curtain-Side 13.6M Trailer,S80 3FY,SS14 3WF,53.293393,-1.074008,51.588475,0.466827,2023-12-21 16:00:00+00:00,2023-12-21 16:59:00+00:00,2023-12-22 07:55:00+00:00,2023-12-22 08:25:00+00:00,True
SEZHUK-231220-275815,CAUK000222,Tractor Unit,Curtain-Side 13.6M Trailer,DE14 2WT,DE72 2HP,52.800481,-1.663328,52.867015,-1.314862,2023-12-22 04:00:00+00:00,2023-12-22 04:30:00+00:00,2023-12-22 06:30:00+00:00,2023-12-22 07:00:00+00:00,False
SEZHUK-231220-275843,CAUK000250,Tractor Unit,Curtain-Side 13.6M Trailer,LU5 4RZ,BT29 4SW,51.893945,-0.518006,54.64754,-6.168407,2023-12-27 13:00:00+00:00,2023-12-27 13:30:00+00:00,2023-12-29 06:00:00+00:00,2023-12-29 06:00:00+00:00,True
SEZHUK-231220-275866,CAUK000940,Tractor Unit,Box,S18 1PF,HP2 7PZ,53.304842,-1.482042,51.769105,-0.432735,2023-12-28 09:00:00+00:00,2023-12-28 09:30:00+00:00,2023-12-28 15:30:00+00:00,2023-12-28 16:00:00+00:00,True
SEZHUK-231220-275869,CAUK000940,Tractor Unit,Box,S18 1PF,HP2 7PZ,53.304842,-1.482042,51.769105,-0.432735,2023-12-29 09:00:00+00:00,2023-12-29 09:30:00+00:00,2023-12-29 15:30:00+00:00,2023-12-29 16:00:00+00:00,True
SEZHUK-231220-275870,CAUK000940,Tractor Unit,Box,S18 1PF,RG19 4BQ,53.304842,-1.482042,51.398689,-1.232386,2023-12-28 13:00:00+00:00,2023-12-28 13:30:00+00:00,2023-12-28 17:00:00+00:00,2023-12-28 17:30:00+00:00,False
SEZHUK-231220-275872,CAUK000940,Tractor Unit,Box,S18 1PF,HP2 7PZ,53.304842,-1.482042,51.769105,-0.432735,2023-12-27 09:00:00+00:00,2023-12-27 09:30:00+00:00,2023-12-27 15:30:00+00:00,2023-12-27 16:00:00+00:00,True
SEZHUK-231220-276082,CAUK000222,Tractor Unit,Curtain-Side 13.6M Trailer,GL16 8JB,S80 3EG,51.785961,-2.619676,53.295391,-1.066283,2023-12-21 16:00:00+00:00,2023-12-21 17:00:00+00:00,2023-12-21 22:00:00+00:00,2023-12-21 22:30:00+00:00,False
SEZHUK-231220-276084,CAUK000899,Tractor Unit,Curtain-Side 13.6M Trailer,GL16 8JB,S80 3EG,51.785961,-2.619676,53.295391,-1.066283,2023-12-21 04:02:00+00:00,2023-12-21 05:02:00+00:00,2023-12-21 10:30:00+00:00,2023-12-21 11:00:00+00:00,True
SEZHUK-231220-276089,CAUK000034,Tractor Unit,Curtain-Side 13.6M Trailer,GL16 8JB,S80 3EG,51.785961,-2.619676,53.295391,-1.066283,2023-12-21 19:00:00+00:00,2023-12-21 20:00:00+00:00,2023-12-21 19:00:00+00:00,2023-12-21 20:00:00+00:00,False
SEZHUK-231220-276090,CAUK000222,Tractor Unit,Curtain-Side 13.6M Trailer,GL16 8JB,S80 3EG,51.785961,-2.619676,53.295391,-1.066283,2023-12-21 18:00:00+00:00,2023-12-21 19:00:00+00:00,2023-12-22 00:00:00+00:00,2023-12-22 00:30:00+00:00,False
SEZHUK-231220-276098,CAUK000863,Tractor Unit,Curtain-Side 13.6M Trailer,GL16 8JB,S80 3EG,51.785961,-2.619676,53.295391,-1.066283,2023-12-21 10:47:00+00:00,2023-12-21 11:47:00+00:00,2023-12-21 17:15:00+00:00,2023-12-21 17:45:00+00:00,False
SEZHUK-231220-276100,CAUK001047,Tractor Unit,Curtain-Side 13.6M Trailer,GL16 8JB,S80 3EG,51.785961,-2.619676,53.295391,-1.066283,2023-12-21 00:32:00+00:00,2023-12-21 01:32:00+00:00,2023-12-21 07:00:00+00:00,2023-12-21 07:30:00+00:00,False
SEZHUK-231220-276105,CAUK000192,Tractor Unit,Curtain-Side 13.6M Trailer,GL16 8JB,S80 3EG,51.785961,-2.619676,53.295391,-1.066283,2023-12-21 09:47:00+00:00,2023-12-21 10:47:00+00:00,2023-12-21 16:15:00+00:00,2023-12-21 16:45:00+00:00,False
SEZHUK-231220-276106,CAUK000863,Tractor Unit,Curtain-Side 13.6M Trailer,GL16 8JB,S80 3EG,51.785961,-2.619676,53.295391,-1.066283,2023-12-21 14:17:00+00:00,2023-12-21 15:17:00+00:00,2023-12-21 20:45:00+00:00,2023-12-21 21:15:00+00:00,False
SEZHUK-231220-276107,CAUK000863,Tractor Unit,Curtain-Side 13.6M Trailer,GL16 8JB,S80 3EG,51.785961,-2.619676,53.295391,-1.066283,2023-12-21 15:47:00+00:00,2023-12-21 16:47:00+00:00,2023-12-21 22:15:00+00:00,2023-12-21 22:45:00+00:00,False
SEZHUK-231220-276113,CAUK000370,Tractor Unit,Curtain-Side 13.6M Trailer,GL16 8JB,S80 3EG,51.785961,-2.619676,53.295391,-1.066283,2023-12-21 12:00:00+00:00,2023-12-21 13:00:00+00:00,2023-12-21 18:30:00+00:00,2023-12-21 19:00:00+00:00,False
SEZHUK-231220-276114,CAUK001047,Tractor Unit,Curtain-Side 13.6M Trailer,GL16 8JB,S80 3EG,51.785961,-2.619676,53.295391,-1.066283,2023-12-21 22:02:00+00:00,2023-12-21 23:02:00+00:00,2023-12-22 04:30:00+00:00,2023-12-22 05:00:00+00:00,False
SEZHUK-231220-276115,CAUK000192,Tractor Unit,Curtain-Side 13.6M Trailer,GL16 8JB,S80 3EG,51.785961,-2.619676,53.295391,-1.066283,2023-12-21 10:17:00+00:00,2023-12-21 11:17:00+00:00,2023-12-21 16:45:00+00:00,2023-12-21 17:15:00+00:00,True
SEZHUK-231220-276116,CAUK001047,Tractor Unit,Curtain-Side 13.6M Trailer,GL16 8JB,S80 3EG,51.785961,-2.619676,53.295391,-1.066283,2023-12-21 22:47:00+00:00,2023-12-21 23:47:00+00:00,2023-12-22 05:15:00+00:00,2023-12-22 05:45:00+00:00,False
SEZHUK-231220-276120,CAUK001047,Tractor Unit,Curtain-Side 13.6M Trailer,GL16 8JB,S80 3EG,51.785961,-2.619676,53.295391,-1.066283,2023-12-21 23:47:00+00:00,2023-12-22 00:47:00+00:00,2023-12-22 06:15:00+00:00,2023-12-22 06:45:00+00:00,False
SEZHUK-231220-276124,CAUK001047,Tractor Unit,Curtain-Side 13.6M Trailer,GL16 8JB,S80 3EG,51.785961,-2.619676,53.295391,-1.066283,2023-12-21 20:47:00+00:00,2023-12-21 21:47:00+00:00,2023-12-22 03:15:00+00:00,2023-12-22 03:45:00+00:00,False
SEZHUK-231220-276126,CAUK001047,Tractor Unit,Curtain-Side 13.6M Trailer,GL16 8JB,S80 3EG,51.785961,-2.619676,53.295391,-1.066283,2023-12-21 21:47:00+00:00,2023-12-21 22:47:00+00:00,2023-12-22 04:15:00+00:00,2023-12-22 04:45:00+00:00,False
SEZHUK-231220-276128,CAUK000310,Tractor Unit,Curtain-Side 13.6M Trailer,GL16 8JB,S80 3EG,51.785961,-2.619676,53.295391,-1.066283,2023-12-21 23:00:00+00:00,2023-12-22 00:00:00+00:00,2023-12-22 08:30:00+00:00,2023-12-22 09:30:00+00:00,True
SEZHUK-231220-276130,CAUK000029,Tractor Unit,Curtain-Side 13.6M Trailer,GL16 8JB,S80 3EG,51.785961,-2.619676,53.295391,-1.066283,2023-12-21 12:30:00+00:00,2023-12-21 13:30:00+00:00,2023-12-21 19:00:00+00:00,2023-12-21 20:00:00+00:00,True
SEZHUK-231220-276132,CAUK001047,Tractor Unit,Curtain-Side 13.6M Trailer,GL16 8JB,S80 3EG,51.785961,-2.619676,53.295391,-1.066283,2023-12-21 01:47:00+00:00,2023-12-21 02:47:00+00:00,2023-12-21 08:15:00+00:00,2023-12-21 08:45:00+00:00,False
SEZHUK-231220-276140,CAUK000222,Tractor Unit,Curtain-Side 13.6M Trailer,L11 0JA,DE55 2EH,53.462845,-2.896967,53.103414,-1.323798,2023-12-21 11:00:00+00:00,2023-12-21 11:01:00+00:00,2023-12-22 10:35:00+00:00,2023-12-22 11:05:00+00:00,True
SEZHUK-231221-276181,CAUK000689,Tractor Unit,Curtain-Side 13.6M Trailer,DE14 2WT,CF72 8XX,52.800481,-1.663328,51.531942,-3.396527,2023-12-22 11:00:00+00:00,2023-12-27 07:30:00+00:00,2023-12-27 08:00:00+00:00,2023-12-27 08:30:00+00:00,False
SEZHUK-231221-276184,CAUK000096,Tractor Unit,Curtain-Side 13.6M Trailer,RG24 8PD,NG31 7UH,51.279249,-1.072926,52.888113,-0.634948,2023-12-22 10:00:00+00:00,2023-12-22 10:30:00+00:00,2023-12-22 15:30:00+00:00,2023-12-22 16:00:00+00:00,True
SEZHUK-231221-276189,CAUK000029,Tractor Unit,Curtain-Side 13.6M Trailer,DN3 3FG,B69 2HN,53.537133,-1.037405,52.503946,-2.027649,2023-12-27 06:00:00+00:00,2023-12-27 19:00:00+00:00,2023-12-28 08:00:00+00:00,2023-12-28 11:59:00+00:00,True
SEZHUK-231221-276199,CAUK000310,Tractor Unit,Curtain-Side 13.6M Trailer,NN4 9BA,WF9 2RH,52.213462,-0.951036,53.601298,-1.266222,2023-12-27 05:00:00+00:00,2023-12-27 05:00:00+00:00,2023-12-27 10:30:00+00:00,2023-12-27 10:30:00+00:00,True
SEZHUK-231221-276230,CAUK000490,Tractor Unit,Box,BD12 7ER,CW1 6FB,53.753295,-1.722689,53.087056,-2.416485,2023-12-26 16:00:00+00:00,2023-12-26 16:30:00+00:00,2023-12-26 19:00:00+00:00,2023-12-26 19:30:00+00:00,True
SEZHUK-231221-276241,CAUK000155,Tractor Unit,Box,BD12 7ER,RG19 4BQ,53.753295,-1.722689,51.398689,-1.232386,2023-12-27 19:00:00+00:00,2023-12-27 19:30:00+00:00,2023-12-28 02:00:00+00:00,2023-12-28 02:30:00+00:00,False
SEZHUK-231221-276242,CAUK000155,Tractor Unit,Box,BD12 7ER,RG19 4BQ,53.753295,-1.722689,51.398689,-1.232386,2023-12-28 19:00:00+00:00,2023-12-28 19:30:00+00:00,2023-12-29 02:00:00+00:00,2023-12-29 02:30:00+00:00,True
SEZHUK-231221-276243,CAUK000155,Tractor Unit,Box,BD12 7ER,RG19 4BQ,53.753295,-1.722689,51.398689,-1.232386,2023-12-29 19:00:00+00:00,2023-12-29 19:30:00+00:00,2023-12-30 02:00:00+00:00,2023-12-30 02:30:00+00:00,True
SEZHUK-231221-276251,CAUK000863,Tractor Unit,Curtain-Side 13.6M Trailer,DE14 2WT,RM19 1NA,52.800481,-1.663328,51.483784,0.253063,2023-12-27 15:49:00+00:00,2023-12-28 15:45:00+00:00,2023-12-28 15:15:00+00:00,2023-12-28 15:45:00+00:00,True
SEZHUK-231221-276256,CAUK000034,Tractor Unit,Curtain-Side 13.6M Trailer,DN11 9HE,CV9 2SQ,53.437595,-1.070426,52.583936,-1.557171,2023-12-22 05:00:00+00:00,2023-12-22 05:59:00+00:00,2023-12-22 09:55:00+00:00,2023-12-22 10:25:00+00:00,True
SEZHUK-231221-276271,CAUK000222,Tractor Unit,Curtain-Side 13.6M Trailer,L11 0JA,MK42 6EY,53.462845,-2.896967,52.093182,-0.475758,2023-12-22 16:00:00+00:00,2023-12-22 16:01:00+00:00,2023-12-22 19:55:00+00:00,2023-12-22 20:25:00+00:00,False
SEZHUK-231221-276275,CAUK000222,Tractor Unit,Curtain-Side 13.6M Trailer,L11 0JA,WV4 6UD,53.462845,-2.896967,52.560452,-2.099437,2023-12-27 11:00:00+00:00,2023-12-27 11:01:00+00:00,2023-12-27 16:55:00+00:00,2023-12-27 17:25:00+00:00,False
SEZHUK-231221-276276,CAUK000155,Tractor Unit,Curtain-Side 13.6M Trailer,L11 0JA,ME11 5AR,53.462845,-2.896967,51.407822,0.761145,2023-12-22 15:00:00+00:00,2023-12-22 15:01:00+00:00,2023-12-27 07:55:00+00:00,2023-12-27 08:25:00+00:00,False
SEZHUK-231221-276277,CAUK000250,Tractor Unit,Curtain-Side 13.6M Trailer,S80 3FY,DONABATE,53.293393,-1.074008,53.483755,-6.13869,2023-12-22 06:00:00+00:00,2023-12-22 06:59:00+00:00,2023-12-28 13:55:00+00:00,2023-12-28 14:25:00+00:00,True
SEZHUK-231221-276280,CAUK000155,Tractor Unit,Curtain-Side 13.6M Trailer,L11 0JA,ME11 5AR,53.462845,-2.896967,51.407822,0.761145,2023-12-22 17:00:00+00:00,2023-12-22 17:01:00+00:00,2023-12-27 09:55:00+00:00,2023-12-27 10:25:00+00:00,True
SEZHUK-231221-276281,CAUK000012,Tractor Unit,Curtain-Side 13.6M Trailer,L11 0JA,CV9 2SQ,53.462845,-2.896967,52.583936,-1.557171,2023-12-27 08:00:00+00:00,2023-12-27 08:01:00+00:00,2023-12-27 13:55:00+00:00,2023-12-27 14:25:00+00:00,True
SEZHUK-231221-276283,CAUK000155,Tractor Unit,Curtain-Side 13.6M Trailer,L11 0JA,MK4 4BX,53.462845,-2.896967,51.991461,-0.788494,2023-12-22 16:00:00+00:00,2023-12-22 16:01:00+00:00,2023-12-27 10:55:00+00:00,2023-12-27 11:25:00+00:00,True
SEZHUK-231221-276289,CAUK000863,Tractor Unit,Curtain-Side 13.6M Trailer,S80 3EG,RG2 0PN,53.295391,-1.066283,51.419654,-0.973301,2023-12-22 14:00:00+00:00,2023-12-22 14:56:00+00:00,2023-12-23 07:25:00+00:00,2023-12-23 08:47:00+00:00,True
SEZHUK-231221-276293,CAUK000876,Tractor Unit,Curtain-Side 13.6M Trailer,DE14 1PT,BT26 6JJ,52.811918,-1.630808,54.474078,-6.104285,2023-12-22 10:00:00+00:00,2023-12-28 07:00:00+00:00,2023-12-28 07:30:00+00:00,2023-12-28 08:00:00+00:00,True
SEZHUK-231221-276297,CAUK000863,Tractor Unit,Curtain-Side 13.6M Trailer,S80 3FY,RG2 0PN,53.293393,-1.074008,51.419654,-0.973301,2023-12-23 08:00:00+00:00,2023-12-23 08:59:00+00:00,2023-12-23 15:00:00+00:00,2023-12-23 15:30:00+00:00,False
SEZHUK-231221-276302,CAUK000863,Tractor Unit,Curtain-Side 13.6M Trailer,S80 3FY,RM19 1ND,53.293393,-1.074008,51.480755,0.261461,2023-12-23 06:00:00+00:00,2023-12-23 06:59:00+00:00,2023-12-23 09:55:00+00:00,2023-12-23 10:25:00+00:00,False
SEZHUK-231221-276323,CAUK001047,Tractor Unit,Curtain-Side 13.6M Trailer,S80 3EG,NP26 3TS,53.295391,-1.066283,51.571921,-2.862409,2023-12-22 17:00:00+00:00,2023-12-22 17:56:00+00:00,2023-12-23 06:55:00+00:00,2023-12-23 08:17:00+00:00,True
SEZHUK-231221-276324,CAUK000954,Tractor Unit,Curtain-Side 13.6M Trailer,S80 3EG,NP26 3TS,53.295391,-1.066283,51.571921,-2.862409,2023-12-22 16:00:00+00:00,2023-12-22 16:56:00+00:00,2023-12-23 08:55:00+00:00,2023-12-23 10:17:00+00:00,True
SEZHUK-231221-276326,CAUK001047,Tractor Unit,Curtain-Side 13.6M Trailer,S80 3EG,NP26 3TS,53.295391,-1.066283,51.571921,-2.862409,2023-12-22 15:30:00+00:00,2023-12-22 16:26:00+00:00,2023-12-23 09:25:00+00:00,2023-12-23 10:47:00+00:00,True
SEZHUK-231221-276331,CAUK000899,Tractor Unit,Curtain-Side 13.6M Trailer,GL16 8JB,S80 3EG,51.785961,-2.619676,53.295391,-1.066283,2023-12-22 04:32:00+00:00,2023-12-22 05:32:00+00:00,2023-12-22 11:00:00+00:00,2023-12-22 11:30:00+00:00,False
SEZHUK-231221-276332,CAUK000022,Tractor Unit,Curtain-Side 13.6M Trailer,GL16 8JB,S80 3EG,51.785961,-2.619676,53.295391,-1.066283,2023-12-22 05:02:00+00:00,2023-12-22 06:02:00+00:00,2023-12-22 11:30:00+00:00,2023-12-22 12:00:00+00:00,False
SEZHUK-231221-276334,CAUK000899,Tractor Unit,Curtain-Side 13.6M Trailer,GL16 8JB,S80 3EG,51.785961,-2.619676,53.295391,-1.066283,2023-12-22 07:02:00+00:00,2023-12-22 08:02:00+00:00,2023-12-22 13:30:00+00:00,2023-12-22 14:00:00+00:00,True
SEZHUK-231221-276339,CAUK000863,Tractor Unit,Curtain-Side 13.6M Trailer,GL16 8JB,S80 3EG,51.785961,-2.619676,53.295391,-1.066283,2023-12-22 10:32:00+00:00,2023-12-22 11:32:00+00:00,2023-12-22 17:00:00+00:00,2023-12-22 17:30:00+00:00,False
SEZHUK-231221-276343,CAUK000310,Tractor Unit,Curtain-Side 13.6M Trailer,GL16 8JB,S80 3EG,51.785961,-2.619676,53.295391,-1.066283,2023-12-22 20:00:00+00:00,2023-12-22 21:00:00+00:00,2023-12-23 02:00:00+00:00,2023-12-23 02:30:00+00:00,True
SEZHUK-231221-276348,CAUK001047,Tractor Unit,Curtain-Side 13.6M Trailer,GL16 8JB,S80 3EG,51.785961,-2.619676,53.295391,-1.066283,2023-12-22 06:02:00+00:00,2023-12-22 07:02:00+00:00,2023-12-22 12:30:00+00:00,2023-12-22 13:00:00+00:00,False
SEZHUK-231221-276349,CAUK001047,Tractor Unit,Curtain-Side 13.6M Trailer,GL16 8JB,S80 3EG,51.785961,-2.619676,53.295391,-1.066283,2023-12-22 14:02:00+00:00,2023-12-22 15:02:00+00:00,2023-12-22 20:30:00+00:00,2023-12-22 21:00:00+00:00,False
SEZHUK-231221-276352,CAUK001047,Tractor Unit,Curtain-Side 13.6M Trailer,GL16 8JB,S80 3EG,51.785961,-2.619676,53.295391,-1.066283,2023-12-22 18:02:00+00:00,2023-12-22 19:02:00+00:00,2023-12-23 00:30:00+00:00,2023-12-23 01:00:00+00:00,False
SEZHUK-231221-276353,CAUK001047,Tractor Unit,Curtain-Side 13.6M Trailer,GL16 8JB,S80 3EG,51.785961,-2.619676,53.295391,-1.066283,2023-12-22 19:32:00+00:00,2023-12-22 20:32:00+00:00,2023-12-23 02:00:00+00:00,2023-12-23 02:30:00+00:00,False
SEZHUK-231221-276355,CAUK001047,Tractor Unit,Curtain-Side 13.6M Trailer,GL16 8JB,S80 3EG,51.785961,-2.619676,53.295391,-1.066283,2023-12-22 13:32:00+00:00,2023-12-22 14:32:00+00:00,2023-12-22 20:00:00+00:00,2023-12-22 20:30:00+00:00,False
SEZHUK-231221-276356,CAUK001047,Tractor Unit,Curtain-Side 13.6M Trailer,GL16 8JB,S80 3EG,51.785961,-2.619676,53.295391,-1.066283,2023-12-22 18:32:00+00:00,2023-12-22 19:32:00+00:00,2023-12-23 01:00:00+00:00,2023-12-23 01:30:00+00:00,False
SEZHUK-231221-276358,CAUK001047,Tractor Unit,Curtain-Side 13.6M Trailer,GL16 8JB,S80 3EG,51.785961,-2.619676,53.295391,-1.066283,2023-12-22 20:32:00+00:00,2023-12-22 21:32:00+00:00,2023-12-23 03:00:00+00:00,2023-12-23 03:30:00+00:00,False
SEZHUK-231221-276364,CAUK000012,Tractor Unit,Curtain-Side 13.6M Trailer,L11 0JA,SN3 4DB,53.462845,-2.896967,51.579105,-1.718746,2023-12-27 07:00:00+00:00,2023-12-27 07:01:00+00:00,2023-12-27 15:25:00+00:00,2023-12-27 15:55:00+00:00,True
SEZHUK-231221-276365,CAUK000222,Tractor Unit,Curtain-Side 13.6M Trailer,L11 0JA,NN4 9BX,53.462845,-2.896967,52.219327,-0.954725,2023-12-23 19:00:00+00:00,2023-12-23 19:01:00+00:00,2023-12-27 07:55:00+00:00,2023-12-27 08:25:00+00:00,True
SEZHUK-231221-276369,CAUK000096,Tractor Unit,Curtain-Side 13.6M Trailer,LE19 1WY,LE19 1WY,52.601576,-1.18816,52.601576,-1.18816,2023-12-27 05:00:00+00:00,2023-12-27 05:30:00+00:00,2023-12-27 21:30:00+00:00,2023-12-27 22:00:00+00:00,True
SEZHUK-231221-276376,CAUK000096,Tractor Unit,Curtain-Side 13.6M Trailer,LE19 1WY,LE19 1WY,52.601576,-1.18816,52.601576,-1.18816,2023-12-27 04:00:00+00:00,2023-12-27 04:30:00+00:00,2023-12-27 21:30:00+00:00,2023-12-27 22:00:00+00:00,True
SEZHUK-231222-276487,CAUK000222,Tractor Unit,Curtain-Side 13.6M Trailer,L11 0JA,CV9 2SQ,53.462845,-2.896967,52.583936,-1.557171,2023-12-28 07:00:00+00:00,2023-12-28 07:01:00+00:00,2023-12-28 11:55:00+00:00,2023-12-28 12:25:00+00:00,False
SEZHUK-231222-276488,CAUK000155,Tractor Unit,Curtain-Side 13.6M Trailer,L11 0JA,ME11 5AR,53.462845,-2.896967,51.407822,0.761145,2023-12-27 09:00:00+00:00,2023-12-27 09:01:00+00:00,2023-12-28 09:55:00+00:00,2023-12-28 10:25:00+00:00,True
SEZHUK-231222-276490,CAUK000689,Tractor Unit,Curtain-Side 13.6M Trailer,L11 0JA,SN3 4FN,53.462845,-2.896967,51.595572,-1.740649,2023-12-27 10:00:00+00:00,2023-12-27 10:01:00+00:00,2023-12-28 07:55:00+00:00,2023-12-28 08:25:00+00:00,True
SEZHUK-231222-276491,CAUK000155,Tractor Unit,Curtain-Side 13.6M Trailer,L11 0JA,RH10 9EY,53.462845,-2.896967,51.132918,-0.175766,2023-12-27 10:00:00+00:00,2023-12-27 10:01:00+00:00,2023-12-28 11:01:00+00:00,2023-12-28 11:31:00+00:00,True
SEZHUK-231222-276492,CAUK000689,Tractor Unit,Curtain-Side 13.6M Trailer,L11 0JA,BS35 4DF,53.462845,-2.896967,51.543553,-2.648317,2023-12-27 08:00:00+00:00,2023-12-27 08:01:00+00:00,2023-12-28 06:25:00+00:00,2023-12-28 06:55:00+00:00,False
SEZHUK-231222-276497,CAUK000222,Tractor Unit,Curtain-Side 13.6M Trailer,L11 0JA,MK17 8DB,53.462845,-2.896967,52.03393,-0.67711,2023-12-28 12:00:00+00:00,2023-12-28 12:01:00+00:00,2023-12-28 17:55:00+00:00,2023-12-28 18:25:00+00:00,False
SEZHUK-231222-276499,CAUK000689,Tractor Unit,Curtain-Side 13.6M Trailer,DE14 2WT,CF31 3PH,52.800481,-1.663328,51.493134,-3.548898,2023-12-27 12:00:00+00:00,2023-12-28 09:00:00+00:00,2023-12-28 09:30:00+00:00,2023-12-28 10:00:00+00:00,True
SEZHUK-231222-276507,CAUK000863,Tractor Unit,Curtain-Side 13.6M Trailer,DE14 2WT,CH64 3TS,52.800481,-1.663328,53.30223,-3.061233,2023-12-27 15:32:00+00:00,2023-12-28 09:00:00+00:00,2023-12-28 08:30:00+00:00,2023-12-28 09:00:00+00:00,True
SEZHUK-231222-276511,CAUK000883,Tractor Unit,Curtain-Side 13.6M Trailer,L11 0JA,PL12 6LX,53.462845,-2.896967,50.417085,-4.234959,2023-12-23 03:00:00+00:00,2023-12-23 06:00:00+00:00,2023-12-27 11:25:00+00:00,2023-12-27 11:55:00+00:00,True
SEZHUK-231222-276513,CAUK000116,Tractor Unit,Curtain-Side 13.6M Trailer,L11 0JA,SP4 7GQ,53.462845,-2.896967,51.17534,-1.753679,2023-12-27 21:00:00+00:00,2023-12-27 21:01:00+00:00,2023-12-28 13:55:00+00:00,2023-12-28 14:25:00+00:00,False
SEZHUK-231222-276518,CAUK000428,Tractor Unit,Curtain-Side 13.6M Trailer,NN9 5DB,RM19 1ND,52.322608,-0.622401,51.479636,0.259274,2023-12-28 11:15:00+00:00,2023-12-28 11:30:00+00:00,2023-12-28 16:45:00+00:00,2023-12-28 17:00:00+00:00,False
SEZHUK-231222-276525,CAUK000446,Tractor Unit,Curtain-Side 13.6M Trailer,NN17 4AZ,LE17 4XY,52.507605,-0.693317,52.446945,-1.239652,2023-12-27 05:30:00+00:00,2023-12-27 05:45:00+00:00,2023-12-27 08:15:00+00:00,2023-12-27 08:30:00+00:00,False
SEZHUK-231222-276528,CAUK000115,26T Rigid,Curtain Side,LS10 1SL,CH62 4TG,53.771668,-1.514934,53.346913,-2.988986,2023-12-27 06:00:00+00:00,2023-12-27 06:30:00+00:00,2023-12-27 09:00:00+00:00,2023-12-27 10:00:00+00:00,True
SEZHUK-231222-276578,CAUK000390,Tractor Unit,Box 44ft,BD5 8LZ,HP2 7PZ,53.764125,-1.740145,51.771841,-0.439918,2023-12-23 18:20:00+00:00,2023-12-23 20:00:00+00:00,2023-12-24 05:00:00+00:00,2023-12-24 08:41:00+00:00,True
SEZHUK-231222-276594,CAUK000954,Tractor Unit,Curtain-Side 13.6M Trailer,GL3 4AJ,S80 3EG,51.843233,-2.170887,53.295391,-1.066283,2023-12-27 07:30:00+00:00,2023-12-27 08:30:00+00:00,2023-12-27 12:00:00+00:00,2023-12-27 12:30:00+00:00,True
SEZHUK-231222-276599,CAUK000883,Tractor Unit,Curtain-Side 13.6M Trailer,GL3 4AJ,S80 3EG,51.843233,-2.170887,53.295391,-1.066283,2023-12-27 16:00:00+00:00,2023-12-27 17:00:00+00:00,2023-12-27 20:30:00+00:00,2023-12-27 21:00:00+00:00,False
SEZHUK-231222-276601,CAUK000222,Tractor Unit,Curtain-Side 13.6M Trailer,GL3 4AJ,S80 3EG,51.843233,-2.170887,53.295391,-1.066283,2023-12-27 18:00:00+00:00,2023-12-27 19:00:00+00:00,2023-12-27 22:30:00+00:00,2023-12-27 23:00:00+00:00,True
SEZHUK-231222-276607,CAUK000222,Tractor Unit,Curtain-Side 13.6M Trailer,GL3 4AJ,S80 3EG,51.843233,-2.170887,53.295391,-1.066283,2023-12-27 20:00:00+00:00,2023-12-27 21:00:00+00:00,2023-12-28 00:30:00+00:00,2023-12-28 01:00:00+00:00,False
SEZHUK-231223-276612,CAUK000435,Tractor Unit,Box 44ft,BD5 8LZ,EN3 7QP,53.764125,-1.740145,51.659325,-0.021793,2023-12-24 01:20:00+00:00,2023-12-24 03:00:00+00:00,2023-12-24 07:03:00+00:00,2023-12-24 10:43:00+00:00,True
SEZHUK-231223-276621,CAUK001068,Tractor Unit,Box 44ft,BD5 8LZ,BS35 3UT,53.764125,-1.740145,51.602415,-2.522567,2023-12-24 03:20:00+00:00,2023-12-24 05:00:00+00:00,2023-12-24 10:15:00+00:00,2023-12-24 14:22:00+00:00,True
SEZHUK-231223-276623,CAUK000863,Tractor Unit,Box 44ft,BD5 8LZ,HP2 7PZ,53.764125,-1.740145,51.771841,-0.439918,2023-12-24 03:20:00+00:00,2023-12-24 05:00:00+00:00,2023-12-24 09:51:00+00:00,2023-12-24 12:46:00+00:00,True
SEZHUK-231223-276631,CAUK001039,Tractor Unit,Curtain-Side 13.6M Trailer,GL3 4AJ,S80 3EG,51.843233,-2.170887,53.295391,-1.066283,2023-12-27 07:00:00+00:00,2023-12-27 08:00:00+00:00,2023-12-27 11:30:00+00:00,2023-12-27 12:00:00+00:00,True
SEZHUK-231223-276632,CAUK000490,Tractor Unit,Box 44ft,BD5 8LZ,BS35 3UT,53.764125,-1.740145,51.602415,-2.522567,2023-12-27 01:20:00+00:00,2023-12-27 03:00:00+00:00,2023-12-27 08:15:00+00:00,2023-12-27 12:22:00+00:00,False
SEZHUK-231223-276638,CAUK001068,Tractor Unit,Box 44ft,BD5 8LZ,BS35 3UT,53.764125,-1.740145,51.602415,-2.522567,2023-12-27 03:20:00+00:00,2023-12-27 05:00:00+00:00,2023-12-27 10:15:00+00:00,2023-12-27 14:22:00+00:00,True
SEZHUK-231223-276641,CAUK001068,Tractor Unit,Box 44ft,BD5 8LZ,BS35 3UT,53.764125,-1.740145,51.602415,-2.522567,2023-12-27 03:20:00+00:00,2023-12-27 05:00:00+00:00,2023-12-27 10:15:00+00:00,2023-12-27 14:22:00+00:00,True
SEZHUK-231223-276649,CAUK000863,Tractor Unit,Box 44ft,BD5 8LZ,HP2 7PZ,53.764125,-1.740145,51.771841,-0.439918,2023-12-27 03:20:00+00:00,2023-12-27 05:00:00+00:00,2023-12-27 09:51:00+00:00,2023-12-27 12:46:00+00:00,True
SEZHUK-231223-276650,CAUK001068,Tractor Unit,Box 44ft,BD5 8LZ,HP2 7PZ,53.764125,-1.740145,51.771841,-0.439918,2023-12-27 03:20:00+00:00,2023-12-27 05:00:00+00:00,2023-12-27 09:51:00+00:00,2023-12-27 12:46:00+00:00,True
SEZHUK-231223-276661,CAUK000618,Tractor Unit,Box 44ft,BD5 8LZ,RG19 4BQ,53.764125,-1.740145,51.398851,-1.231993,2023-12-27 02:20:00+00:00,2023-12-27 04:00:00+00:00,2023-12-27 09:37:00+00:00,2023-12-27 12:33:00+00:00,True
SEZHUK-231223-276667,CAUK000435,Tractor Unit,Box 44ft,BD5 8LZ,EN3 7QP,53.764125,-1.740145,51.659325,-0.021793,2023-12-28 01:20:00+00:00,2023-12-28 03:00:00+00:00,2023-12-28 07:03:00+00:00,2023-12-28 10:43:00+00:00,True
SEZHUK-231223-276670,CAUK000660,Tractor Unit,Box 44ft,BD5 8LZ,HP2 7PZ,53.764125,-1.740145,51.771841,-0.439918,2023-12-27 16:20:00+00:00,2023-12-27 18:00:00+00:00,2023-12-28 05:00:00+00:00,2023-12-28 07:56:00+00:00,True
SEZHUK-231223-276672,CAUK000863,Tractor Unit,Box 44ft,BD5 8LZ,HP2 7PZ,53.764125,-1.740145,51.771841,-0.439918,2023-12-28 03:20:00+00:00,2023-12-28 05:00:00+00:00,2023-12-28 09:51:00+00:00,2023-12-28 12:46:00+00:00,True
SEZHUK-231223-276673,CAUK000618,Tractor Unit,Box 44ft,BD5 8LZ,HP2 7PZ,53.764125,-1.740145,51.771841,-0.439918,2023-12-28 02:20:00+00:00,2023-12-28 04:00:00+00:00,2023-12-28 08:51:00+00:00,2023-12-28 11:46:00+00:00,False
SEZHUK-231223-276675,CAUK000435,Tractor Unit,Box 44ft,BD5 8LZ,EN3 7QP,53.764125,-1.740145,51.659325,-0.021793,2023-12-29 01:20:00+00:00,2023-12-29 03:00:00+00:00,2023-12-29 07:03:00+00:00,2023-12-29 10:43:00+00:00,True
SEZHUK-231223-276677,CAUK000490,Tractor Unit,Box 44ft,BD5 8LZ,BS35 3UT,53.764125,-1.740145,51.602415,-2.522567,2023-12-29 01:20:00+00:00,2023-12-29 03:00:00+00:00,2023-12-29 08:15:00+00:00,2023-12-29 12:22:00+00:00,True
SEZHUK-231223-276684,CAUK000390,Tractor Unit,Box 44ft,BD5 8LZ,HP2 7PZ,53.764125,-1.740145,51.771841,-0.439918,2023-12-28 16:20:00+00:00,2023-12-28 18:00:00+00:00,2023-12-29 05:00:00+00:00,2023-12-29 07:56:00+00:00,True
SEZHUK-231223-276687,CAUK000814,Tractor Unit,Box 44ft,BD5 8LZ,RG19 4BQ,53.764125,-1.740145,51.398851,-1.231993,2023-12-28 00:20:00+00:00,2023-12-28 02:00:00+00:00,2023-12-28 07:37:00+00:00,2023-12-28 10:33:00+00:00,True
SEZHUK-231223-276688,CAUK000435,Tractor Unit,Box 44ft,BD5 8LZ,EN3 7QP,53.764125,-1.740145,51.659325,-0.021793,2023-12-27 01:20:00+00:00,2023-12-27 03:00:00+00:00,2023-12-27 07:03:00+00:00,2023-12-27 10:43:00+00:00,True
SEZHUK-231223-276689,CAUK001068,Tractor Unit,Box 44ft,BD5 8LZ,BS35 3UT,53.764125,-1.740145,51.602415,-2.522567,2023-12-29 03:20:00+00:00,2023-12-29 05:00:00+00:00,2023-12-29 10:15:00+00:00,2023-12-29 14:22:00+00:00,True
SEZHUK-231223-276692,CAUK000660,Tractor Unit,Box 44ft,BD5 8LZ,HP2 7PZ,53.764125,-1.740145,51.771841,-0.439918,2023-12-28 16:20:00+00:00,2023-12-28 18:00:00+00:00,2023-12-29 05:00:00+00:00,2023-12-29 07:56:00+00:00,True
SEZHUK-231223-276698,CAUK000766,Tractor Unit,Box 44ft,BD5 8LZ,HP2 7PZ,53.764125,-1.740145,51.771841,-0.439918,2023-12-27 01:20:00+00:00,2023-12-27 03:00:00+00:00,2023-12-27 07:51:00+00:00,2023-12-27 10:46:00+00:00,True
SEZHUK-231223-276701,CAUK001068,Tractor Unit,Box 44ft,BD5 8LZ,BS35 3UT,53.764125,-1.740145,51.602415,-2.522567,2023-12-29 03:20:00+00:00,2023-12-29 05:00:00+00:00,2023-12-29 10:15:00+00:00,2023-12-29 14:22:00+00:00,False
SEZHUK-231223-276712,CAUK000490,Tractor Unit,Box 44ft,BD5 8LZ,RG19 4BQ,53.764125,-1.740145,51.398851,-1.231993,2023-12-27 17:20:00+00:00,2023-12-27 19:00:00+00:00,2023-12-28 06:00:00+00:00,2023-12-28 08:56:00+00:00,False
SEZHUK-231223-276713,CAUK001068,Tractor Unit,Box 44ft,BD5 8LZ,BS35 3UT,53.764125,-1.740145,51.602415,-2.522567,2023-12-28 03:20:00+00:00,2023-12-28 05:00:00+00:00,2023-12-28 10:15:00+00:00,2023-12-28 14:22:00+00:00,True
SEZHUK-231223-276715,CAUK001068,Tractor Unit,Box 44ft,BD5 8LZ,RG19 4BQ,53.764125,-1.740145,51.398851,-1.231993,2023-12-30 03:20:00+00:00,2023-12-30 05:00:00+00:00,2023-12-30 10:37:00+00:00,2023-12-30 13:33:00+00:00,True
SEZHUK-231223-276717,CAUK001068,Tractor Unit,Box 44ft,BD5 8LZ,BS35 3UT,53.764125,-1.740145,51.602415,-2.522567,2023-12-28 03:20:00+00:00,2023-12-28 05:00:00+00:00,2023-12-28 10:15:00+00:00,2023-12-28 14:22:00+00:00,True
SEZHUK-231223-276721,CAUK000660,Tractor Unit,Box 44ft,BD5 8LZ,HP2 7PZ,53.764125,-1.740145,51.771841,-0.439918,2023-12-29 16:20:00+00:00,2023-12-29 18:00:00+00:00,2023-12-29 23:12:00+00:00,2023-12-30 02:07:00+00:00,False
SEZHUK-231223-276727,CAUK001068,Tractor Unit,Box 44ft,BD5 8LZ,BS35 3UT,53.764125,-1.740145,51.602415,-2.522567,2023-12-30 03:20:00+00:00,2023-12-30 05:00:00+00:00,2023-12-30 10:15:00+00:00,2023-12-30 14:22:00+00:00,True
SEZHUK-231223-276730,CAUK000863,Tractor Unit,Box 44ft,BD5 8LZ,HP2 7PZ,53.764125,-1.740145,51.771841,-0.439918,2023-12-30 03:20:00+00:00,2023-12-30 05:00:00+00:00,2023-12-30 09:51:00+00:00,2023-12-30 12:46:00+00:00,True
SEZHUK-231223-276731,CAUK000618,Tractor Unit,Box 44ft,BD5 8LZ,HP2 7PZ,53.764125,-1.740145,51.771841,-0.439918,2023-12-23 02:20:00+00:00,2023-12-23 04:00:00+00:00,2023-12-23 08:51:00+00:00,2023-12-23 11:46:00+00:00,False
SEZHUK-231224-276737,CAUK000282,Tractor Unit,Tractor Only 6x2,DN3 3FQ,DN3 3FQ,53.534344,-1.035929,53.534344,-1.035929,2023-12-27 06:00:00+00:00,2023-12-27 07:00:00+00:00,2023-12-27 17:00:00+00:00,2023-12-27 18:00:00+00:00,True
SEZHUK-231224-276738,CAUK000282,Tractor Unit,Tractor Only 6x2,DN3 3FQ,DN3 3FQ,53.534344,-1.035929,53.534344,-1.035929,2023-12-29 06:00:00+00:00,2023-12-29 07:00:00+00:00,2023-12-29 17:00:00+00:00,2023-12-29 18:00:00+00:00,True
SEZHUK-231224-276740,CAUK000282,Tractor Unit,Tractor Only 6x2,DN3 3FQ,DN3 3FQ,53.534344,-1.035929,53.534344,-1.035929,2023-12-29 06:00:00+00:00,2023-12-29 07:00:00+00:00,2023-12-29 17:00:00+00:00,2023-12-29 18:00:00+00:00,True
SEZHUK-231224-276741,CAUK000282,Tractor Unit,Tractor Only 6x2,DN3 3FQ,DN3 3FQ,53.534344,-1.035929,53.534344,-1.035929,2023-12-28 06:00:00+00:00,2023-12-28 07:00:00+00:00,2023-12-28 17:00:00+00:00,2023-12-28 18:00:00+00:00,True
SEZHUK-231224-276743,CAUK000282,Tractor Unit,Tractor Only 6x2,DN3 3FF,DN3 3FF,53.537695,-1.031761,53.537695,-1.031761,2023-12-28 06:00:00+00:00,2023-12-28 07:00:00+00:00,2023-12-28 17:00:00+00:00,2023-12-28 18:00:00+00:00,True
SEZHUK-231226-276770,CAUK000155,Tractor Unit,Curtain Side,CV23 8BQ,ML1 4UY,52.334853,-1.18045,55.825996,-3.989714,2023-12-27 16:00:00+00:00,2023-12-27 17:00:00+00:00,2023-12-27 23:00:00+00:00,2023-12-27 23:59:00+00:00,False
SEZHUK-231226-276771,CAUK000155,Tractor Unit,Curtain Side,CV23 8BQ,G75 0ZZ,52.334853,-1.18045,55.736183,-4.167971,2023-12-28 16:00:00+00:00,2023-12-28 17:00:00+00:00,2023-12-28 23:00:00+00:00,2023-12-28 23:59:00+00:00,False
SEZHUK-231226-276773,CAUK000155,Tractor Unit,Curtain Side,CV23,G75 0ZZ,52.404024,-1.241116,55.736183,-4.167971,2023-12-30 16:00:00+00:00,2023-12-30 17:00:00+00:00,2023-12-30 23:00:00+00:00,2023-12-30 23:59:00+00:00,False
SEZHUK-231227-276819,CAUK000770,Tractor Unit,Curtain-Side 13.6M Trailer,S80 3FY,RG2 0PN,53.293393,-1.074008,51.419654,-0.973301,2023-12-27 11:00:00+00:00,2023-12-27 11:59:00+00:00,2023-12-27 15:55:00+00:00,2023-12-27 16:25:00+00:00,False
SEZHUK-231227-276821,CAUK000222,Tractor Unit,Curtain-Side 13.6M Trailer,BS35 4GG,DY9 7DP,51.55257,-2.65344,52.458611,-2.12221,2023-12-28 09:00:00+00:00,2023-12-28 09:30:00+00:00,2023-12-28 15:30:00+00:00,2023-12-28 16:00:00+00:00,True
SEZHUK-231227-276822,CAUK000222,Tractor Unit,Curtain-Side 13.6M Trailer,CF37 5TF,BS11 9BT,51.572559,-3.291144,51.511084,-2.703002,2023-12-28 09:00:00+00:00,2023-12-28 09:30:00+00:00,2023-12-28 12:30:00+00:00,2023-12-28 13:00:00+00:00,True
SEZHUK-231227-276827,CAUK000222,Tractor Unit,Curtain-Side 13.6M Trailer,GL3 4AJ,S80 3EG,51.843233,-2.170887,53.295391,-1.066283,2023-12-27 22:00:00+00:00,2023-12-27 23:00:00+00:00,2023-12-28 05:30:00+00:00,2023-12-28 06:00:00+00:00,False
SEZHUK-231227-276835,CAUK000863,Tractor Unit,Curtain-Side 13.6M Trailer,DE14 2WT,WA5 3XA,52.800481,-1.663328,53.407297,-2.661854,2023-12-28 14:31:00+00:00,2023-12-29 08:00:00+00:00,2023-12-29 07:30:00+00:00,2023-12-29 08:00:00+00:00,True
SEZHUK-231227-276847,CAUK000431,Tractor Unit,Curtain-Side 13.6M Trailer,DE14 2WT,ML4 3QD,52.800481,-1.663328,55.82813,-4.041567,2023-12-28 11:59:00+00:00,2023-12-29 07:40:00+00:00,2023-12-29 07:10:00+00:00,2023-12-29 07:40:00+00:00,True
SEZHUK-231227-276860,CAUK000222,Tractor Unit,Curtain-Side 13.6M Trailer,L11 0JA,WV4 6UD,53.462845,-2.896967,52.560452,-2.099437,2023-12-29 10:00:00+00:00,2023-12-29 10:01:00+00:00,2023-12-29 17:55:00+00:00,2023-12-29 18:25:00+00:00,False
SEZHUK-231227-276861,CAUK000863,Tractor Unit,Curtain-Side 13.6M Trailer,L11 0JA,DE72 2HP,53.462845,-2.896967,52.867015,-1.314862,2023-12-28 15:00:00+00:00,2023-12-28 15:01:00+00:00,2023-12-29 05:55:00+00:00,2023-12-29 06:25:00+00:00,True
SEZHUK-231227-276865,CAUK000310,Tractor Unit,Curtain-Side 13.6M Trailer,L11 0JA,MK42 6EY,53.462845,-2.896967,52.093182,-0.475758,2023-12-29 15:00:00+00:00,2023-12-29 15:01:00+00:00,2023-12-29 22:55:00+00:00,2023-12-29 23:25:00+00:00,True
SEZHUK-231227-276870,CAUK000863,Tractor Unit,Curtain-Side 13.6M Trailer,L11 0JA,CM19 5BD,53.462845,-2.896967,51.762509,0.053285,2023-12-28 10:00:00+00:00,2023-12-28 10:01:00+00:00,2023-12-29 14:10:00+00:00,2023-12-29 14:40:00+00:00,True
SEZHUK-231227-276871,CAUK000894,Tractor Unit,Curtain-Side 13.6M Trailer,PE29 2XR,EH54 8QX,52.315672,-0.157664,55.896335,-3.53565,2023-12-28 15:00:00+00:00,2023-12-28 15:56:00+00:00,2023-12-29 12:30:00+00:00,2023-12-29 13:00:00+00:00,True
SEZHUK-231227-276885,CAUK000863,Tractor Unit,Curtain-Side 13.6M Trailer,S80 3FY,ST4 4EX,53.293393,-1.074008,52.986502,-2.182119,2023-12-27 13:33:45+00:00,2023-12-27 14:32:45+00:00,2023-12-27 15:55:00+00:00,2023-12-27 16:25:00+00:00,False
SEZHUK-231227-276886,CAUK000863,Tractor Unit,Curtain-Side 13.6M Trailer,CW10 0QJ,S80 3EG,53.186806,-2.426427,53.295391,-1.066283,2023-12-27 18:00:00+00:00,2023-12-27 18:56:00+00:00,2023-12-27 23:54:00+00:00,2023-12-28 00:24:00+00:00,True
SEZHUK-231227-276892,CAUK000155,Tractor Unit,Curtain-Side 13.6M Trailer,L11 0JA,DA17 6JY,53.462845,-2.896967,51.502211,0.154551,2023-12-29 08:00:00+00:00,2023-12-29 08:01:00+00:00,2023-12-29 17:55:00+00:00,2023-12-29 18:25:00+00:00,True
SEZHUK-231227-276894,CAUK000863,Tractor Unit,Curtain-Side 13.6M Trailer,L11 0JA,EN11 0EZ,53.462845,-2.896967,51.766224,0.009545,2023-12-28 19:00:00+00:00,2023-12-28 19:01:00+00:00,2023-12-29 02:55:00+00:00,2023-12-29 03:25:00+00:00,False
SEZHUK-231227-276907,CAUK000116,Tractor Unit,Curtain-Side 13.6M Trailer,S80 3FY,SP4 7GQ,53.293393,-1.074008,51.17534,-1.753679,2023-12-29 17:00:00+00:00,2023-12-29 17:59:00+00:00,2023-12-30 12:55:00+00:00,2023-12-30 13:25:00+00:00,True
SEZHUK-231227-276908,CAUK000310,Tractor Unit,Curtain-Side 13.6M Trailer,S80 3FY,SP4 7GQ,53.293393,-1.074008,51.17534,-1.753679,2023-12-30 06:00:00+00:00,2023-12-30 06:59:00+00:00,2023-12-30 13:55:00+00:00,2023-12-30 14:25:00+00:00,False
SEZHUK-231227-276910,CAUK000689,Tractor Unit,Curtain-Side 13.6M Trailer,S80 3FY,SP4 7GQ,53.293393,-1.074008,51.17534,-1.753679,2023-12-29 17:30:00+00:00,2023-12-29 18:30:00+00:00,2023-12-30 16:55:00+00:00,2023-12-30 17:25:00+00:00,True
SEZHUK-231227-276913,CAUK000863,Tractor Unit,Curtain-Side 13.6M Trailer,S80 3FY,EN11 0EZ,53.293393,-1.074008,51.766224,0.009545,2023-12-28 16:00:00+00:00,2023-12-28 16:59:00+00:00,2023-12-29 08:55:00+00:00,2023-12-29 09:25:00+00:00,True
SEZHUK-231227-276921,CAUK000863,Tractor Unit,Curtain-Side 13.6M Trailer,S80 3FY,DA2 6QA,53.293393,-1.074008,51.452153,0.265912,2023-12-29 11:00:00+00:00,2023-12-29 11:59:00+00:00,2023-12-29 18:55:00+00:00,2023-12-29 19:25:00+00:00,True
SEZHUK-231227-276971,CAUK000224,Tractor Unit,Curtain-Side 13.6M Trailer,S80 3EG,RM19 1ND,53.295391,-1.066283,51.480755,0.261461,2023-12-29 15:00:00+00:00,2023-12-29 15:56:00+00:00,2023-12-30 08:25:00+00:00,2023-12-30 09:47:00+00:00,True
SEZHUK-231227-276973,CAUK000689,Tractor Unit,Curtain-Side 13.6M Trailer,S80 3FY,SP4 7GQ,53.293393,-1.074008,51.17534,-1.753679,2023-12-29 17:30:00+00:00,2023-12-29 18:30:00+00:00,2023-12-30 16:55:00+00:00,2023-12-30 17:25:00+00:00,True
SEZHUK-231227-276980,CAUK000954,Tractor Unit,Curtain-Side 13.6M Trailer,GL3 4AJ,S80 3EG,51.843233,-2.170887,53.295391,-1.066283,2023-12-28 06:00:00+00:00,2023-12-28 07:00:00+00:00,2023-12-28 11:30:00+00:00,2023-12-28 12:00:00+00:00,True
SEZHUK-231227-276991,CAUK000863,Tractor Unit,Curtain-Side 13.6M Trailer,GL3 4AJ,S80 3EG,51.843233,-2.170887,53.295391,-1.066283,2023-12-28 12:00:00+00:00,2023-12-28 13:00:00+00:00,2023-12-28 17:30:00+00:00,2023-12-28 18:00:00+00:00,True
SEZHUK-231227-276992,CAUK000954,Tractor Unit,Curtain-Side 13.6M Trailer,GL3 4AJ,S80 3EG,51.843233,-2.170887,53.295391,-1.066283,2023-12-28 14:00:00+00:00,2023-12-28 15:00:00+00:00,2023-12-28 19:30:00+00:00,2023-12-28 20:00:00+00:00,True
SEZHUK-231227-276996,CAUK000863,Tractor Unit,Curtain-Side 13.6M Trailer,GL3 4AJ,S80 3EG,51.843233,-2.170887,53.295391,-1.066283,2023-12-28 13:00:00+00:00,2023-12-28 14:00:00+00:00,2023-12-28 18:30:00+00:00,2023-12-28 19:00:00+00:00,True
SEZHUK-231227-277003,CAUK000863,Tractor Unit,Curtain-Side 13.6M Trailer,GL3 4AJ,S80 3EG,51.843233,-2.170887,53.295391,-1.066283,2023-12-28 14:00:00+00:00,2023-12-28 15:00:00+00:00,2023-12-28 19:30:00+00:00,2023-12-28 20:00:00+00:00,True
SEZHUK-231227-277007,CAUK000863,Tractor Unit,Curtain-Side 13.6M Trailer,GL3 4AJ,S80 3EG,51.843233,-2.170887,53.295391,-1.066283,2023-12-28 15:00:00+00:00,2023-12-28 16:00:00+00:00,2023-12-28 20:30:00+00:00,2023-12-28 21:00:00+00:00,True
SEZHUK-231227-277014,CAUK000863,Tractor Unit,Curtain-Side 13.6M Trailer,GL3 4AJ,S80 3EG,51.843233,-2.170887,53.295391,-1.066283,2023-12-28 22:00:00+00:00,2023-12-28 23:00:00+00:00,2023-12-29 03:30:00+00:00,2023-12-29 04:00:00+00:00,True
SEZHUK-231228-277041,CAUK000034,Tractor Unit,Curtain-Side 13.6M Trailer,SK14 4UQ,LE19 1WY,53.463745,-2.05803,52.601576,-1.18816,2023-12-28 10:00:00+00:00,2023-12-28 10:30:00+00:00,2023-12-28 16:30:00+00:00,2023-12-28 17:00:00+00:00,True
SEZHUK-231228-277047,CAUK000155,Tractor Unit,Curtain-Side 13.6M Trailer,LS10 1SL,DA14 5DF,53.771668,-1.514934,51.415995,0.118003,2023-12-29 00:30:00+00:00,2023-12-29 01:00:00+00:00,2023-12-29 08:00:00+00:00,2023-12-29 08:30:00+00:00,True
SEZHUK-231228-277073,CAUK000954,Tractor Unit,Curtain-Side 13.6M Trailer,S80 3EG,RG2 0PN,53.295391,-1.066283,51.419654,-0.973301,2023-12-29 17:00:00+00:00,2023-12-29 17:56:00+00:00,2023-12-30 10:55:00+00:00,2023-12-30 12:17:00+00:00,True
SEZHUK-231228-277076,CAUK000689,Tractor Unit,Curtain-Side 13.6M Trailer,S80 3EG,RG2 0PN,53.295391,-1.066283,51.419654,-0.973301,2023-12-30 06:00:00+00:00,2023-12-30 06:56:00+00:00,2023-12-30 10:26:10+00:00,2023-12-30 11:48:10+00:00,True
SEZHUK-231228-277077,CAUK000689,Tractor Unit,Curtain-Side 13.6M Trailer,S80 3EG,RG2 0PN,53.295391,-1.066283,51.419654,-0.973301,2023-12-29 16:00:00+00:00,2023-12-29 16:56:00+00:00,2023-12-30 09:25:00+00:00,2023-12-30 10:47:00+00:00,True
SEZHUK-231228-277293,CAUK000954,Tractor Unit,Curtain-Side 13.6M Trailer,GL3 4AJ,S80 3EG,51.843233,-2.170887,53.295391,-1.066283,2023-12-29 06:00:00+00:00,2023-12-29 07:00:00+00:00,2023-12-29 11:30:00+00:00,2023-12-29 12:00:00+00:00,True
SEZHUK-231228-277305,CAUK000222,Tractor Unit,Curtain-Side 13.6M Trailer,GL3 4AJ,S80 3EG,51.843233,-2.170887,53.295391,-1.066283,2023-12-29 23:30:00+00:00,2023-12-30 00:30:00+00:00,2023-12-30 05:00:00+00:00,2023-12-30 05:30:00+00:00,False
SEZHUK-231228-277309,CAUK000689,Tractor Unit,Curtain-Side 13.6M Trailer,GL3 4AJ,S80 3EG,51.843233,-2.170887,53.295391,-1.066283,2023-12-29 09:00:00+00:00,2023-12-29 10:00:00+00:00,2023-12-29 14:30:00+00:00,2023-12-29 15:00:00+00:00,True
SEZHUK-231228-277310,CAUK000222,Tractor Unit,Curtain-Side 13.6M Trailer,GL3 4AJ,S80 3EG,51.843233,-2.170887,53.295391,-1.066283,2023-12-29 11:00:00+00:00,2023-12-29 12:00:00+00:00,2023-12-29 16:30:00+00:00,2023-12-29 17:00:00+00:00,False
SEZHUK-231228-277312,CAUK000863,Tractor Unit,Curtain-Side 13.6M Trailer,GL3 4AJ,S80 3EG,51.843233,-2.170887,53.295391,-1.066283,2023-12-29 12:00:00+00:00,2023-12-29 13:00:00+00:00,2023-12-29 17:30:00+00:00,2023-12-29 18:00:00+00:00,True
SEZHUK-231228-277315,CAUK000689,Tractor Unit,Curtain-Side 13.6M Trailer,GL3 4AJ,S80 3EG,51.843233,-2.170887,53.295391,-1.066283,2023-12-29 09:00:00+00:00,2023-12-29 10:00:00+00:00,2023-12-29 14:30:00+00:00,2023-12-29 15:00:00+00:00,False
SEZHUK-231228-277382,CAUK000863,Tractor Unit,Curtain-Side 13.6M Trailer,GL3 4AJ,S80 3EG,51.843233,-2.170887,53.295391,-1.066283,2023-12-29 13:00:00+00:00,2023-12-29 14:00:00+00:00,2023-12-29 18:30:00+00:00,2023-12-29 19:00:00+00:00,False
SEZHUK-231228-277383,CAUK000863,Tractor Unit,Curtain-Side 13.6M Trailer,GL3 4AJ,S80 3EG,51.843233,-2.170887,53.295391,-1.066283,2023-12-29 17:00:00+00:00,2023-12-29 18:00:00+00:00,2023-12-29 22:30:00+00:00,2023-12-29 23:00:00+00:00,True
SEZHUK-231228-277384,CAUK000034,Tractor Unit,Curtain-Side 13.6M Trailer,GL3 4AJ,S80 3EG,51.843233,-2.170887,53.295391,-1.066283,2023-12-29 12:00:00+00:00,2023-12-29 13:00:00+00:00,2023-12-29 17:30:00+00:00,2023-12-29 18:00:00+00:00,True
SEZHUK-231228-277386,CAUK000863,Tractor Unit,Curtain-Side 13.6M Trailer,GL3 4AJ,S80 3EG,51.843233,-2.170887,53.295391,-1.066283,2023-12-29 18:00:00+00:00,2023-12-29 19:00:00+00:00,2023-12-29 23:31:00+00:00,2023-12-30 00:01:00+00:00,True
